Agency,City,Vehicles Involved,Trailers Involved,Number Injured,Number Dead,Number Deer,House Number,Roadway Interchange,Roadway Ramp,Roadway Id,Intersecting Road,Interchange,Feet From,Direction,Latitude,Longitude,Roadway Class,Hit and Run?,Locality,School Zone?,Rumble Strips?,Construction?,Construction Type,Light Condition,Weather Conditions,Surface Condition,Type of Median,Roadway Junction Type,Road Character,Roadway Surface,Primary Factor,Manner of Collision,Unique Location Id,Traffic Control,DateTime,Address Number,Cyclist Involved,Pedestrian Involved
BLOOMINGTON PD,BLOOMINGTON,3,0.0,1.0,0.0,0.0,,,,ST RD 45,N PETE LLIS DR,,100.0,W,39.171504,-86.495312,LOCAL/CITY RD,N,URBAN,N,N,N,,DAYLIGHT,CLEAR,DRY,,FOUR-WAY INTERSECTION,STRAIGHT/GRADE,ASPHALT,FOLLOWING TOO CLOSELY,REAR END,E 10THSTNPETEELLISDR,TRAFFIC CONTROL SIGNAL,2019-01-14 16:06:00,,,
ELLETTSVILLE PD,ELLETTSVILLE,2,0.0,0.0,0.0,0.0,,,,ST RD 46,N UNION VALLEY RD,,,,39.215152,-86.5928,ST RD,N,URBAN,N,N,N,,DAYLIGHT,CLEAR,LOOSE MATERIAL ON RD,,FOUR-WAY INTERSECTION,STRAIGHT/GRADE,ASPHALT,FOLLOWING TOO CLOSELY,REAR END,ST RD 46 WUNIONVALLEYRD,TRAFFIC CONTROL SIGNAL,2019-01-14 09:01:00,,,
ISP BLOOMINGTON 33,BLOOMINGTON,2,1.0,0.0,0.0,0.0,,,,ST RD 46,I-69 S,Y,,,39.19444812,-86.57195242,ST RD,Y,RURAL,N,N,N,,DAYLIGHT,CLEAR,DRY,,T-INTERSECTION,STRAIGHT/GRADE,ASPHALT,UNSAFE BACKING,BACKING CRASH,CURRYPKST RD 46,LN CONTROL,2019-01-14 08:20:00,,,
BLOOMINGTON PD,BLOOMINGTON,1,0.0,0.0,0.0,0.0,,,,E 3RD,S JEFFERSON ST,,,,39.164304,-86.506992,LOCAL/CITY RD,N,URBAN,N,N,N,,DAYLIGHT,CLEAR,DRY,,T-INTERSECTION,STRAIGHT/LEVEL,ASPHALT,RAN OFF RD RIGHT,RAN OFF RD,EAST3RDSTSOUTHJEFFERSONST,NONE,2019-01-14 13:55:00,,,
BLOOMINGTON PD,BLOOMINGTON,2,0.0,0.0,0.0,0.0,105.0,,,E WILSON,S WASHINGTON ST,,40.0,W,39.15159,-86.53282653,LOCAL/CITY RD,Y,URBAN,N,N,N,,DAYLIGHT,CLEAR,DRY,,NO JUNCTION INVOLVED,STRAIGHT/LEVEL,ASPHALT,,,105EWILSONST1400SWASHINGTONST,NONE,2019-01-14 08:30:00,,,
MONROE SD,BLOOMINGTON,2,1.0,1.0,0.0,0.0,,,,S CURRY,W DOYLE AVE,,50.0,N,39.158352,-86.582752,LOCAL/CITY RD,N,RURAL,N,N,N,,DAYLIGHT,CLEAR,DRY,,NO JUNCTION INVOLVED,STRAIGHT/GRADE,ASPHALT,FOLLOWING TOO CLOSELY,RIGHT TURN,DOYLEAVESOUTHCURRYPK,NONE,2019-01-14 07:47:00,,,
INDIANA UNIV BLOOMINGTON PD,BLOOMINGTON,2,0.0,0.0,0.0,0.0,,,,E 10TH,ST RD 45/46,,100.0,S,39.16120362,-86.502535,LOCAL/CITY RD,N,URBAN,N,N,N,,DAYLIGHT,CLOUDY,WET,,RAILRD CROSSINGS,STRAIGHT/GRADE,ASPHALT,DRIVER DISTRACTED - EXPLAIN IN NARRATIVE,REAR END,10THST4546BYP,RR CROSSING CROSSBUCKS WITH YIELD SIGN,2019-01-15 15:10:00,,,
INDIANA UNIV BLOOMINGTON PD,BLOOMINGTON,2,0.0,0.0,0.0,0.0,,,,ST RD 45/46,E 10TH ST,,,,0.0,0.0,ST RD,N,URBAN,N,N,N,,DAYLIGHT,CLOUDY,DRY,,FOUR-WAY INTERSECTION,STRAIGHT/LEVEL,ASPHALT,FOLLOWING TOO CLOSELY,REAR END,ST RD 45 WTENTHST,TRAFFIC CONTROL SIGNAL,2019-01-15 12:05:00,,,
INDIANA UNIV BLOOMINGTON PD,BLOOMINGTON,1,0.0,1.0,0.0,0.0,,,,E 3RD,S EAGLESON AVE,,,,39.164315,-86.51655,LOCAL/CITY RD,N,URBAN,N,N,N,,DAYLIGHT,CLOUDY,DRY,,FOUR-WAY INTERSECTION,STRAIGHT/LEVEL,ASPHALT,UNSAFE LN MOVEMENT,RIGHT TURN,EAGLESON AVEAVE 3RDST,TRAFFIC CONTROL SIGNAL,2019-01-15 12:11:00,,True,
INDIANA UNIV BLOOMINGTON PD,BLOOMINGTON,2,0.0,1.0,0.0,0.0,,,,E 7TH,N EAGLESON AVE,,,,39.168944,-86.516016,LOCAL/CITY RD,N,URBAN,N,N,N,,DAYLIGHT,CLOUDY,WET,,FOUR-WAY INTERSECTION,STRAIGHT/GRADE,ASPHALT,DRIVER DISTRACTED - EXPLAIN IN NARRATIVE,REAR END,7THSTEAGLESON AVEAVE,STOP SIGN,2019-01-15 13:29:00,,,
BLOOMINGTON PD,BLOOMINGTON,2,0.0,0.0,0.0,0.0,,,,S HENDERSON,E N DR,,,,39.144848,-86.526848,LOCAL/CITY RD,N,URBAN,Y,N,N,,DAWN/DUSK,CLOUDY,DRY,,FOUR-WAY INTERSECTION,STRAIGHT/LEVEL,ASPHALT,FAILURE TO YIELD RIGHT OF WAY,RIGHT ANGLE,HENDERSONSTNORTHDR,STOP SIGN,2019-01-15 07:59:00,,,
MONROE SD,BLOOMINGTON,1,0.0,0.0,0.0,0.0,,,,W FULLERTON,S LEONARD SPRINGS RD,,100.0,E,39.123376,-86.582592,LOCAL/CITY RD,N,RURAL,N,N,N,,DAYLIGHT,CLOUDY,DRY,,NO JUNCTION INVOLVED,STRAIGHT/GRADE,ASPHALT,RAN OFF RD RIGHT,RAN OFF RD,SOUTHLEONARDSPRINGSRDWESTFULLERTONPK,NONE,2019-01-15 08:44:00,,,
BLOOMINGTON PD,BLOOMINGTON,2,0.0,0.0,0.0,0.0,,,,S COLLEGE,W 2ND ST,,100.0,W,39.16144,-86.534848,LOCAL/CITY RD,N,URBAN,N,N,N,,DAYLIGHT,CLEAR,DRY,,FOUR-WAY INTERSECTION,STRAIGHT/LEVEL,ASPHALT,FAILURE TO YIELD RIGHT OF WAY,RIGHT ANGLE,SCOLLEGEAVEW 2NDST,NONE,2019-01-16 17:00:00,,,
ISP BLOOMINGTON 33,BLOOMINGTON,2,0.0,0.0,0.0,0.0,,,,ST RD 45/46,N MONROE ST,,,,39.186944,-86.5468,ST RD,N,URBAN,N,N,N,,DAWN/DUSK,CLOUDY,WET,,FOUR-WAY INTERSECTION,STRAIGHT/GRADE,CONCRETE,FAILURE TO YIELD RIGHT OF WAY,LEFT TURN,NMONROESTST RD 45,LN CONTROL,2019-01-16 08:00:00,,,
MONROE SD,BLOOMINGTON,1,0.0,1.0,0.0,0.0,,,,N HINKLE,E BETHEL LN,,1500.0,S,39.05400808,-86.50541,LOCAL/CITY RD,N,RURAL,N,Y,N,,DARK (NOT LIGHTED),RAIN,WET,,NO JUNCTION INVOLVED,CURVE/GRADE,ASPHALT,RAN OFF RD RIGHT,RAN OFF RD,EBETHELNNHINKLERD,NONE,2019-01-16 20:42:00,,,
MONROE SD,BLOOMINGTON,1,0.0,0.0,0.0,0.0,,,,S ROCKPORT,,,,,39.002752,-86.59,LOCAL/CITY RD,N,RURAL,N,N,N,,DARK (NOT LIGHTED),SLEET/HAIL/FREEZING RAIN,WET,,NO JUNCTION INVOLVED,CURVE/GRADE,ASPHALT,HOLES/RUTS IN SURFACE,COLLISION WITH OBJECT IN RD,POPCORNRDSROCKPORTRD,NONE,2019-01-16 06:58:00,,,
MONROE SD,BLOOMINGTON,2,0.0,0.0,0.0,0.0,,,,ST RD 46,W FORREST PARK DR,,,,39.212048,-86.5872,ST RD,N,RURAL,N,N,N,,DAYLIGHT,CLOUDY,WET,,FOUR-WAY INTERSECTION,STRAIGHT/LEVEL,ASPHALT,FAILURE TO YIELD RIGHT OF WAY,LEFT TURN,ST RD 46 WWFORESTPARKDR,NONE,2019-01-16 15:15:00,,,
BLOOMINGTON PD,BLOOMINGTON,2,0.0,0.0,0.0,0.0,,,,W 3RD,ENTRANCE TO KROGER,,,,0.0,0.0,LOCAL/CITY RD,N,URBAN,N,N,N,,DAYLIGHT,CLOUDY,DRY,,T-INTERSECTION,STRAIGHT/LEVEL,ASPHALT,FAILURE TO YIELD RIGHT OF WAY,RIGHT ANGLE,ENTTOKROGERWESTDRW 3RDST,STOP SIGN,2019-01-16 12:49:00,,,
MONROE SD,BLOOMINGTON,2,0.0,0.0,0.0,0.0,,,,ST RD 45,S LIBERTY DR ,,100.0,W,39.14499486,-86.57788929,UNKNOWN,N,RURAL,N,N,N,,DARK (LIGHTED),CLEAR,WET,,Y-INTERSECTION,CURVE/LEVEL,ASPHALT,FOLLOWING TOO CLOSELY,REAR END,LIBERTYDRWSTATERD45HWY,YIELD SIGN,2019-01-17 21:49:00,,,
BLOOMINGTON PD,BLOOMINGTON,2,0.0,0.0,0.0,0.0,,,,S CURRY,ST RD 48,,,,39.164544,-86.560096,LOCAL/CITY RD,N,URBAN,N,N,N,,DARK (LIGHTED),CLOUDY,WET,,FOUR-WAY INTERSECTION,STRAIGHT/LEVEL,ASPHALT,FOLLOWING TOO CLOSELY,REAR END,SCURRYPKW 3RDST,TRAFFIC CONTROL SIGNAL,2019-01-17 21:10:00,,,
INDIANA UNIV BLOOMINGTON PD,BLOOMINGTON,2,0.0,0.0,0.0,0.0,,,,E 3RD,S INDIANA AVE,,,,39.164448,-86.5268,LOCAL/CITY RD,Y,URBAN,N,N,N,,DAYLIGHT,CLOUDY,WET,,FOUR-WAY INTERSECTION,STRAIGHT/LEVEL,ASPHALT,UNSAFE LN MOVEMENT,RIGHT TURN,3RDSTSINDIANAAVE,TRAFFIC CONTROL SIGNAL,2019-01-17 11:10:00,,,
BLOOMINGTON PD,BLOOMINGTON,2,0.0,0.0,0.0,0.0,,,,S WALNUT,E MILLER DR,,200.0,S,39.12575068,-86.53265,LOCAL/CITY RD,N,URBAN,N,N,N,,DARK (LIGHTED),CLEAR,DRY,,NO JUNCTION INVOLVED,STRAIGHT/LEVEL,ASPHALT,FAILURE TO YIELD RIGHT OF WAY,LEFT TURN,EMILLERDRSWALNUTST,NONE,2019-01-17 19:29:00,,,
BLOOMINGTON PD,BLOOMINGTON,2,0.0,0.0,0.0,0.0,,,,E MOORES,S SMITH RD,,,,39.15022,-86.48046,LOCAL/CITY RD,Y,URBAN,N,N,N,,DARK (LIGHTED),CLEAR,WET,,NO JUNCTION INVOLVED,STRAIGHT/LEVEL,ASPHALT,FAILURE TO YIELD RIGHT OF WAY,REAR END,MOORESPKSMITHRD,STOP SIGN,2019-01-17 00:15:00,,,
MONROE SD,BLOOMINGTON,2,0.0,0.0,0.0,0.0,,,,W ARLINGTON,N STONEYBROOK BLVD,,1000.0,E,39.20197,-86.56177656,COUNTY RD,N,RURAL,N,N,N,,DAYLIGHT,CLOUDY,WET,,NO JUNCTION INVOLVED,STRAIGHT/GRADE,ASPHALT,FOLLOWING TOO CLOSELY,REAR END,ARLINGTONRDSTONEYBROOKBLVD,NONE,2019-01-17 15:25:00,,,
ELLETTSVILLE PD,ELLETTSVILLE,1,0.0,0.0,0.0,0.0,640.0,,,W TECUMSEH,N THOMAS RD,,130.0,W,39.222848,-86.63048,LOCAL/CITY RD,N,URBAN,N,N,N,,DAYLIGHT,CLEAR,WET,,T-INTERSECTION,STRAIGHT/LEVEL,ASPHALT,BRAKE FAILURE OR DEFECTIVE,RAN OFF RD,WTECUMSEHDR,NONE,2019-01-17 16:06:00,,,
INDIANA UNIV BLOOMINGTON PD,BLOOMINGTON,2,0.0,0.0,0.0,0.0,,,,ST RD 45/46,E 17TH ST,,,,39.17984,-86.507088,LOCAL/CITY RD,N,URBAN,N,N,N,,DAWN/DUSK,CLEAR,DRY,,T-INTERSECTION,STRAIGHT/GRADE,ASPHALT,FOLLOWING TOO CLOSELY,REAR END,EAST17THSTST RD 46,TRAFFIC CONTROL SIGNAL,2019-01-18 17:41:00,,,
BLOOMINGTON PD,BLOOMINGTON,2,0.0,0.0,0.0,0.0,,,,W 17TH,N MADISON ST,,,,39.178992,-86.537792,LOCAL/CITY RD,Y,URBAN,N,N,N,,DARK (LIGHTED),CLOUDY,DRY,,NO JUNCTION INVOLVED,STRAIGHT/LEVEL,ASPHALT,FAILURE TO YIELD RIGHT OF WAY,RIGHT ANGLE,17THSTMADISONAVE,TRAFFIC CONTROL SIGNAL,2019-01-18 00:45:00,,,
INDIANA UNIV BLOOMINGTON PD,BLOOMINGTON,1,0.0,1.0,0.0,0.0,,,,E 10TH,N EAGLESON AVE,,,,39.171385,-86.51568,LOCAL/CITY RD,Y,URBAN,N,N,N,,DAYLIGHT,CLEAR,DRY,,FOUR-WAY INTERSECTION,STRAIGHT/LEVEL,ASPHALT,OTHER (VEHICLE) - EXPLAIN IN NARRATIVE,OTHER - EXPLAIN IN NARRATIVE,EAGLESON AVEAVETENTHST,TRAFFIC CONTROL SIGNAL,2019-01-18 15:00:00,,,
ELLETTSVILLE PD,ELLETTSVILLE,3,0.0,0.0,0.0,0.0,,,,ST RD 46,N HARTSTRAIT RD,,,,39.22766,-86.61594,ST RD,N,URBAN,N,N,N,,DAWN/DUSK,CLEAR,DRY,,NO JUNCTION INVOLVED,STRAIGHT/LEVEL,ASPHALT,BRAKE FAILURE OR DEFECTIVE,REAR END,HARTSTRAIGHTRDST RD 46 W,TRAFFIC CONTROL SIGNAL,2019-01-18 07:48:00,,,
ELLETTSVILLE PD,ELLETTSVILLE,2,0.0,0.0,0.0,0.0,,,,ST RD 46,N SALE ST,,75.0,W,39.23393299,-86.62494035,ST RD,N,URBAN,N,N,N,,DAYLIGHT,CLEAR,DRY,,NO JUNCTION INVOLVED,STRAIGHT/LEVEL,ASPHALT,IMPROPER TURNING,SAME DIRECTION SIDESWIPE,SALESTST RD 46 W,NONE,2019-01-18 11:19:00,,,
MONROE SD,BLOOMINGTON,2,0.0,0.0,0.0,0.0,,,,N CURRY,S WELMIR DR,,,,39.16687,-86.58295,COUNTY RD,N,URBAN,N,N,N,,DAYLIGHT,CLEAR,DRY,,NO JUNCTION INVOLVED,STRAIGHT/LEVEL,ASPHALT,OTHER (DRIVER) - EXPLAIN IN NARRATIVE,REAR END,NCURRYPKSWELMIRDR,NONE,2019-01-18 14:16:00,,,
BLOOMINGTON PD,BLOOMINGTON,2,0.0,0.0,0.0,0.0,,,,S FAIRVIEW,E HOWE ST,,,,39.162432,-86.5408,LOCAL/CITY RD,Y,URBAN,N,N,N,,UNKNOWN,CLEAR,DRY,,FOUR-WAY INTERSECTION,STRAIGHT/LEVEL,ASPHALT,UNSAFE BACKING,BACKING CRASH,EHOWESTSFAIRVIEWST,NONE,2019-01-18 16:47:00,,,
BLOOMINGTON PD,BLOOMINGTON,1,0.0,0.0,0.0,0.0,,,,S LEONARD SPRINGS,W CEDAR CHASE DR,,100.0,S,39.131648,-86.582496,LOCAL/CITY RD,N,URBAN,N,N,N,,DAYLIGHT,CLEAR,DRY,,NO JUNCTION INVOLVED,STRAIGHT/LEVEL,ASPHALT,IMPROPER LN USAGE,RAN OFF RD,SLEONARDSPRINGSRDWCEDARCHASEDR,NONE,2019-01-18 15:43:00,,,
INDIANA UNIV BLOOMINGTON PD,BLOOMINGTON,2,0.0,0.0,0.0,0.0,,,,ST RD 45/46,E 10TH ST,,,,0.0,0.0,LOCAL/CITY RD,N,URBAN,N,N,N,,DARK (LIGHTED),SNOW,ICE,,FOUR-WAY INTERSECTION,STRAIGHT/LEVEL,ASPHALT,SPEED TOO FAST FOR WEATHER CONDITIONS,REAR END,ST RD 46UNIONVILLERD,TRAFFIC CONTROL SIGNAL,2019-01-19 19:15:00,,,
ELLETTSVILLE PD,ELLETTSVILLE,2,0.0,0.0,0.0,0.0,,,,N UNION VALLEY,ST RD 46,,,,39.215152,-86.5928,COUNTY RD,N,URBAN,N,N,N,,DAYLIGHT,RAIN,WET,,NO JUNCTION INVOLVED,STRAIGHT/LEVEL,ASPHALT,LEFT OF CENTER,LEFT TURN,UNIONVALLEYRDWESTSTATERD46ST,LN CONTROL,2019-01-19 11:21:00,,,
INDIANA UNIV BLOOMINGTON PD,BLOOMINGTON,2,0.0,1.0,0.0,0.0,,,,N EAGLESON AVE,E 10TH ST,,,,39.171385,-86.51568,LOCAL/CITY RD,N,URBAN,N,N,N,,DARK (LIGHTED),SNOW,SNOW/SLUSH,,FOUR-WAY INTERSECTION,CURVE/LEVEL,ASPHALT,SPEED TOO FAST FOR WEATHER CONDITIONS,RIGHT ANGLE,EAGLESON AVEAVETENTHST,TRAFFIC CONTROL SIGNAL,2019-01-19 19:44:00,,,
BLOOMINGTON PD,BLOOMINGTON,2,0.0,0.0,0.0,0.0,,,,N WALNUT,W ST RD 37,,,,39.20704,-86.534704,LOCAL/CITY RD,N,URBAN,N,N,N,,DAYLIGHT,RAIN,WET,,T-INTERSECTION,STRAIGHT/LEVEL,ASPHALT,IMPROPER TURNING,LEFT TURN,NOLDSTATERD37STNWALNUTST,NONE,2019-01-19 10:46:00,,,
DNR LAW ENFORCEMENT,BLOOMINGTON,3,0.0,1.0,0.0,0.0,,,,S WALNUT,S FAIRFAX RD,,600.0,S,39.04390624,-86.53149,ST RD,N,RURAL,N,N,N,,DARK (NOT LIGHTED),SNOW,ICE,,NO JUNCTION INVOLVED,STRAIGHT/GRADE,ASPHALT,ANIMAL/OBJECT IN RDWAY,REAR END,FAIRFAXRDN ST RD 37,NONE,2019-01-19 20:00:00,,,
BLOOMINGTON PD,BLOOMINGTON,2,0.0,0.0,0.0,0.0,,,,W 3RD,S PATTERSON DR,,,,39.16424,-86.551785,LOCAL/CITY RD,N,URBAN,N,N,N,,DARK (LIGHTED),SNOW,ICE,,T-INTERSECTION,STRAIGHT/LEVEL,ASPHALT,RDWAY SURFACE CONDITION,RIGHT TURN,SPATTERSONDRW 3RDST,TRAFFIC CONTROL SIGNAL,2019-01-19 18:14:00,,,
ISP BLOOMINGTON 33,BLOOMINGTON,1,0.0,1.0,0.0,0.0,,,,E SAMPLE,W ST RD 37,,700.0,W,39.25889859,-86.50361442,COUNTY RD,N,RURAL,N,N,N,,DARK (NOT LIGHTED),SNOW,SNOW/SLUSH,,NO JUNCTION INVOLVED,CURVE/HILLCREST,CONCRETE,SPEED TOO FAST FOR WEATHER CONDITIONS,RAN OFF RD,OLDSTATERD37RDSAMPLERD,NONE,2019-01-19 19:07:00,,,
BLOOMINGTON PD,BLOOMINGTON,2,0.0,0.0,0.0,0.0,,,,E WINSLOW,S HIGH ST,,,,39.136144,-86.508096,LOCAL/CITY RD,Y,URBAN,N,N,N,,DAYLIGHT,RAIN,WET,,TRAFFIC CIRCLE/ROUNDABOUT,CURVE/LEVEL,ASPHALT,FAILURE TO YIELD RIGHT OF WAY,RIGHT ANGLE,HIGHSTWINSLOWRD,ROUNDABOUT INTERSECTION,2019-01-19 14:42:00,,,
MONROE SD,BLOOMINGTON,1,0.0,0.0,0.0,0.0,,,,E WYLIE,N WAYPORT RD,,1000.0,E,0.0,0.0,COUNTY RD,N,RURAL,N,N,N,,DARK (NOT LIGHTED),SNOW,SNOW/SLUSH,,NO JUNCTION INVOLVED,CURVE/GRADE,ASPHALT,SPEED TOO FAST FOR WEATHER CONDITIONS,RAN OFF RD,WAYPORTRDWYLIERD,NONE,2019-01-19 20:04:00,,,
ELLETTSVILLE PD,ELLETTSVILLE,1,0.0,0.0,0.0,0.0,,,,N MATTHEWS,W MT TABOR RD,,1000.0,S,39.13937758,-86.62053,LOCAL/CITY RD,N,RURAL,N,N,N,,DARK (NOT LIGHTED),CLEAR,SNOW/SLUSH,,NO JUNCTION INVOLVED,STRAIGHT/LEVEL,ASPHALT,RDWAY SURFACE CONDITION,RAN OFF RD,MATTHEWSDRMTTABORRD,NONE,2019-01-19 23:14:00,,,
BLOOMINGTON PD,BLOOMINGTON,1,0.0,2.0,0.0,0.0,,,,S ROGERS,W HOWE ST,,,,39.1624,-86.53872,LOCAL/CITY RD,N,URBAN,N,N,N,,DARK (NOT LIGHTED),SNOW,SNOW/SLUSH,,NO JUNCTION INVOLVED,STRAIGHT/HILLCREST,ASPHALT,RDWAY SURFACE CONDITION,RAN OFF RD,SROGERSSTWHOWEST,NONE,2019-01-19 20:15:00,,,
BLOOMINGTON PD,BLOOMINGTON,2,0.0,0.0,0.0,0.0,,,,S WALNUT,W HOOSIER ST,,100.0,N,39.14254063,-86.53157,LOCAL/CITY RD,N,URBAN,N,N,N,,DARK (LIGHTED),BLOWING SAND/SOIL/SNOW,SNOW/SLUSH,,NO JUNCTION INVOLVED,STRAIGHT/GRADE,ASPHALT,RDWAY SURFACE CONDITION,HEAD ON BETWEEN TWO MOTOR VEHICLES,HOOSIERSTWALNUTST,NONE,2019-01-19 19:15:00,,,
MONROE SD,BLOOMINGTON,1,0.0,0.0,0.0,0.0,,,,W FLUCK MILL,S MAMIE ADS RD,,50.0,W,39.07176,-86.565824,LOCAL/CITY RD,N,RURAL,N,N,N,,DARK (NOT LIGHTED),BLOWING SAND/SOIL/SNOW,SNOW/SLUSH,NONE,NO JUNCTION INVOLVED,CURVE/LEVEL,ASPHALT,OTHER (DRIVER) - EXPLAIN IN NARRATIVE,OTHER - EXPLAIN IN NARRATIVE,SMAMIEEADSRDWFLUCKMILLRD,NONE,2019-01-19 23:00:00,,,
MONROE SD,BLOOMINGTON,1,0.0,0.0,0.0,0.0,,,,W RATLIFF,N STARNES RD,,4500.0,W,39.21657,-86.63948012,LOCAL/CITY RD,N,RURAL,N,N,N,,DAYLIGHT,SLEET/HAIL/FREEZING RAIN,WET,,NO JUNCTION INVOLVED,STRAIGHT/HILLCREST,ASPHALT,RAN OFF RD RIGHT,RAN OFF RD,NSTARNESRDWRATLIFFRD,NONE,2019-01-19 17:09:00,,,
INDIANA UNIV BLOOMINGTON PD,BLOOMINGTON,2,0.0,0.0,0.0,0.0,,,,E 17TH,N EAGLESON AVE,,692.0,W,39.17886076,-86.51352982,LOCAL/CITY RD,N,URBAN,N,N,N,,DARK (LIGHTED),CLEAR,SNOW/SLUSH,,NO JUNCTION INVOLVED,STRAIGHT/GRADE,ASPHALT,SPEED TOO FAST FOR WEATHER CONDITIONS,REAR END,EAST17THSTEAGLESON AVEAVE,NONE,2019-01-20 21:00:00,,,
MONROE SD,BLOOMINGTON,1,0.0,0.0,0.0,0.0,,,,I-69 N,N ST RD 37,,1500.0,N,0.0,0.0,INTERSTATE,N,RURAL,N,Y,N,,DARK (NOT LIGHTED),SNOW,WET,,NO JUNCTION INVOLVED,CURVE/GRADE,ASPHALT,RAN OFF RD RIGHT,RAN OFF RD,I-69 NNBUSINESS37RD,NONE,2019-01-20 20:04:00,,,
ISP BLOOMINGTON 33,BLOOMINGTON,2,0.0,0.0,0.0,0.0,,123,C,I-69 S,N ST RD 37,Y,,,0.0,0.0,INTERSTATE,N,RURAL,N,N,Y,WORK ON SHOULDER,DAYLIGHT,CLEAR,SNOW/SLUSH,,RAMP,CURVE/GRADE,ASPHALT,SPEED TOO FAST FOR WEATHER CONDITIONS,REAR END,I-69,LN CONTROL,2019-01-20 14:53:00,,,
INDIANA UNIV BLOOMINGTON PD,BLOOMINGTON,2,0.0,1.0,0.0,0.0,,,,N WALNUT,W ST RD 37,,2000.0,S,0.0,0.0,LOCAL/CITY RD,N,URBAN,N,N,N,,DARK (NOT LIGHTED),CLEAR,DRY,,NO JUNCTION INVOLVED,STRAIGHT/GRADE,ASPHALT,FOLLOWING TOO CLOSELY,REAR END,ST RD 37WALNUTST,LN CONTROL,2019-01-20 21:08:00,,,
BLOOMINGTON PD,BLOOMINGTON,2,0.0,1.0,0.0,0.0,,,,S COLLEGE,W 1ST,,,,39.17688,-86.534736,LOCAL/CITY RD,N,URBAN,N,N,N,,DARK (LIGHTED),CLEAR,SNOW/SLUSH,,FOUR-WAY INTERSECTION,STRAIGHT/LEVEL,ASPHALT,SPEED TOO FAST FOR WEATHER CONDITIONS,RIGHT ANGLE,SCOLLEGEAVEW1STST,TRAFFIC CONTROL SIGNAL,2019-01-20 18:15:00,,,
BLOOMINGTON PD,BLOOMINGTON,2,0.0,0.0,0.0,0.0,,,,E ATWATER,S HENDERSON ST,,,,39.162975,-86.52727,LOCAL/CITY RD,N,URBAN,N,N,N,,DAYLIGHT,CLEAR,SNOW/SLUSH,,FOUR-WAY INTERSECTION,STRAIGHT/GRADE,ASPHALT,FAILURE TO YIELD RIGHT OF WAY,RIGHT ANGLE,ATWATERAVEHENDERSONST,TRAFFIC CONTROL SIGNAL,2019-01-20 16:53:00,,,
ELLETTSVILLE PD,ELLETTSVILLE,2,0.0,0.0,0.0,0.0,,,,ST RD 46,N CAPITOL AVE,,,,39.223325,-86.609325,ST RD,N,URBAN,N,N,N,,DAYLIGHT,CLEAR,SNOW/SLUSH,,T-INTERSECTION,STRAIGHT/LEVEL,ASPHALT,FAILURE TO YIELD RIGHT OF WAY,RIGHT ANGLE,CAPITOLAVEST RD 46 W,LN CONTROL,2019-01-20 12:51:00,,,
BLOOMINGTON PD,BLOOMINGTON,2,0.0,0.0,0.0,0.0,,,,E 3RD,S LINCOLN ST,,,,39.16464,-86.531024,LOCAL/CITY RD,Y,URBAN,N,N,N,,DAYLIGHT,CLEAR,SNOW/SLUSH,,FOUR-WAY INTERSECTION,STRAIGHT/GRADE,ASPHALT,RDWAY SURFACE CONDITION,RIGHT ANGLE,3RDSTLINCOLNST,TRAFFIC CONTROL SIGNAL,2019-01-20 12:00:00,,,
BLOOMINGTON PD,BLOOMINGTON,2,0.0,0.0,0.0,0.0,,,,E 3RD,S LINCOLN ST,,,,39.16464,-86.531024,LOCAL/CITY RD,N,URBAN,N,N,N,,DAYLIGHT,CLEAR,SNOW/SLUSH,,FOUR-WAY INTERSECTION,STRAIGHT/GRADE,ASPHALT,FAILURE TO YIELD RIGHT OF WAY,RIGHT ANGLE,E 3RDSTSLINCOLNST,TRAFFIC CONTROL SIGNAL,2019-01-20 17:25:00,,,
MONROE SD,BLOOMINGTON,1,0.0,0.0,0.0,0.0,,,,E ANDERSON,E FARR RD,,1000.0,E,39.27985,-86.46453646,LOCAL/CITY RD,N,RURAL,N,N,N,,DARK (NOT LIGHTED),BLOWING SAND/SOIL/SNOW,SNOW/SLUSH,NONE,NO JUNCTION INVOLVED,STRAIGHT/LEVEL,ASPHALT,RAN OFF RD RIGHT,OTHER - EXPLAIN IN NARRATIVE,EANDERSONRDEFARRRD,NONE,2019-01-20 03:00:00,,,
ISP BLOOMINGTON 33,BLOOMINGTON,1,0.0,0.0,0.0,0.0,,,,I-69 S,,,,,0.0,0.0,INTERSTATE,N,RURAL,N,N,Y,WORK ON SHOULDER,DAYLIGHT,CLEAR,SNOW/SLUSH,,NO JUNCTION INVOLVED,STRAIGHT/LEVEL,ASPHALT,SPEED TOO FAST FOR WEATHER CONDITIONS,RAN OFF RD,I-69123.5,LN CONTROL,2019-01-20 13:20:00,,,