Agency,City,Vehicles Involved,Trailers Involved,Number Injured,Number Dead,Number Deer,House Number,Roadway Interchange,Roadway Ramp,Roadway Id,Intersecting Road,Interchange,Feet From,Direction,Latitude,Longitude,Roadway Class,Hit and Run?,Locality,School Zone?,Rumble Strips?,Construction?,Construction Type,Light Condition,Weather Conditions,Surface Condition,Type of Median,Roadway Junction Type,Road Character,Roadway Surface,Primary Factor,Manner of Collision,Unique Location Id,Traffic Control,DateTime,Address Number,Cyclist Involved,Pedestrian Involved
MONROE SD,BLOOMINGTON,2,0.0,0.0,0.0,0.0,,,,E RHORER,S WALNUT ST PK,,,,39.12144,-86.526496,COUNTY RD,N,RURAL,N,N,N,,DAYLIGHT,CLEAR,DRY,,FOUR-WAY INTERSECTION,STRAIGHT/LEVEL,ASPHALT,FOLLOWING TOO CLOSELY,REAR END,ERHORERRDSWALNUTSTPK,STOP SIGN,2019-06-06 17:52:00,,,
MONROE SD,BLOOMINGTON,2,0.0,0.0,0.0,0.0,,,,N CURRY,W JONATHON DR,,,,0.0,0.0,LOCAL/CITY RD,N,RURAL,N,N,N,,DAYLIGHT,CLEAR,DRY,,NO JUNCTION INVOLVED,STRAIGHT/LEVEL,ASPHALT,FAILURE TO YIELD RIGHT OF WAY,RIGHT ANGLE,SCURRYPKWJOHNATHONDR,TRAFFIC CONTROL SIGNAL,2019-06-06 12:07:00,,,
MONROE SD,BLOOMINGTON,3,0.0,2.0,0.0,0.0,,,,N SMITH,W WOODYARD,,,,0.0,0.0,LOCAL/CITY RD,N,RURAL,N,N,N,,DAYLIGHT,CLEAR,DRY,,NO JUNCTION INVOLVED,STRAIGHT/GRADE,ASPHALT,FOLLOWING TOO CLOSELY,REAR END,SMITHPKWOODYARDRD,STOP SIGN,2019-06-06 12:10:00,,,
BLOOMINGTON PD,BLOOMINGTON,2,0.0,0.0,0.0,0.0,,,,ST RD 45/46,N MONROE ST,,300.0,W,39.18699904,-86.54785641,ST RD,N,URBAN,N,Y,Y,LN CLOSURE,DAYLIGHT,CLEAR,DRY,,FOUR-WAY INTERSECTION,STRAIGHT/GRADE,ASPHALT,IMPROPER LN USAGE,SAME DIRECTION SIDESWIPE,MONROESTST RD 46E,LN CONTROL,2019-06-06 07:04:00,,,
MONROE SD,BLOOMINGTON,2,0.0,0.0,0.0,0.0,,,,N BOTTOM,W LAWSON RD,,,,39.26248,-86.546096,LOCAL/CITY RD,N,RURAL,N,N,N,,DAYLIGHT,CLEAR,DRY,,T-INTERSECTION,STRAIGHT/LEVEL,ASPHALT,FAILURE TO YIELD RIGHT OF WAY,LEFT TURN,NBOTTOMRDWLAWSONRD,STOP SIGN,2019-06-06 18:23:00,,,
MONROE SD,BLOOMINGTON,1,0.0,0.0,0.0,0.0,,,,S FAIRFAX,E CLEVE BUTCHER RD,,,,39.059984,-86.498432,COUNTY RD,N,RURAL,N,N,N,,DARK (NOT LIGHTED),CLEAR,WET,,NO JUNCTION INVOLVED,CURVE/LEVEL,ASPHALT,RAN OFF RD RIGHT,RAN OFF RD,CLEVEBUTCHERRDFAIRFAXRD,NONE,2019-06-06 04:49:00,,,
BLOOMINGTON PD,BLOOMINGTON,2,0.0,0.0,0.0,0.0,,,,S WALNUT,E DODDS ST,,,,39.15742,-86.53365,LOCAL/CITY RD,N,URBAN,N,N,N,,DAYLIGHT,CLEAR,DRY,,FOUR-WAY INTERSECTION,STRAIGHT/LEVEL,ASPHALT,FAILURE TO YIELD RIGHT OF WAY,LEFT TURN,DODDSSTWALNUTST,YIELD SIGN,2019-06-06 07:38:00,,,
MONROE SD,BLOOMINGTON,2,0.0,0.0,0.0,0.0,4303.0,,,ST RD 446,,,,,39.116202,-86.428355,UNKNOWN,N,RURAL,N,N,N,,DAYLIGHT,CLEAR,DRY,,NO JUNCTION INVOLVED,STRAIGHT/LEVEL,ASPHALT,UNSAFE BACKING,BACKING CRASH,SIN446RD,NONE,2019-06-06 17:58:00,,,
ISP BLOOMINGTON 33,BLOOMINGTON,2,0.0,0.0,0.0,0.0,,,,W AIRPORT,S BUNGER RD,,,,39.136848,-86.606,COUNTY RD,N,RURAL,N,N,N,,DAYLIGHT,CLEAR,DRY,,T-INTERSECTION,STRAIGHT/LEVEL,ASPHALT,IMPROPER TURNING,HEAD ON BETWEEN TWO MOTOR VEHICLES,AIRPORTRDBUNGERRD,STOP SIGN,2019-06-06 10:01:00,,,
BLOOMINGTON PD,BLOOMINGTON,1,0.0,0.0,0.0,0.0,,,,I-69 N,W TAPP RD,,1000.0,S,39.0307367,-86.550785,US ROUTE,N,URBAN,N,N,N,,DAYLIGHT,CLEAR,DRY,,NO JUNCTION INVOLVED,STRAIGHT/GRADE,ASPHALT,TIRE FAILURE OR DEFECTIVE,RAN OFF RD,US69NWTAPPRD,LN CONTROL,2019-06-07 07:44:00,,,
INDIANA UNIV BLOOMINGTON PD,BLOOMINGTON,2,0.0,0.0,0.0,0.0,,,,E 3RD,S SWAIN AVE,,25.0,E,39.16425,-86.51526216,LOCAL/CITY RD,N,URBAN,N,N,N,,DAYLIGHT,CLEAR,DRY,,NO JUNCTION INVOLVED,STRAIGHT/GRADE,ASPHALT,UNSAFE LN MOVEMENT,LEFT TURN,SWAINAVE 3RDST,NONE,2019-06-07 18:20:00,,,
MONROE SD,BLOOMINGTON,2,0.0,0.0,0.0,0.0,,,,N SMITH,W WOODYARD,,1200.0,N,0.0,0.0,LOCAL/CITY RD,N,RURAL,N,N,B,,DAYLIGHT,CLEAR,DRY,,NO JUNCTION INVOLVED,STRAIGHT/GRADE,ASPHALT,FOLLOWING TOO CLOSELY,REAR END,NSMITHPKWWOODYARDRD,LN CONTROL,2019-06-07 11:08:00,,,
BLOOMINGTON PD,BLOOMINGTON,2,0.0,0.0,0.0,0.0,,,,S ADAMS,W KIRKWOOD AVE,,50.0,S,39.166816,-86.549488,LOCAL/CITY RD,N,URBAN,N,N,N,,DAYLIGHT,CLEAR,DRY,,NO JUNCTION INVOLVED,CURVE/GRADE,ASPHALT,IMPROPER LN USAGE,SAME DIRECTION SIDESWIPE,SADAMSSTWKIRKWOODAVE,LN CONTROL,2019-06-07 12:35:00,,,
ISP BLOOMINGTON 33,BLOOMINGTON,1,0.0,0.0,0.0,0.0,,114,1,I-69 N,N ST RD 37,Y,,,0.0,0.0,INTERSTATE,N,RURAL,N,N,N,,DAYLIGHT,CLEAR,DRY,,RAMP,CURVE/GRADE,CONCRETE,UNSAFE SPEED,OTHER - EXPLAIN IN NARRATIVE,I-69,LN CONTROL,2019-06-07 20:37:00,,,
MONROE SD,BLOOMINGTON,3,0.0,0.0,0.0,0.0,,,,N SMITH,W FORREST PARK DR,,,,39.20821,-86.58316,LOCAL/CITY RD,N,URBAN,N,N,N,,DAYLIGHT,CLEAR,DRY,,T-INTERSECTION,STRAIGHT/HILLCREST,ASPHALT,FOLLOWING TOO CLOSELY,REAR END,FORRESTPARKDRSMITHPK,LN CONTROL,2019-06-07 00:28:00,,,
BLOOMINGTON PD,BLOOMINGTON,3,0.0,0.0,0.0,0.0,,,,S MADISON,W GRAHAM DR,,500.0,S,39.13851802,-86.53720568,LOCAL/CITY RD,N,URBAN,N,N,N,,DARK (LIGHTED),CLEAR,DRY,,NO JUNCTION INVOLVED,STRAIGHT/GRADE,ASPHALT,RAN OFF RD RIGHT,RAN OFF RD,GRAHAMDRMADISONST,NONE,2019-06-07 02:05:00,,,
BLOOMINGTON PD,BLOOMINGTON,2,0.0,0.0,0.0,0.0,,,,S ROGERS,W 4TH ST,,,,39.165696,-86.538592,LOCAL/CITY RD,Y,,N,N,N,,DAWN/DUSK,CLEAR,DRY,,FOUR-WAY INTERSECTION,STRAIGHT/LEVEL,ASPHALT,FOLLOWING TOO CLOSELY,REAR END,SROGERSSTW4THST,STOP SIGN,2019-06-07 20:58:00,,,
MONROE SD,BLOOMINGTON,2,0.0,0.0,0.0,0.0,,,,S WALNUT,E DILLMAN RD,,,,39.092944,-86.544,COUNTY RD,N,URBAN,N,N,N,,DAYLIGHT,CLEAR,DRY,,FOUR-WAY INTERSECTION,CURVE/GRADE,ASPHALT,FAILURE TO YIELD RIGHT OF WAY,LEFT/RIGHT TURN,EDILLMANRDOLDST RD 37RD,TRAFFIC CONTROL SIGNAL,2019-06-07 18:38:00,,,
ELLETTSVILLE PD,ELLETTSVILLE,1,0.0,0.0,0.0,1.0,,,,ST RD 46,,,500.0,W,39.259385,-86.65738167,ST RD,N,URBAN,N,N,N,,DARK (NOT LIGHTED),CLEAR,DRY,,NO JUNCTION INVOLVED,STRAIGHT/LEVEL,ASPHALT,ANIMAL/OBJECT IN RDWAY,COLLISION WITH DEER,RIDGEWAYDRDRST RD 46S,NONE,2019-06-07 05:24:00,,,
BLOOMINGTON PD,BLOOMINGTON,2,0.0,0.0,0.0,0.0,,,,S CURRY,ST RD 48,,50.0,S,39.164544,-86.560096,LOCAL/CITY RD,N,URBAN,N,N,N,,DAYLIGHT,CLOUDY,DRY,,NO JUNCTION INVOLVED,STRAIGHT/LEVEL,ASPHALT,IMPROPER LN USAGE,SAME DIRECTION SIDESWIPE,SCURRYPKW 3RDST,LN CONTROL,2019-06-08 12:48:00,,,
INDIANA UNIV BLOOMINGTON PD,BLOOMINGTON,2,0.0,0.0,0.0,0.0,,,,E 3RD,S EAGLESON AVE,,,,39.16426,-86.51642,LOCAL/CITY RD,N,URBAN,N,N,N,,DAYLIGHT,CLOUDY,DRY,,FOUR-WAY INTERSECTION,STRAIGHT/GRADE,ASPHALT,UNSAFE LN MOVEMENT,LEFT TURN,EAGLESON AVEAVE 3RDST,TRAFFIC CONTROL SIGNAL,2019-06-08 17:18:00,,,
BLOOMINGTON PD,BLOOMINGTON,2,0.0,0.0,0.0,0.0,,,,W KIRKWOOD,S ROGERS ST,,,,39.166672,-86.538608,LOCAL/CITY RD,Y,URBAN,N,N,N,,DARK (LIGHTED),CLOUDY,DRY,,FOUR-WAY INTERSECTION,STRAIGHT/LEVEL,ASPHALT,IMPROPER TURNING,RIGHT TURN,KIRKWOODAVEROGERSST,TRAFFIC CONTROL SIGNAL,2019-06-08 21:51:00,,,
ISP BLOOMINGTON 33,BLOOMINGTON,1,0.0,0.0,0.0,1.0,,,,S FAIRFAX,E HARBOR HILL RD,,,,39.03428,-86.49036,COUNTY RD,N,RURAL,N,N,N,,DARK (LIGHTED),CLEAR,DRY,,T-INTERSECTION,STRAIGHT/LEVEL,ASPHALT,ANIMAL/OBJECT IN RDWAY,COLLISION WITH DEER,FAIRFAXRDHARBORHILLRD,LN CONTROL,2019-06-08 05:45:00,,,
MONROE SD,BLOOMINGTON,1,0.0,0.0,0.0,0.0,,,,S VICTOR,,,900.0,S,0.0,0.0,COUNTY RD,N,RURAL,N,N,N,,DARK (NOT LIGHTED),CLEAR,DRY,,NO JUNCTION INVOLVED,CURVE/LEVEL,ASPHALT,DRIVER ASLEEP OR FATIGUED,RAN OFF RD,SVICTORPKS ST RD 37,NONE,2019-06-08 05:18:00,,,
DNR LAW ENFORCEMENT,BLOOMINGTON,2,0.0,0.0,0.0,0.0,,,,ST RD 46,E 10TH ST,,500.0,S,39.17036824,-86.50145612,ST RD,N,URBAN,N,N,N,,DAYLIGHT,CLOUDY,WET,,NO JUNCTION INVOLVED,STRAIGHT/GRADE,ASPHALT,RDWAY SURFACE CONDITION,REAR END,10THSTSTST RD 46S,NONE,2019-06-09 12:40:00,,,
MONROE SD,BLOOMINGTON,2,0.0,1.0,0.0,0.0,,,,S ST RD 37,ST RD 37,,,,38.99816888,-86.54550805,ST RD,N,URBAN,N,N,N,,DAYLIGHT,CLOUDY,WET,,T-INTERSECTION,CURVE/LEVEL,ASPHALT,LEFT OF CENTER,HEAD ON BETWEEN TWO MOTOR VEHICLES,OLDSTRD37HWYS ST RD 37,TRAFFIC CONTROL SIGNAL,2019-06-09 13:22:00,,,
MONROE SD,BLOOMINGTON,2,0.0,0.0,0.0,0.0,,,,ST RD 45,E MARTIN DR,,296.0,S,0.0,0.0,ST RD,N,RURAL,N,N,N,,DAYLIGHT,RAIN,WET,,NO JUNCTION INVOLVED,CURVE/HILLCREST,ASPHALT,LEFT OF CENTER,OPPOSITE DIRECTION SIDESWIPE,MARTINDRST RD 45,NONE,2019-06-09 19:22:00,,,
MONROE SD,BLOOMINGTON,1,0.0,1.0,0.0,0.0,,,,E SAMPLE,W ST RD 37,,1750.0,W,39.25864,-86.5012,LOCAL/CITY RD,N,RURAL,N,N,N,,DAYLIGHT,RAIN,WET,,NO JUNCTION INVOLVED,CURVE/GRADE,ASPHALT,SPEED TOO FAST FOR WEATHER CONDITIONS,RAN OFF RD,ESAMPLERDNOLDSTATERD37RD,LN CONTROL,2019-06-09 11:11:00,,,
MONROE SD,BLOOMINGTON,1,0.0,0.0,0.0,0.0,,,,E ANDERSON,N ST RD 37,,300.0,E,39.266,-86.501696,COUNTY RD,N,RURAL,N,N,N,,DAYLIGHT,RAIN,WET,,T-INTERSECTION,CURVE/LEVEL,ASPHALT,SPEED TOO FAST FOR WEATHER CONDITIONS,RAN OFF RD,EANDERSONRDNOLDSTATE37RD,NONE,2019-06-09 19:10:00,,,
ISP BLOOMINGTON 33,BLOOMINGTON,1,0.0,0.0,0.0,0.0,,,,I-69 S,,,100.0,N,0.0,0.0,INTERSTATE,N,RURAL,N,N,N,,DARK (NOT LIGHTED),CLEAR,DRY,,NO JUNCTION INVOLVED,STRAIGHT/LEVEL,ASPHALT,RAN OFF RD RIGHT,COLLISION WITH OBJECT IN RD,I-69106,LN CONTROL,2019-06-09 21:35:00,,,
MONROE SD,BLOOMINGTON,2,0.0,2.0,0.0,0.0,,,,ST RD 37,W CHURCH LN,,,,39.10726,-86.53149,ST RD,N,URBAN,N,N,N,,DAYLIGHT,RAIN,WET,,FOUR-WAY INTERSECTION,STRAIGHT/LEVEL,ASPHALT,FOLLOWING TOO CLOSELY,REAR END,S ST RD 37WCHURCHLN,TRAFFIC CONTROL SIGNAL,2019-06-09 17:33:00,,,
MONROE SD,BLOOMINGTON,1,0.0,0.0,0.0,0.0,,,,ST RD 446,S OLD RICHARDSON RD,,70.0,N,39.11959221,-86.43134,ST RD,N,RURAL,N,N,N,,DAYLIGHT,RAIN,WET,,NO JUNCTION INVOLVED,CURVE/LEVEL,ASPHALT,SPEED TOO FAST FOR WEATHER CONDITIONS,RAN OFF RD,SOLDRICHARDSONRDST RD 446S,NONE,2019-06-09 15:56:00,,,
MONROE SD,BLOOMINGTON,2,0.0,0.0,0.0,0.0,,,,ST RD 45,S DUNCAN RD,,100.0,E,39.13525261,-86.59597096,ST RD,N,RURAL,N,Y,N,,DAWN/DUSK,RAIN,WET,,NO JUNCTION INVOLVED,STRAIGHT/LEVEL,ASPHALT,LEFT OF CENTER,HEAD ON BETWEEN TWO MOTOR VEHICLES,SOUTHDUNCANROWST RD 45 W,NONE,2019-06-09 20:30:00,,,
BLOOMINGTON PD,BLOOMINGTON,2,0.0,1.0,0.0,0.0,,,,W TAPP,S ADAMS ST,,,,39.136565,-86.5544,LOCAL/CITY RD,Y,URBAN,N,N,N,,DAYLIGHT,RAIN,WET,,TRAFFIC CIRCLE/ROUNDABOUT,STRAIGHT/HILLCREST,ASPHALT,LEFT OF CENTER,HEAD ON BETWEEN TWO MOTOR VEHICLES,SADAMSSTWTAPPRD,NONE,2019-06-09 15:21:00,,,
BLOOMINGTON PD,BLOOMINGTON,2,0.0,1.0,0.0,0.0,,,,ST RD 48,S CURRY PK,,,,39.16464,-86.58296,LOCAL/CITY RD,N,URBAN,N,N,N,,DAYLIGHT,CLEAR,DRY,,FOUR-WAY INTERSECTION,STRAIGHT/LEVEL,ASPHALT,DISREGARD SIGNAL/REG SIGN,LEFT TURN,SCURRYPKW 3RDST,TRAFFIC CONTROL SIGNAL,2019-06-10 18:58:00,,,
INDIANA UNIV BLOOMINGTON PD,BLOOMINGTON,2,0.0,0.0,0.0,0.0,,,,ST RD 45,N RANGE RD,,,,39.171504,-86.495312,LOCAL/CITY RD,N,URBAN,N,N,Y,WORK ON SHOULDER,DAYLIGHT,CLOUDY,WET,,FOUR-WAY INTERSECTION,STRAIGHT/LEVEL,ASPHALT,FOLLOWING TOO CLOSELY,REAR END,10THSTRANGERD,TRAFFIC CONTROL SIGNAL,2019-06-10 07:52:00,,,
MONROE SD,BLOOMINGTON,2,0.0,0.0,0.0,0.0,,,,N CURRY,W VERNAL PK,,,,39.17915,-86.58309,LOCAL/CITY RD,N,RURAL,N,N,N,,DAYLIGHT,CLEAR,DRY,,FOUR-WAY INTERSECTION,STRAIGHT/LEVEL,ASPHALT,FOLLOWING TOO CLOSELY,REAR END,NORTHCURRYPKWESTVERNALPK,TRAFFIC CONTROL SIGNAL,2019-06-10 17:24:00,,,
BLOOMINGTON PD,BLOOMINGTON,2,0.0,2.0,0.0,0.0,,,,ST RD 45/46,N FEE LN,,,,39.186032,-86.51984,LOCAL/CITY RD,N,URBAN,N,N,N,,DAYLIGHT,CLEAR,DRY,,FOUR-WAY INTERSECTION,STRAIGHT/LEVEL,ASPHALT,UNSAFE SPEED,REAR END,NFEELNNSTATERD4546BYP,TRAFFIC CONTROL SIGNAL,2019-06-10 16:03:00,,,
BLOOMINGTON PD,BLOOMINGTON,2,0.0,0.0,0.0,0.0,,,,S COLLEGE MALL,E COVENANTER DR,,,,39.15518,-86.49774,LOCAL/CITY RD,N,URBAN,N,N,N,,DAYLIGHT,CLEAR,DRY,,FOUR-WAY INTERSECTION,STRAIGHT/LEVEL,ASPHALT,FOLLOWING TOO CLOSELY,REAR END,ECOVENANTERDRSCOLLEGEMALLRD,TRAFFIC CONTROL SIGNAL,2019-06-10 14:56:00,,,
MONROE SD,BLOOMINGTON,2,0.0,0.0,0.0,0.0,,,,I-69 N,E SAMPLE RD,Y,,,39.27125,-86.52750503,INTERSTATE,N,RURAL,N,Y,N,,DAYLIGHT,CLEAR,DRY,,INTERCHANGE,STRAIGHT/LEVEL,ASPHALT,IMPROPER LN USAGE,SAME DIRECTION SIDESWIPE,ESAMPLERDI-69 N,NONE,2019-06-10 18:43:00,,,
BLOOMINGTON PD,BLOOMINGTON,2,0.0,0.0,0.0,0.0,,,,S SMITH,E MORNINGSIDE DR,,,,39.166432,-86.4812,LOCAL/CITY RD,N,URBAN,N,N,N,,DAYLIGHT,CLEAR,DRY,,FOUR-WAY INTERSECTION,STRAIGHT/GRADE,ASPHALT,FAILURE TO YIELD RIGHT OF WAY,RIGHT ANGLE,EMORNINGSIDEDRSSMITHRD,STOP SIGN,2019-06-10 17:53:00,,,
ELLETTSVILLE PD,ELLETTSVILLE,2,0.0,0.0,0.0,0.0,,,,ST RD 46,N DEER PARK DR,,500.0,W,39.21257534,-86.58882993,ST RD,N,URBAN,N,N,N,,DAYLIGHT,CLOUDY,DRY,,NO JUNCTION INVOLVED,STRAIGHT/LEVEL,ASPHALT,IMPROPER LN USAGE,SAME DIRECTION SIDESWIPE,DEERPARKDRST RD 46 W,OTHER REGULATORY SIGN/MARKING,2019-06-10 12:11:00,,,
BLOOMINGTON PD,BLOOMINGTON,2,0.0,0.0,0.0,0.0,,,,W 4TH,S ROGERS ST,,50.0,E,39.165696,-86.538592,LOCAL/CITY RD,N,URBAN,N,N,N,,DAYLIGHT,CLEAR,DRY,,NO JUNCTION INVOLVED,STRAIGHT/LEVEL,ASPHALT,UNSAFE BACKING,BACKING CRASH,SROGERSSTW4THST,NONE,2019-06-10 17:50:00,,,
MONROE SD,ELLETTSVILLE,2,0.0,0.0,0.0,0.0,,,,W ARLINGTON,N SHELBURN RD,,,,39.18670499,-86.55120504,LOCAL/CITY RD,N,RURAL,N,N,N,,DARK (LIGHTED),CLEAR,DRY,,NO JUNCTION INVOLVED,CURVE/LEVEL,ASPHALT,FOLLOWING TOO CLOSELY,REAR END,NORTHSHELBURNRDWESTARLINGTONRD,NONE,2019-06-10 22:18:00,,,
MONROE SD,BLOOMINGTON,2,0.0,0.0,0.0,0.0,,,,S WALNUT ST PK,E RHORER RD,,,,39.12144,-86.526496,LOCAL/CITY RD,N,URBAN,N,N,Y,WORK ON SHOULDER,DAYLIGHT,CLEAR,DRY,,FOUR-WAY INTERSECTION,STRAIGHT/LEVEL,ASPHALT,DISREGARD SIGNAL/REG SIGN,RIGHT ANGLE,ERHORERRDSWALNUTSTPK,STOP SIGN,2019-06-11 18:38:00,,,
INDIANA UNIV BLOOMINGTON PD,BLOOMINGTON,2,0.0,0.0,0.0,0.0,,,,E 17TH,N DUNN ST,,,,39.17904,-86.5284,UNKNOWN,N,URBAN,N,N,N,,DAYLIGHT,CLEAR,DRY,,NO JUNCTION INVOLVED,STRAIGHT/LEVEL,ASPHALT,UNSAFE BACKING,BACKING CRASH,DUNNSTEAST17THST,NONE,2019-06-11 12:50:00,,,
BLOOMINGTON PD,BLOOMINGTON,2,0.0,0.0,0.0,0.0,,,,E HILLSIDE,S LINCOLN ST,,,,39.150576,-86.5312,LOCAL/CITY RD,N,URBAN,N,N,N,,DAYLIGHT,CLEAR,DRY,,T-INTERSECTION,STRAIGHT/GRADE,ASPHALT,FOLLOWING TOO CLOSELY,REAR END,EHILLSIDEDRSLINCOLNST,NONE,2019-06-11 12:15:00,,,
ISP BLOOMINGTON 33,BLOOMINGTON,2,1.0,1.0,0.0,0.0,,,,ST RD 45,S BUNGER RD,,200.0,W,39.12925,-86.60428267,ST RD,N,RURAL,N,N,N,,DAYLIGHT,CLEAR,DRY,,T-INTERSECTION,STRAIGHT/LEVEL,ASPHALT,OVERCORRECTING/OVERSTEERING,OPPOSITE DIRECTION SIDESWIPE,BUNGERRDST RD 45,LN CONTROL,2019-06-11 10:50:00,,,
MONROE SD,BLOOMINGTON,2,1.0,0.0,0.0,0.0,,,,W GORDON,S WALNUT ST PK,,100.0,W,39.12145,-86.52664134,LOCAL/CITY RD,N,URBAN,N,N,Y,INTERMITTENT OR MOVING WORK,DAYLIGHT,CLEAR,DRY,,FOUR-WAY INTERSECTION,STRAIGHT/LEVEL,ASPHALT,OTHER (DRIVER) - EXPLAIN IN NARRATIVE,SAME DIRECTION SIDESWIPE,ERHORERRDSWALNUTSTPK,STOP SIGN,2019-06-12 08:48:00,,,
BLOOMINGTON PD,BLOOMINGTON,2,0.0,0.0,0.0,0.0,,,,W KIRKWOOD,S ADAMS ST,,50.0,E,39.16681365,-86.54931161,LOCAL/CITY RD,N,URBAN,N,N,N,,DAYLIGHT,CLEAR,DRY,,NO JUNCTION INVOLVED,CURVE/GRADE,ASPHALT,FOLLOWING TOO CLOSELY,REAR END,ADAMSSTKIRKWOODAVE,LN CONTROL,2019-06-12 10:11:00,,,
BLOOMINGTON PD,BLOOMINGTON,2,0.0,0.0,0.0,0.0,,,,E ALLEN,S DUNN ST,,100.0,W,39.15556,-86.52807134,LOCAL/CITY RD,Y,URBAN,N,Y,N,,DARK (NOT LIGHTED),CLEAR,DRY,,NO JUNCTION INVOLVED,STRAIGHT/LEVEL,ASPHALT,UNSAFE LN MOVEMENT,OPPOSITE DIRECTION SIDESWIPE,EALLENSTSDUNNST,NONE,2019-06-12 02:00:00,,,
MONROE SD,BLOOMINGTON,1,0.0,0.0,0.0,0.0,8828.0,,,ST RD 45,,,,,39.09571278,-86.65865999,ST RD,N,RURAL,N,N,N,,DAYLIGHT,CLEAR,DRY,,NO JUNCTION INVOLVED,STRAIGHT/LEVEL,ASPHALT,RAN OFF RD RIGHT,RAN OFF RD,ST RD 45 W,LN CONTROL,2019-06-12 06:46:00,,,
BLOOMINGTON PD,BLOOMINGTON,2,0.0,1.0,0.0,0.0,,,,W 17TH,N CRESCENT RD,,,,39.179248,-86.556592,LOCAL/CITY RD,Y,URBAN,N,N,N,,DAYLIGHT,CLEAR,DRY,,T-INTERSECTION,STRAIGHT/LEVEL,ASPHALT,LEFT OF CENTER,OPPOSITE DIRECTION SIDESWIPE,NCRESCENTRDW17ST,STOP SIGN,2019-06-12 14:18:00,,,
ELLETTSVILLE PD,ELLETTSVILLE,1,0.0,0.0,0.0,1.0,,,,W MCNEELY,N AJUGA CT,,,,39.237675,-86.614965,LOCAL/CITY RD,N,URBAN,N,N,N,,DAWN/DUSK,CLEAR,WET,,NO JUNCTION INVOLVED,STRAIGHT/LEVEL,ASPHALT,ANIMAL/OBJECT IN RDWAY,COLLISION WITH DEER,NORTHMCNEELYSTVINCALN,LN CONTROL,2019-06-12 20:07:00,,,
INDIANA UNIV BLOOMINGTON PD,BLOOMINGTON,2,0.0,0.0,0.0,0.0,,,,ST RD 46,E 10TH ST,,200.0,S,39.15040736,-86.50234,ST RD,N,URBAN,N,N,N,,DAYLIGHT,CLOUDY,DRY,,NO JUNCTION INVOLVED,STRAIGHT/LEVEL,ASPHALT,UNSAFE LN MOVEMENT,LEFT TURN,10THSTST RD 46N,LN CONTROL,2019-06-13 15:35:00,,,
INDIANA UNIV BLOOMINGTON PD,BLOOMINGTON,1,0.0,2.0,0.0,0.0,,,,N EAGLESON AVE,E 10TH ST,,531.0,S,39.11542969,-86.51567,LOCAL/CITY RD,N,URBAN,N,N,Y,LN CLOSURE,DARK (LIGHTED),CLEAR,DRY,,NO JUNCTION INVOLVED,STRAIGHT/GRADE,ASPHALT,RDWAY SURFACE CONDITION,OTHER - EXPLAIN IN NARRATIVE,EAGLESON AVEAVETENTHST,NONE,2019-06-13 23:20:00,,,
MONROE SD,BLOOMINGTON,4,0.0,0.0,0.0,0.0,,,,N CURRY,W WOODYARD,,,,39.190672,-86.582992,LOCAL/CITY RD,N,URBAN,N,N,N,,DAWN/DUSK,CLEAR,DRY,,FOUR-WAY INTERSECTION,STRAIGHT/LEVEL,ASPHALT,CELL PHONE USAGE,REAR END,NCURRYPKWWOODYARDRD,TRAFFIC CONTROL SIGNAL,2019-06-13 20:02:00,,,
BLOOMINGTON PD,BLOOMINGTON,2,0.0,1.0,0.0,0.0,,,,ST RD 46,E 7TH ST,,,,39.167648,-86.500096,ST RD,Y,URBAN,N,N,N,,DAWN/DUSK,CLEAR,DRY,,T-INTERSECTION,STRAIGHT/GRADE,ASPHALT,FOLLOWING TOO CLOSELY,REAR END,7THSTST RD 46E,LN CONTROL,2019-06-13 06:51:00,,,
BLOOMINGTON PD,BLOOMINGTON,2,0.0,0.0,0.0,0.0,,,,W 3RD,S CORY LN,,,,39.164544,-86.560096,LOCAL/CITY RD,Y,URBAN,N,N,N,,DAYLIGHT,CLOUDY,DRY,,FOUR-WAY INTERSECTION,STRAIGHT/LEVEL,ASPHALT,DISREGARD SIGNAL/REG SIGN,SAME DIRECTION SIDESWIPE,SCORYLNW 3RDST,TRAFFIC CONTROL SIGNAL,2019-06-13 10:48:00,,,
BLOOMINGTON PD,BLOOMINGTON,2,0.0,0.0,0.0,0.0,,,,S WALNUT,E N DR,,200.0,S,39.14421671,-86.53172963,LOCAL/CITY RD,N,URBAN,N,N,N,,DAYLIGHT,CLEAR,DRY,,NO JUNCTION INVOLVED,STRAIGHT/LEVEL,ASPHALT,IMPROPER TURNING,RIGHT TURN,NORTHDRWALNUTST,LN CONTROL,2019-06-13 12:09:00,,,