Agency,City,Vehicles Involved,Trailers Involved,Number Injured,Number Dead,Number Deer,House Number,Roadway Interchange,Roadway Ramp,Roadway Id,Intersecting Road,Interchange,Feet From,Direction,Latitude,Longitude,Roadway Class,Hit and Run?,Locality,School Zone?,Rumble Strips?,Construction?,Construction Type,Light Condition,Weather Conditions,Surface Condition,Type of Median,Roadway Junction Type,Road Character,Roadway Surface,Primary Factor,Manner of Collision,Unique Location Id,Traffic Control,DateTime,Address Number,Cyclist Involved,Pedestrian Involved
BLOOMINGTON PD,BLOOMINGTON,2,0.0,0.0,0.0,0.0,,,,W KIRKWOOD,N PINE ST,,,,39.1668,-86.548288,LOCAL/CITY RD,Y,URBAN,N,N,N,,DAYLIGHT,CLEAR,DRY,,FOUR-WAY INTERSECTION,STRAIGHT/GRADE,ASPHALT,LEFT OF CENTER,SAME DIRECTION SIDESWIPE,KIRKWOODAVEPINEST,LN CONTROL,2019-06-26 11:25:00,,,
BLOOMINGTON PD,BLOOMINGTON,2,0.0,0.0,0.0,0.0,,,,S LIBERTY,ST RD 45,,,,0.0,0.0,LOCAL/CITY RD,Y,URBAN,N,N,N,,DAYLIGHT,CLEAR,DRY,,FOUR-WAY INTERSECTION,STRAIGHT/LEVEL,ASPHALT,UNSAFE LN MOVEMENT,SAME DIRECTION SIDESWIPE,LIBERTYDRST RD 45RD,LN CONTROL,2019-06-27 15:30:00,,,
BLOOMINGTON PD,BLOOMINGTON,2,0.0,0.0,0.0,0.0,,,,ST RD 45/46,N KINSER PK,,,,39.186544,-86.537888,ST RD,N,URBAN,N,N,N,,DAYLIGHT,CLEAR,DRY,,FOUR-WAY INTERSECTION,STRAIGHT/LEVEL,ASPHALT,FAILURE TO YIELD RIGHT OF WAY,LEFT TURN,NKINSERPKST RD 4546 W,TRAFFIC CONTROL SIGNAL,2019-06-27 12:08:00,,,
ELLETTSVILLE PD,ELLETTSVILLE,2,0.0,0.0,0.0,0.0,,,,N SMITH,ST RD 46,,,,39.210144,-86.5832,ST RD,N,URBAN,N,N,N,,DAYLIGHT,CLEAR,DRY,,FOUR-WAY INTERSECTION,STRAIGHT/LEVEL,ASPHALT,BRAKE FAILURE OR DEFECTIVE,REAR END,NORTHSMITHPKST RD 46 W,TRAFFIC CONTROL SIGNAL,2019-06-27 18:09:00,,,
BLOOMINGTON PD,BLOOMINGTON,2,0.0,0.0,0.0,0.0,,,,E WINSLOW,S HENDERSON ST,,30.0,W,39.136144,-86.5268,LOCAL/CITY RD,N,URBAN,N,N,N,,DAYLIGHT,CLEAR,DRY,,NO JUNCTION INVOLVED,STRAIGHT/LEVEL,ASPHALT,FOLLOWING TOO CLOSELY,REAR END,EWINSLOWRDSHENDERSONST,NONE,2019-06-27 16:00:00,,,
ISP BLOOMINGTON 33,BLOOMINGTON,1,0.0,0.0,0.0,0.0,,123,C,I-69 S,N ST RD 37,Y,,,0.0,0.0,INTERSTATE,N,RURAL,N,N,N,,DAYLIGHT,CLEAR,DRY,,RAMP,CURVE/GRADE,ASPHALT,RAN OFF RD RIGHT,RAN OFF RD,I-69,LN CONTROL,2019-06-27 13:10:00,,,
MONROE SD,BLOOMINGTON,2,0.0,0.0,0.0,0.0,,,,S CAVE,,,1200.0,N,39.154336,-86.628896,LOCAL/CITY RD,N,RURAL,N,N,N,,DAYLIGHT,CLEAR,DRY,,NO JUNCTION INVOLVED,STRAIGHT/HILLCREST,CONCRETE,VIEW OBSTRUCTED,LEFT TURN,SCAVERDWHOLLANDHILLLN,NONE,2019-06-27 17:15:00,,,
BLOOMINGTON PD,BLOOMINGTON,2,0.0,0.0,0.0,0.0,,,,ST RD 45,E JOHN HINKLE PL,,200.0,W,39.17154033,-86.4917847,LOCAL/CITY RD,N,URBAN,N,N,N,,DAYLIGHT,CLEAR,DRY,,NO JUNCTION INVOLVED,STRAIGHT/LEVEL,ASPHALT,OTHER (VEHICLE) - EXPLAIN IN NARRATIVE,HEAD ON BETWEEN TWO MOTOR VEHICLES,10THSTRANGERD,NONE,2019-06-27 12:05:00,,,
MONROE SD,BLOOMINGTON,1,1.0,1.0,0.0,0.0,,,,ST RD 45,S HARMONY RD,,500.0,E,39.11188918,-86.63693506,ST RD,N,RURAL,N,N,N,,DAYLIGHT,CLEAR,DRY,,NO JUNCTION INVOLVED,CURVE/GRADE,ASPHALT,UNSAFE SPEED,NON-COLLISION,HARMONYRDST RD 45E,NONE,2019-06-27 13:29:00,,,
MONROE SD,BLOOMINGTON,2,0.0,0.0,0.0,0.0,,,,ST RD 45,S STANFORD,,,,39.08984,-86.666304,ST RD,N,RURAL,N,N,N,,DAYLIGHT,CLEAR,DRY,,T-INTERSECTION,STRAIGHT/LEVEL,ASPHALT,IMPROPER LN USAGE,LEFT TURN,SBURCHRDST RD 45 W,NONE,2019-06-27 15:27:00,,,
MONROE SD,BLOOMINGTON,2,0.0,0.0,0.0,0.0,,,,ST RD 48,S KIRBY RD,,50.0,E,39.16494,-86.61103433,ST RD,N,RURAL,N,N,N,,DAYLIGHT,CLEAR,DRY,,FOUR-WAY INTERSECTION,STRAIGHT/LEVEL,ASPHALT,UNSAFE SPEED,REAR END,NHARTSTRAITRDST RD 48W,NONE,2019-06-27 17:27:00,,,
BLOOMINGTON PD,BLOOMINGTON,2,0.0,2.0,0.0,0.0,,,,ST RD 45,S LIBERTY DR,,,,0.0,0.0,LOCAL/CITY RD,N,URBAN,N,N,N,,DAYLIGHT,CLEAR,DRY,,FOUR-WAY INTERSECTION,STRAIGHT/LEVEL,ASPHALT,FAILURE TO YIELD RIGHT OF WAY,LEFT TURN,SOUTHLIBERTYDRWESTBLOOMFIELDRD,TRAFFIC CONTROL SIGNAL,2019-06-28 15:00:00,,,
INDIANA UNIV BLOOMINGTON PD,BLOOMINGTON,2,0.0,0.0,0.0,0.0,,,,E LAW,N EAGLESON AVE,,,,39.173552,-86.515488,LOCAL/CITY RD,N,URBAN,N,N,N,,DAYLIGHT,CLEAR,DRY,,NO JUNCTION INVOLVED,STRAIGHT/GRADE,ASPHALT,UNSAFE BACKING,BACKING CRASH,ELAWLNEAGLESON AVEAVE,NONE,2019-06-28 17:05:00,,,
MONROE SD,BLOOMINGTON,2,0.0,0.0,0.0,0.0,,,,ST RD 46 ,N CURRY PK,,1000.0,E,39.142048,-86.582592,ST RD,N,RURAL,N,N,Y,LN CLOSURE,DAYLIGHT,CLEAR,DRY,,NO JUNCTION INVOLVED,STRAIGHT/LEVEL,ASPHALT,FOLLOWING TOO CLOSELY,RAN OFF RD,NCURRYPKST RD 46 W,NONE,2019-06-28 17:38:00,,,
ISP BLOOMINGTON 33,BLOOMINGTON,2,0.0,0.0,0.0,0.0,,,,ST RD 37,E SMITHVILLE RD,,1200.0,S,39.06776023,-86.53564212,ST RD,Y,RURAL,N,N,N,,DAYLIGHT,CLEAR,DRY,,NO JUNCTION INVOLVED,STRAIGHT/LEVEL,ASPHALT,IMPROPER PASSING,SAME DIRECTION SIDESWIPE,SMITHVILLERDST RD 37,LN CONTROL,2019-06-28 10:25:00,,,
MONROE SD,BLOOMINGTON,2,0.0,0.0,0.0,0.0,,,,W ST RD 37,E NORTHCLIFF AVE,,,,39.21414,-86.52234,LOCAL/CITY RD,N,RURAL,N,N,N,,DAYLIGHT,CLEAR,DRY,,T-INTERSECTION,STRAIGHT/HILLCREST,ASPHALT,FOLLOWING TOO CLOSELY,REAR END,NORTHOLDSTATERD37RDNORTHCLIFFAVE,NONE,2019-06-28 16:35:00,,,
INDIANA UNIV BLOOMINGTON PD,BLOOMINGTON,2,0.0,0.0,0.0,0.0,,,,ST RD 45/46,E 10TH ST,,,,0.0,0.0,ST RD,N,URBAN,N,N,N,,DAYLIGHT,CLEAR,DRY,,FOUR-WAY INTERSECTION,STRAIGHT/LEVEL,ASPHALT,FOLLOWING TOO CLOSELY,REAR END,ST RD 45ST RD 46,TRAFFIC CONTROL SIGNAL,2019-06-29 16:08:00,,,
MONROE SD,BLOOMINGTON,2,0.0,0.0,0.0,0.0,,,,ST RD 46,N CURRY PK,,,,39.19369,-86.57139,ST RD,N,URBAN,N,N,Y,LN CLOSURE,DAYLIGHT,CLEAR,DRY,,T-INTERSECTION,STRAIGHT/LEVEL,ASPHALT,DRIVER DISTRACTED - EXPLAIN IN NARRATIVE,OTHER - EXPLAIN IN NARRATIVE,NCURRYPKST RD 46 W,TRAFFIC CONTROL SIGNAL,2019-06-29 11:02:00,,,
BLOOMINGTON PD,BLOOMINGTON,2,0.0,0.0,0.0,0.0,,,,S ADAMS,W KIRKWOOD AVE,,,,39.166816,-86.549488,LOCAL/CITY RD,Y,URBAN,N,N,N,,DAYLIGHT,CLEAR,DRY,,FOUR-WAY INTERSECTION,CURVE/GRADE,ASPHALT,IMPROPER LN USAGE,SAME DIRECTION SIDESWIPE,SADAMSRDWKIRKWOODAVE,TRAFFIC CONTROL SIGNAL,2019-06-29 12:44:00,,,
ISP BLOOMINGTON 33,BLOOMINGTON,1,0.0,0.0,0.0,0.0,,,,I-69 S,,,0.0,N,0.0,0.0,INTERSTATE,N,RURAL,N,N,N,,DAYLIGHT,CLEAR,DRY,,NO JUNCTION INVOLVED,STRAIGHT/LEVEL,ASPHALT,RAN OFF RD RIGHT,RAN OFF RD,I-69105.0,LN CONTROL,2019-06-29 16:30:00,,,
BLOOMINGTON PD,BLOOMINGTON,2,0.0,0.0,0.0,0.0,,,,N COLLEGE,,,500.0,S,39.13007798,-86.53473,LOCAL/CITY RD,N,URBAN,N,N,N,,DAYLIGHT,CLEAR,DRY,,NO JUNCTION INVOLVED,STRAIGHT/LEVEL,ASPHALT,IMPROPER TURNING,RIGHT ANGLE,NORTHCOLLEGEAVEWESTVAUGHNCLIPPWAY,NONE,2019-06-29 07:38:00,,,
MONROE SD,ELLETTSVILLE,2,0.0,0.0,0.0,0.0,,,,N MT TABOR,W COWDEN RD,,,,39.266864,-86.620704,LOCAL/CITY RD,N,RURAL,N,N,N,,DAYLIGHT,CLEAR,DRY,,T-INTERSECTION,STRAIGHT/GRADE,ASPHALT,FAILURE TO YIELD RIGHT OF WAY,RIGHT ANGLE,NORTHMTTABORRDWESTCOWDENRD,NONE,2019-06-29 18:08:00,,,
MONROE SD,BLOOMINGTON,2,0.0,0.0,0.0,0.0,,,,N UNION VALLEY,W MEADOWVALE DR,,,,39.22714,-86.59272,COUNTY RD,N,URBAN,N,N,N,,DAYLIGHT,CLEAR,DRY,,T-INTERSECTION,STRAIGHT/GRADE,ASPHALT,FOLLOWING TOO CLOSELY,REAR END,MEADOWVALEDRNUNIONVALLEYRD,NONE,2019-06-29 09:56:00,,,
BLOOMINGTON PD,BLOOMINGTON,2,0.0,0.0,0.0,0.0,,,,ST RD 46,S HERITAGE RD,,40.0,W,39.16422,-86.48274654,LOCAL/CITY RD,N,URBAN,N,N,N,,DAYLIGHT,CLEAR,DRY,,NO JUNCTION INVOLVED,STRAIGHT/LEVEL,ASPHALT,OTHER (DRIVER) - EXPLAIN IN NARRATIVE,REAR END,E 3RDSTHERITAGEDR,LN CONTROL,2019-06-29 10:21:00,,,
BLOOMINGTON PD,BLOOMINGTON,3,0.0,0.0,0.0,0.0,,,,S GATES,ST RD 48,,,,39.16459,-86.5762,LOCAL/CITY RD,N,URBAN,N,N,N,,DAYLIGHT,CLEAR,DRY,,FOUR-WAY INTERSECTION,STRAIGHT/LEVEL,ASPHALT,DISREGARD SIGNAL/REG SIGN,OTHER - EXPLAIN IN NARRATIVE,SGATESDRW 3RDST,TRAFFIC CONTROL SIGNAL,2019-06-30 16:16:00,,,
ELLETTSVILLE PD,ELLETTSVILLE,2,0.0,0.0,0.0,0.0,,,,ST RD 46,N CENTENNIAL DR,,,,39.20997,-86.58271,ST RD,N,URBAN,N,N,N,,DAWN/DUSK,CLOUDY,WET,,NO JUNCTION INVOLVED,STRAIGHT/LEVEL,ASPHALT,BRAKE FAILURE OR DEFECTIVE,REAR END,NORTHCENTENNIALDRST RD 46 W,TRAFFIC CONTROL SIGNAL,2019-06-30 18:00:00,,,
BLOOMINGTON PD,BLOOMINGTON,1,0.0,0.0,0.0,0.0,,,,W 17TH,N MADISON ST,,,,39.178992,-86.537792,LOCAL/CITY RD,N,URBAN,N,N,N,,DAYLIGHT,CLEAR,DRY,,FOUR-WAY INTERSECTION,STRAIGHT/HILLCREST,ASPHALT,RAN OFF RD RIGHT,RAN OFF RD,NKINSERPKW17THST,TRAFFIC CONTROL SIGNAL,2019-06-30 15:58:00,,,
BLOOMINGTON PD,BLOOMINGTON,1,0.0,1.0,0.0,0.0,,,,ST RD 45,N RUSSELL RD,,,,39.200352,-86.468,ST RD,N,URBAN,Y,N,N,,UNKNOWN,CLEAR,DRY,,NO JUNCTION INVOLVED,CURVE/LEVEL,ASPHALT,RAN OFF RD RIGHT,RAN OFF RD,NRUSSELLRDST RD 45E,NONE,2019-06-30 08:25:00,,,
INDIANA UNIV BLOOMINGTON PD,BLOOMINGTON,1,0.0,0.0,0.0,0.0,,,,ST RD 46,W ARLINGTON RD,,,,,,ST RD,N,URBAN,N,Y,Y,LN CLOSURE,DAWN/DUSK,RAIN,WET,,RAMP,CURVE/LEVEL,ASPHALT,OTHER (DRIVER) - EXPLAIN IN NARRATIVE,RAN OFF RD,ST RD 46 WARLINGTONRD,NONE,2019-06-30 19:25:00,,,
MONROE SD,BLOOMINGTON,1,0.0,0.0,0.0,0.0,,,,N WAYPORT,E LLIS RD,,300.0,N,39.33737749,-86.4871,LOCAL/CITY RD,N,URBAN,N,N,N,,DARK (NOT LIGHTED),CLEAR,DRY,,NO JUNCTION INVOLVED,CURVE/LEVEL,ASPHALT,RAN OFF RD RIGHT,RAN OFF RD,ECHAMBERSPKNWAYPORTRD,NONE,2019-06-30 21:45:00,,,
DNR LAW ENFORCEMENT,BLOOMINGTON,1,1.0,0.0,0.0,0.0,,,,ST RD 446,E HAYS RD,,40.0,S,39.04455978,-86.40785574,ST RD,N,RURAL,N,N,N,,DAYLIGHT,CLEAR,DRY,,NO JUNCTION INVOLVED,CURVE/LEVEL,ASPHALT,IMPROPER LN USAGE,RAN OFF RD,HAYSRDRDST RD 446S,LN CONTROL,2019-06-30 11:25:00,,,
BLOOMINGTON PD,BLOOMINGTON,1,0.0,1.0,0.0,0.0,,,,W 1ST,S WALKER ST,,200.0,E,39.159648,-86.546,LOCAL/CITY RD,N,URBAN,Y,N,N,,DAWN/DUSK,RAIN,WET,,NO JUNCTION INVOLVED,STRAIGHT/GRADE,ASPHALT,DISREGARD SIGNAL/REG SIGN,RIGHT ANGLE,SWALKERSTW1STST,NONE,2019-06-30 21:20:00,,True,
BLOOMINGTON PD,BLOOMINGTON,2,0.0,2.0,0.0,0.0,,,,S CURRY,ST RD 48,,200.0,N,39.18578891,-86.58296,LOCAL/CITY RD,N,URBAN,N,N,N,,DAYLIGHT,CLEAR,DRY,,NO JUNCTION INVOLVED,STRAIGHT/LEVEL,ASPHALT,UNSAFE LN MOVEMENT,RIGHT ANGLE,CURRYPK3RDST,LN CONTROL,2019-07-01 12:36:00,,,
BLOOMINGTON PD,BLOOMINGTON,2,0.0,0.0,0.0,0.0,,,,S CURRY,ST RD 48,,75.0,S,39.164544,-86.560096,LOCAL/CITY RD,N,URBAN,N,N,N,,DAYLIGHT,CLEAR,DRY,,T-INTERSECTION,STRAIGHT/LEVEL,ASPHALT,FAILURE TO YIELD RIGHT OF WAY,RIGHT ANGLE,SCURRYPKW 3RDST,LN CONTROL,2019-07-01 13:35:00,,,
BLOOMINGTON PD,BLOOMINGTON,2,0.0,0.0,0.0,0.0,,,,S GATES,ST RD 48,,,,39.16459,-86.5762,LOCAL/CITY RD,N,URBAN,N,N,N,,DAYLIGHT,CLEAR,DRY,,FOUR-WAY INTERSECTION,STRAIGHT/GRADE,ASPHALT,IMPROPER LN USAGE,SAME DIRECTION SIDESWIPE,3RDSTGATESDR,TRAFFIC CONTROL SIGNAL,2019-07-01 12:50:00,,,
MONROE SD,BLOOMINGTON,2,0.0,0.0,0.0,0.0,,,,E RICHLAND,N RURAL DR,,700.0,E,39.21925493,-86.51162619,LOCAL/CITY RD,N,RURAL,N,N,N,,DARK (NOT LIGHTED),CLEAR,DRY,,T-INTERSECTION,STRAIGHT/LEVEL,ASPHALT,UNSAFE SPEED,OPPOSITE DIRECTION SIDESWIPE,RICHLANDDRIVERURALST,NONE,2019-07-01 22:36:00,,,
MONROE SD,BLOOMINGTON,1,0.0,0.0,0.0,0.0,,,,N LOUDEN,W RATLIFF RD,,300.0,S,39.15556828,-86.63957,LOCAL/CITY RD,N,RURAL,N,N,N,,DAYLIGHT,CLOUDY,WET,,NO JUNCTION INVOLVED,STRAIGHT/GRADE,ASPHALT,RAN OFF RD RIGHT,RAN OFF RD,NORTHLOUDENRDWESTRATLIFFRD,NONE,2019-07-01 14:47:00,,,
BLOOMINGTON PD,BLOOMINGTON,1,0.0,0.0,0.0,0.0,,,,S HAWTHORNE,E 2ND ST,,200.0,N,39.18221698,-86.5202,LOCAL/CITY RD,N,URBAN,N,N,N,,DAYLIGHT,CLEAR,DRY,,NO JUNCTION INVOLVED,STRAIGHT/LEVEL,ASPHALT,RAN OFF RD RIGHT,RAN OFF RD,2NDSTHAWTHORNEST,NONE,2019-07-01 10:22:00,,,
MONROE SD,BLOOMINGTON,2,0.0,3.0,0.0,0.0,,,,ST RD 45,N SKIRVIN RD,,275.0,W,39.22723171,-86.43490557,ST RD,N,RURAL,N,N,N,,DAYLIGHT,CLEAR,DRY,,NO JUNCTION INVOLVED,STRAIGHT/LEVEL,ASPHALT,FAILURE TO YIELD RIGHT OF WAY,RIGHT ANGLE,NSKIRVINLNST RD 45E,NONE,2019-07-01 08:47:00,,,
MONROE SD,BLOOMINGTON,1,0.0,0.0,0.0,1.0,,,,ST RD 48,S CAVE RD,,1200.0,E,39.16376722,-86.6249447,ST RD,N,URBAN,N,N,N,,DAWN/DUSK,CLEAR,DRY,,NO JUNCTION INVOLVED,CURVE/GRADE,ASPHALT,ANIMAL/OBJECT IN RDWAY,COLLISION WITH DEER,CAVERDST RD 48E,NONE,2019-07-01 05:59:00,,,
BLOOMINGTON PD,BLOOMINGTON,3,0.0,0.0,0.0,0.0,,,,N KINSER,ST RD 45/46,,,,39.186544,-86.537888,LOCAL/CITY RD,Y,URBAN,N,N,N,,DAYLIGHT,CLEAR,DRY,,FOUR-WAY INTERSECTION,STRAIGHT/LEVEL,ASPHALT,FOLLOWING TOO CLOSELY,REAR END,4546HWYNKINSERPK,TRAFFIC CONTROL SIGNAL,2019-07-02 16:40:00,,,
INDIANA UNIV BLOOMINGTON PD,BLOOMINGTON,2,1.0,2.0,0.0,0.0,,,,ST RD 45/46,N DUNN ST,,,,39.18629,-86.52841,ST RD,N,URBAN,N,N,N,,DAYLIGHT,CLEAR,DRY,,FOUR-WAY INTERSECTION,STRAIGHT/LEVEL,ASPHALT,DRIVER ASLEEP OR FATIGUED,REAR END,DUNNSTST RD 46,TRAFFIC CONTROL SIGNAL,2019-07-02 12:30:00,,,
MONROE SD,BLOOMINGTON,2,0.0,0.0,0.0,0.0,,,,N SMITH,W WOODYARD,,,,0.0,0.0,LOCAL/CITY RD,N,URBAN,N,N,N,,DAYLIGHT,CLEAR,DRY,,T-INTERSECTION,STRAIGHT/GRADE,ASPHALT,FOLLOWING TOO CLOSELY,REAR END,SMITHPKWOODYARDRD,STOP SIGN,2019-07-02 17:52:00,,,
MONROE SD,BLOOMINGTON,1,0.0,0.0,0.0,0.0,,,,S ST RD 37,S DELLSVILLE RD,,50.0,N,39.07141393,-86.54152,LOCAL/CITY RD,N,RURAL,N,N,N,,DAYLIGHT,CLEAR,DRY,,NO JUNCTION INVOLVED,CURVE/LEVEL,ASPHALT,RAN OFF RD RIGHT,RAN OFF RD,SDELLSVILLERDSOLDSTATERD37RD,NONE,2019-07-02 13:42:00,,,
BLOOMINGTON PD,BLOOMINGTON,2,0.0,,0.0,0.0,3470.0,,,W 3RD,,,,,39.228944,-86.627504,UNKNOWN,Y,URBAN,N,N,N,,DAYLIGHT,CLEAR,DRY,,NO JUNCTION INVOLVED,STRAIGHT/LEVEL,ASPHALT,FAILURE TO YIELD RIGHT OF WAY,RIGHT ANGLE,WEST3RDST,STOP SIGN,2019-07-02 11:39:00,,,
ISP BLOOMINGTON 33,BLOOMINGTON,2,0.0,0.0,0.0,0.0,,,,W FOUNTAIN,W 11TH ST,,,,0.0,0.0,LOCAL/CITY RD,N,URBAN,N,N,N,,DAYLIGHT,CLEAR,DRY,,Y-INTERSECTION,STRAIGHT/LEVEL,ASPHALT,FAILURE TO YIELD RIGHT OF WAY,LEFT TURN,11THSTFOUNTAINDR,LN CONTROL,2019-07-02 13:35:00,,,
MONROE SD,BLOOMINGTON,2,0.0,0.0,0.0,0.0,,,,W WOODYARD,W WALCOTT LN,,1000.0,S,39.201488,-86.601968,COUNTY RD,N,RURAL,N,N,N,,DAYLIGHT,CLEAR,DRY,,NO JUNCTION INVOLVED,CURVE/GRADE,ASPHALT,LEFT OF CENTER,HEAD ON BETWEEN TWO MOTOR VEHICLES,WESTWALCOTTLNWESTWOODYARDRD,NONE,2019-07-02 08:29:00,,,
BLOOMINGTON PD,BLOOMINGTON,2,0.0,0.0,0.0,0.0,,,,ST RD 46,KINGSTON DR S,,,,39.16424,-86.492944,LOCAL/CITY RD,N,URBAN,N,N,N,,DAYLIGHT,RAIN,WET,,FOUR-WAY INTERSECTION,STRAIGHT/GRADE,ASPHALT,UNSAFE LN MOVEMENT,RAN OFF RD,E 3RDSTSKINGSTONDR,TRAFFIC CONTROL SIGNAL,2019-07-03 16:59:00,,,
BLOOMINGTON PD,BLOOMINGTON,2,0.0,1.0,0.0,0.0,,,,S WALNUT,E GRIMES LN,,,,39.15344,-86.5336,LOCAL/CITY RD,N,URBAN,N,N,N,,DAYLIGHT,CLEAR,DRY,,FOUR-WAY INTERSECTION,STRAIGHT/LEVEL,ASPHALT,DRIVER DISTRACTED - EXPLAIN IN NARRATIVE,REAR END,EGRIMESLNSWALNUTST,TRAFFIC CONTROL SIGNAL,2019-07-03 14:05:00,,,
BLOOMINGTON PD,BLOOMINGTON,1,0.0,0.0,0.0,0.0,,,,S WALNUT,E KIRKWOOD AVE,,,,39.16664,-86.5336,LOCAL/CITY RD,N,URBAN,N,N,N,,DAYLIGHT,CLEAR,DRY,,FOUR-WAY INTERSECTION,STRAIGHT/GRADE,ASPHALT,IMPROPER TURNING,RAN OFF RD,KIRKWOODAVEWALNUTST,TRAFFIC CONTROL SIGNAL,2019-07-03 09:15:00,,,
BLOOMINGTON PD,BLOOMINGTON,3,0.0,0.0,0.0,0.0,,,,N WALNUT,W ST RD 37,,300.0,S,39.20704,-86.534704,LOCAL/CITY RD,N,URBAN,N,N,N,,DAYLIGHT,CLEAR,DRY,,FOUR-WAY INTERSECTION,STRAIGHT/GRADE,ASPHALT,FOLLOWING TOO CLOSELY,REAR END,NWALNUTSTOLDSTATERD37RD,NONE,2019-07-03 16:51:00,,,
BLOOMINGTON PD,BLOOMINGTON,2,0.0,0.0,0.0,0.0,,,,W 1ST,S COLLEGE AVE,,,,39.17688,-86.534736,LOCAL/CITY RD,N,URBAN,N,N,N,,DARK (NOT LIGHTED),CLEAR,DRY,,FOUR-WAY INTERSECTION,STRAIGHT/LEVEL,ASPHALT,OTHER (DRIVER) - EXPLAIN IN NARRATIVE,OPPOSITE DIRECTION SIDESWIPE,1STSTCOLLEGEAVE,TRAFFIC CONTROL SIGNAL,2019-07-03 00:52:00,,,
BLOOMINGTON PD,BLOOMINGTON,3,0.0,1.0,0.0,0.0,,,,ST RD 45/46,N MONROE ST,,500.0,E,39.186944,-86.5468,LOCAL/CITY RD,N,URBAN,N,N,N,,DARK (NOT LIGHTED),CLEAR,WET,,NO JUNCTION INVOLVED,STRAIGHT/LEVEL,ASPHALT,FOLLOWING TOO CLOSELY,REAR END,NMONROESTWSTATERD4546BYP,NONE,2019-07-03 22:47:00,,,
ISP BLOOMINGTON 33,BLOOMINGTON,1,0.0,0.0,0.0,0.0,,,,I-69 S,,,,,0.0,0.0,INTERSTATE,N,RURAL,N,N,N,,DAYLIGHT,RAIN,WET,,NO JUNCTION INVOLVED,STRAIGHT/LEVEL,ASPHALT,RAN OFF RD RIGHT,RAN OFF RD,I-69125,LN CONTROL,2019-07-03 17:56:00,,,
MONROE SD,BLOOMINGTON,1,0.0,0.0,0.0,0.0,,,,S LEONARD SPRINGS,,,600.0,N,39.17761509,-86.59514,LOCAL/CITY RD,N,RURAL,N,N,N,,DAWN/DUSK,RAIN,WET,,NO JUNCTION INVOLVED,CURVE/GRADE,ASPHALT,SPEED TOO FAST FOR WEATHER CONDITIONS,RAN OFF RD,LIZZYLNSLEONARDSPRINGSRD,NONE,2019-07-03 17:50:00,,,
BLOOMINGTON PD,BLOOMINGTON,1,0.0,0.0,0.0,0.0,,,,S SARE,E ROGERS ST,,100.0,S,39.13584,-86.496288,LOCAL/CITY RD,N,URBAN,N,N,N,,DARK (NOT LIGHTED),CLEAR,DRY,,NO JUNCTION INVOLVED,CURVE/GRADE,ASPHALT,RAN OFF RD RIGHT,RAN OFF RD,ROGERSRDSSARERD,NONE,2019-07-03 04:51:00,,,
BLOOMINGTON PD,BLOOMINGTON,2,0.0,0.0,0.0,0.0,,,,W 3RD,,,,,0.0,0.0,LOCAL/CITY RD,N,URBAN,N,N,N,,DAYLIGHT,CLEAR,DRY,,T-INTERSECTION,STRAIGHT/GRADE,ASPHALT,IMPROPER TURNING,LEFT TURN,I-69OPASW 3RDST,TRAFFIC CONTROL SIGNAL,2019-07-03 15:43:00,,,
BLOOMINGTON PD,BLOOMINGTON,2,0.0,0.0,0.0,0.0,,,,W FOUNTAIN,N CRESCENT RD,,100.0,S,0.0,0.0,LOCAL/CITY RD,N,URBAN,N,N,N,,DAYLIGHT,CLEAR,DRY,,NO JUNCTION INVOLVED,STRAIGHT/GRADE,ASPHALT,FAILURE TO YIELD RIGHT OF WAY,LEFT TURN,CRESENTRDFOUNTAINDR,LN CONTROL,2019-07-03 12:34:00,,,
MONROE SD,BLOOMINGTON,2,0.0,0.0,0.0,0.0,,,,W MAPLE GROVE,N MATTHEWS DR,,,,39.245408,-86.6204,LOCAL/CITY RD,N,RURAL,N,N,N,,DAWN/DUSK,RAIN,WET,,FOUR-WAY INTERSECTION,STRAIGHT/LEVEL,ASPHALT,DISREGARD SIGNAL/REG SIGN,OTHER - EXPLAIN IN NARRATIVE,NMATTHEWSDRWMAPLEGROVERD,STOP SIGN,2019-07-03 19:45:00,,,
MONROE SD,BLOOMINGTON,2,0.0,0.0,0.0,0.0,,,,ST RD 45,INDUSTRIAL BLVD,,,,39.1436,-86.58031,ST RD,N,RURAL,N,N,N,,DAWN/DUSK,CLEAR,DRY,,FOUR-WAY INTERSECTION,STRAIGHT/LEVEL,ASPHALT,OTHER (DRIVER) - EXPLAIN IN NARRATIVE,REAR END,INDUSTRIALBLVDST RD 45 W,TRAFFIC CONTROL SIGNAL,2019-07-04 07:11:00,,,
MONROE SD,BLOOMINGTON,1,0.0,0.0,0.0,0.0,,,,ST RD 48,N OARD,,,,39.164848,-86.62,ST RD,N,RURAL,N,N,N,,DARK (NOT LIGHTED),CLEAR,DRY,,T-INTERSECTION,STRAIGHT/LEVEL,ASPHALT,RAN OFF RD RIGHT,RAN OFF RD,OARDRDST RD 48E,NONE,2019-07-04 05:21:00,,,
BLOOMINGTON PD,BLOOMINGTON,2,0.0,0.0,0.0,0.0,,,,S WALNUT,E GRIMES LN,,,,39.15344,-86.5336,LOCAL/CITY RD,N,URBAN,N,N,N,,DAYLIGHT,CLEAR,DRY,,FOUR-WAY INTERSECTION,STRAIGHT/LEVEL,ASPHALT,FOLLOWING TOO CLOSELY,REAR END,EGRIMESLNSWALNUTST,TRAFFIC CONTROL SIGNAL,2019-07-05 14:00:00,,,