Agency,City,Vehicles Involved,Trailers Involved,Number Injured,Number Dead,Number Deer,House Number,Roadway Interchange,Roadway Ramp,Roadway Id,Intersecting Road,Interchange,Feet From,Direction,Latitude,Longitude,Roadway Class,Hit and Run?,Locality,School Zone?,Rumble Strips?,Construction?,Construction Type,Light Condition,Weather Conditions,Surface Condition,Type of Median,Roadway Junction Type,Road Character,Roadway Surface,Primary Factor,Manner of Collision,Unique Location Id,Traffic Control,DateTime,Address Number,Cyclist Involved,Pedestrian Involved
MONROE SD,BLOOMINGTON,1,0.0,0.0,0.0,0.0,,,,S COLLEGE,W 3RD ST,,,,39.16464,-86.534816,LOCAL/CITY RD,N,URBAN,N,N,N,,DARK (LIGHTED),CLEAR,DRY,,NO JUNCTION INVOLVED,STRAIGHT/LEVEL,ASPHALT,RAN OFF RD RIGHT,RAN OFF RD,3RDSTCOLLEGEAVE,NONE,2019-07-05 04:35:00,,,
BLOOMINGTON PD,BLOOMINGTON,2,0.0,0.0,0.0,0.0,,,,W 7TH,N COLLEGE AVE,,,,39.168656,-86.534784,LOCAL/CITY RD,Y,URBAN,N,N,N,,DAYLIGHT,CLEAR,DRY,,FOUR-WAY INTERSECTION,STRAIGHT/LEVEL,ASPHALT,DISREGARD SIGNAL/REG SIGN,RIGHT ANGLE,7THSTNCOLLEGEAVE,TRAFFIC CONTROL SIGNAL,2019-07-05 15:51:00,,,
MONROE SD,BLOOMINGTON,1,0.0,1.0,0.0,0.0,,,,E SAMPLE,N WAYPORT RD,,1320.0,E,39.26577609,-86.52091166,LOCAL/CITY RD,N,RURAL,N,N,N,,DAYLIGHT,CLOUDY,WET,,NO JUNCTION INVOLVED,CURVE/GRADE,ASPHALT,SPEED TOO FAST FOR WEATHER CONDITIONS,RAN OFF RD,ESAMPLERDNWAYPORTRD,NONE,2019-07-05 17:22:00,,,
BLOOMINGTON PD,BLOOMINGTON,2,0.0,0.0,0.0,0.0,,,,E 4TH,S DUNN ST,,200.0,W,39.165648,-86.528144,LOCAL/CITY RD,Y,URBAN,N,N,N,,,,,,NO JUNCTION INVOLVED,STRAIGHT/LEVEL,ASPHALT,,,E4THSTSDUNNST,NONE,2019-07-05 08:00:00,,,
MONROE SD,BLOOMINGTON,1,0.0,0.0,0.0,0.0,,,,E ROBINSON,W ST RD 37,,450.0,N,39.28795694,-86.49927,LOCAL/CITY RD,N,RURAL,N,N,N,,DAYLIGHT,CLEAR,DRY,,NO JUNCTION INVOLVED,STRAIGHT/LEVEL,ASPHALT,RAN OFF RD RIGHT,RAN OFF RD,EROBINSONRDOLDSTATE37NRD,NONE,2019-07-05 06:45:00,,,
ISP BLOOMINGTON 33,BLOOMINGTON,2,0.0,0.0,0.0,0.0,,,,I-69 S,,,,,0.0,0.0,INTERSTATE,N,RURAL,N,N,N,,DAYLIGHT,RAIN,WET,,NO JUNCTION INVOLVED,STRAIGHT/LEVEL,ASPHALT,SPEED TOO FAST FOR WEATHER CONDITIONS,RIGHT ANGLE,I-69125,LN CONTROL,2019-07-05 16:37:00,,,
MONROE SD,BLOOMINGTON,2,0.0,1.0,0.0,0.0,,,,S HANDY,S AIRLINE RD,,100.0,S,39.08287477,-86.48688,COUNTY RD,N,RURAL,N,N,N,,DAYLIGHT,CLEAR,DRY,,Y-INTERSECTION,CURVE/LEVEL,ASPHALT,LEFT OF CENTER,HEAD ON BETWEEN TWO MOTOR VEHICLES,SAIRLINERDSHANDYRD,NONE,2019-07-05 17:26:00,,,
MONROE SD,BLOOMINGTON,1,0.0,0.0,0.0,0.0,,,,S WALNUT ST PK,E CRESTLINE DR,,210.0,N,39.116352,-86.526496,LOCAL/CITY RD,N,RURAL,N,N,N,,DAWN/DUSK,CLOUDY,WET,,NO JUNCTION INVOLVED,STRAIGHT/LEVEL,CONCRETE,RAN OFF RD RIGHT,RAN OFF RD,ECRESTLINEDRSWALNUTSTPK,NONE,2019-07-05 21:08:00,,,
ELLETTSVILLE PD,ELLETTSVILLE,2,0.0,0.0,0.0,0.0,,,,ST RD 46,N 1ST,,100.0,E,39.23125467,-86.62103537,ST RD,N,URBAN,N,N,N,,DAYLIGHT,RAIN,WET,,NO JUNCTION INVOLVED,STRAIGHT/LEVEL,ASPHALT,IMPROPER TURNING,LEFT TURN,FIRSTSTST RD 46 W,NONE,2019-07-05 16:56:00,,,
BLOOMINGTON PD,BLOOMINGTON,2,0.0,0.0,0.0,0.0,,,,W 3RD,S MULLER PKWY,,,,39.1645,-86.5627,LOCAL/CITY RD,N,URBAN,N,N,N,,DAYLIGHT,CLEAR,DRY,,T-INTERSECTION,STRAIGHT/LEVEL,ASPHALT,FAILURE TO YIELD RIGHT OF WAY,SAME DIRECTION SIDESWIPE,SOUTHMULLERPKWYWEST3RDST,NONE,2019-07-05 13:22:00,,,
BLOOMINGTON PD,BLOOMINGTON,2,0.0,0.0,0.0,0.0,,,,W 2ND,S COLLEGE AVE,,,,39.16138,-86.53493,LOCAL/CITY RD,N,URBAN,N,N,N,,DAYLIGHT,CLOUDY,DRY,,FOUR-WAY INTERSECTION,STRAIGHT/LEVEL,ASPHALT,FOLLOWING TOO CLOSELY,REAR END,SOUTHCOLLEGEAVEWEST2NDST,TRAFFIC CONTROL SIGNAL,2019-07-06 17:20:00,,,
ELLETTSVILLE PD,ELLETTSVILLE,2,0.0,0.0,0.0,0.0,,,,ST RD 46,N SMITH PK,,,,39.20997,-86.58271,ST RD,N,URBAN,N,N,N,,DAYLIGHT,CLEAR,DRY,,T-INTERSECTION,STRAIGHT/LEVEL,ASPHALT,DRIVER ASLEEP OR FATIGUED,REAR END,SMITHPKRDST RD 46 W,TRAFFIC CONTROL SIGNAL,2019-07-06 07:38:00,,,
BLOOMINGTON PD,BLOOMINGTON,1,0.0,0.0,0.0,1.0,,,,N WALNUT,W ST RD 37,,,,39.20704,-86.534704,LOCAL/CITY RD,N,URBAN,N,N,N,,DARK (NOT LIGHTED),CLEAR,DRY,,FOUR-WAY INTERSECTION,STRAIGHT/GRADE,ASPHALT,ANIMAL/OBJECT IN RDWAY,COLLISION WITH DEER,NORTHWALNUTSTOLDSTATERD37RD,TRAFFIC CONTROL SIGNAL,2019-07-06 02:40:00,,,
BLOOMINGTON PD,BLOOMINGTON,1,0.0,0.0,0.0,0.0,,,,ST RD 46,ST RD 446,,,,39.164448,-86.471888,UNKNOWN,N,URBAN,N,N,N,,DAYLIGHT,CLEAR,DRY,,T-INTERSECTION,STRAIGHT/LEVEL,ASPHALT,RAN OFF RD RIGHT,RAN OFF RD,E 3RDSTSSTATERD446RD,NONE,2019-07-06 15:40:00,,,
MONROE SD,BLOOMINGTON,1,0.0,0.0,0.0,0.0,7469.0,,,N CANYON,,,,,39.13304,-86.522288,LOCAL/CITY RD,N,RURAL,N,N,N,,DAYLIGHT,CLEAR,DRY,,T-INTERSECTION,CURVE/LEVEL,ASPHALT,DRIVER ILLNESS,RAN OFF RD,NCANYONCT,NONE,2019-07-06 13:55:00,,,
BLOOMINGTON PD,BLOOMINGTON,1,0.0,0.0,0.0,0.0,,,,N HEADLEY,E TREADWELL LN,,100.0,N,39.19008,-86.514288,LOCAL/CITY RD,N,URBAN,N,N,N,,DARK (NOT LIGHTED),CLEAR,DRY,,NO JUNCTION INVOLVED,CURVE/LEVEL,ASPHALT,ANIMAL/OBJECT IN RDWAY,RAN OFF RD,ETREADWELLLNNHEADLEYRD,NONE,2019-07-06 00:48:00,,,
BLOOMINGTON PD,BLOOMINGTON,2,0.0,0.0,0.0,0.0,,,,S ROCKPORT,W TAPP RD,,,,39.03354222,-86.61119288,LOCAL/CITY RD,Y,URBAN,N,N,N,,DAYLIGHT,CLEAR,DRY,,FOUR-WAY INTERSECTION,STRAIGHT/LEVEL,ASPHALT,FOLLOWING TOO CLOSELY,REAR END,SOUTHROCKPORTRDWESTTAPPRD,TRAFFIC CONTROL SIGNAL,2019-07-06 13:41:00,,,
BLOOMINGTON PD,BLOOMINGTON,2,0.0,0.0,0.0,0.0,,,,E 1ST,S HAWTHORNE DR,,100.0,W,39.159344,-86.520096,LOCAL/CITY RD,N,URBAN,Y,N,N,,DAYLIGHT,CLEAR,DRY,,NO JUNCTION INVOLVED,STRAIGHT/GRADE,ASPHALT,OVERCORRECTING/OVERSTEERING,SAME DIRECTION SIDESWIPE,E1STSTSHAWTHORNEDR,NONE,2019-07-07 13:35:00,,,
MONROE SD,BLOOMINGTON,2,0.0,1.0,0.0,0.0,,,,I-69 S,,,0.0,N,41.35203651,-85.08767543,INTERSTATE,N,RURAL,N,Y,N,,DAYLIGHT,CLEAR,DRY,,NO JUNCTION INVOLVED,STRAIGHT/LEVEL,ASPHALT,UNSAFE SPEED,REAR END,I-69S128,NONE,2019-07-07 19:18:00,,,
MONROE SD,BLOOMINGTON,2,0.0,0.0,0.0,0.0,,,,S ST RD 37,S KETCHAM RUNAROUND,,,,39.07115,-86.54444,LOCAL/CITY RD,N,RURAL,N,N,N,,DAYLIGHT,CLEAR,DRY,,T-INTERSECTION,CURVE/LEVEL,ASPHALT,FAILURE TO YIELD RIGHT OF WAY,RIGHT ANGLE,OLDST RD 37RDSKETCHAMROUNDABOUTRD,STOP SIGN,2019-07-07 13:50:00,,,
MONROE SD,BLOOMINGTON,1,0.0,0.0,0.0,0.0,,,,ST RD 37,W ACUFF RD,,2156.0,S,0.0,0.0,INTERSTATE,N,RURAL,N,N,N,,DAYLIGHT,CLEAR,DRY,,NO JUNCTION INVOLVED,STRAIGHT/LEVEL,ASPHALT,RAN OFF RD RIGHT,RAN OFF RD,ACUFFRDST RD 37,NONE,2019-07-07 19:40:00,,,
BLOOMINGTON PD,BLOOMINGTON,2,0.0,0.0,0.0,0.0,,,,E 3RD,S SWAIN AVE,,,,39.16424,-86.5152,LOCAL/CITY RD,N,URBAN,N,N,N,,DAYLIGHT,CLEAR,DRY,,NO JUNCTION INVOLVED,STRAIGHT/LEVEL,ASPHALT,UNSAFE LN MOVEMENT,SAME DIRECTION SIDESWIPE,E 3RDSTSSWAINAVE,LN CONTROL,2019-07-08 10:35:00,,,
INDIANA UNIV BLOOMINGTON PD,BLOOMINGTON,2,0.0,0.0,0.0,0.0,,,,E 3RD,S WOODSCREST DR,,,,39.16427,-86.50241,LOCAL/CITY RD,N,URBAN,N,N,N,,DAYLIGHT,CLEAR,DRY,,FOUR-WAY INTERSECTION,STRAIGHT/LEVEL,ASPHALT,FAILURE TO YIELD RIGHT OF WAY,REAR END,3RDSTWOODCRESTDR,TRAFFIC CONTROL SIGNAL,2019-07-08 19:29:00,,,
BLOOMINGTON PD,BLOOMINGTON,3,0.0,2.0,0.0,0.0,,,,ST RD 45,INDUSTRIAL BLVD,,200.0,E,39.14387261,-86.57995526,ST RD,N,URBAN,N,N,N,,DAYLIGHT,CLEAR,DRY,,FOUR-WAY INTERSECTION,STRAIGHT/LEVEL,ASPHALT,DRIVER DISTRACTED - EXPLAIN IN NARRATIVE,REAR END,ST RD 45 WWINDUSTRIALBLVD,TRAFFIC CONTROL SIGNAL,2019-07-08 17:50:00,,,
MONROE SD,BLOOMINGTON,2,0.0,0.0,0.0,0.0,,,,ST RD 37,S VICTOR PK,,,,39.105552,-86.551104,ST RD,N,RURAL,N,N,N,,DAYLIGHT,CLEAR,DRY,,FOUR-WAY INTERSECTION,STRAIGHT/GRADE,ASPHALT,FOLLOWING TOO CLOSELY,REAR END,S ST RD 37VICTORPK,TRAFFIC CONTROL SIGNAL,2019-07-08 17:25:00,,,
ISP BLOOMINGTON 33,BLOOMINGTON,2,0.0,0.0,0.0,0.0,,,,I-69 S,,,,,0.0,0.0,INTERSTATE,Y,RURAL,N,N,N,,DAYLIGHT,CLEAR,DRY,,NO JUNCTION INVOLVED,STRAIGHT/LEVEL,ASPHALT,IMPROPER LN USAGE,SAME DIRECTION SIDESWIPE,I-69115.0,LN CONTROL,2019-07-08 08:55:00,,,
MONROE SD,BLOOMINGTON,1,0.0,1.0,0.0,0.0,,,,MAEFIELD,N UNION VALLEY RD,,100.0,E,39.22101,-86.59269865,LOCAL/CITY RD,N,URBAN,N,N,N,,DAYLIGHT,CLEAR,DRY,,NO JUNCTION INVOLVED,STRAIGHT/LEVEL,ASPHALT,RAN OFF RD RIGHT,RAN OFF RD,NUNIONVALLEYRDWMAEFIELDST,NONE,2019-07-08 20:13:00,,,
MONROE SD,BLOOMINGTON,2,0.0,1.0,0.0,0.0,,,,S CURRY,W GIFFORD,,200.0,N,39.156896,-86.582704,COUNTY RD,N,RURAL,N,N,N,,DAYLIGHT,CLEAR,DRY,,NO JUNCTION INVOLVED,STRAIGHT/LEVEL,ASPHALT,UNSAFE LN MOVEMENT,SAME DIRECTION SIDESWIPE,SCURRYPKWGIFFORDRD,LN CONTROL,2019-07-08 09:10:00,,,
INDIANA UNIV BLOOMINGTON PD,BLOOMINGTON,2,0.0,0.0,0.0,0.0,,,,ST RD 45/46,E MATLOCK RD,,,,39.18629,-86.52982,ST RD,N,URBAN,N,N,N,,DAYLIGHT,CLEAR,DRY,,FOUR-WAY INTERSECTION,STRAIGHT/LEVEL,ASPHALT,FOLLOWING TOO CLOSELY,REAR END,MATLOCKRDST RD 46,TRAFFIC CONTROL SIGNAL,2019-07-08 12:10:00,,,
ELLETTSVILLE PD,ELLETTSVILLE,2,0.0,0.0,0.0,0.0,,,,ST RD 46,N LOVE LN,,,,39.219152,-86.602304,ST RD,N,URBAN,N,N,N,,DAYLIGHT,CLEAR,DRY,,NO JUNCTION INVOLVED,STRAIGHT/LEVEL,ASPHALT,FOLLOWING TOO CLOSELY,REAR END,LOVELNST RD 46 W,LN CONTROL,2019-07-08 09:51:00,,,
BLOOMINGTON PD,BLOOMINGTON,2,0.0,0.0,0.0,0.0,,,,W 12TH,N ILLINOIS ST,,100.0,W,39.174352,-86.55075286,LOCAL/CITY RD,Y,URBAN,N,N,N,,DARK (LIGHTED),CLOUDY,DRY,,NO JUNCTION INVOLVED,STRAIGHT/GRADE,ASPHALT,UNSAFE SPEED,SAME DIRECTION SIDESWIPE,12THSTILLINOISST,NONE,2019-07-08 22:37:00,,,
ELLETTSVILLE PD,ELLETTSVILLE,1,0.0,0.0,1.0,0.0,,,,W NESTLE DOWN,N MARGIE CT,,45.0,E,39.22827,-86.59678389,LOCAL/CITY RD,N,URBAN,N,N,N,,DAYLIGHT,CLEAR,DRY,,NO JUNCTION INVOLVED,CURVE/LEVEL,ASPHALT,DRIVER ILLNESS,RAN OFF RD,MAGGIECTNESTLEDOWNDR,LN CONTROL,2019-07-08 07:34:00,,,
BLOOMINGTON PD,BLOOMINGTON,2,0.0,1.0,0.0,0.0,,,,E WINSLOW,S WALNUT ST,,,,39.13597,-86.53111,LOCAL/CITY RD,N,URBAN,N,N,N,,DAYLIGHT,CLEAR,DRY,,FOUR-WAY INTERSECTION,STRAIGHT/LEVEL,ASPHALT,FAILURE TO YIELD RIGHT OF WAY,RIGHT ANGLE,EWINSLOWRDSWALNUTST,TRAFFIC CONTROL SIGNAL,2019-07-09 13:15:00,,,
INDIANA UNIV BLOOMINGTON PD,BLOOMINGTON,2,0.0,0.0,0.0,0.0,,,,E 10TH,N WALNUT GROVE ST,,,,39.17162,-86.52099,LOCAL/CITY RD,N,URBAN,N,N,N,,DAYLIGHT,CLEAR,DRY,,NO JUNCTION INVOLVED,STRAIGHT/LEVEL,ASPHALT,OVERCORRECTING/OVERSTEERING,RIGHT ANGLE,TENTHSTWALNUTGROVEST,NONE,2019-07-09 09:26:00,,,
BLOOMINGTON PD,BLOOMINGTON,3,0.0,0.0,0.0,0.0,,,,W KIRKWOOD,S ROGERS ST,,50.0,W,39.166672,-86.538608,LOCAL/CITY RD,N,URBAN,Y,N,N,,DAYLIGHT,CLEAR,DRY,,NO JUNCTION INVOLVED,STRAIGHT/LEVEL,ASPHALT,FOLLOWING TOO CLOSELY,REAR END,SROGERSSTWKIRKWOODAVE,NONE,2019-07-09 16:25:00,,,
BLOOMINGTON PD,BLOOMINGTON,2,0.0,0.0,0.0,0.0,,,,S COLLEGE MALL,E 2ND ST,,,,39.16144,-86.534848,LOCAL/CITY RD,N,URBAN,N,N,N,,DAYLIGHT,CLEAR,DRY,,FOUR-WAY INTERSECTION,STRAIGHT/LEVEL,ASPHALT,FOLLOWING TOO CLOSELY,REAR END,EAST2NDSTSOUTHCOLLEGEMALL,TRAFFIC CONTROL SIGNAL,2019-07-09 11:52:00,,,
BLOOMINGTON PD,BLOOMINGTON,2,0.0,0.0,0.0,0.0,,,,W COUNTRY CLUB,S BANTA AVE,,75.0,E,39.136304,-86.544592,LOCAL/CITY RD,N,URBAN,N,N,Y,LN CLOSURE,DAYLIGHT,CLEAR,DRY,,NO JUNCTION INVOLVED,STRAIGHT/GRADE,ASPHALT,DRIVER DISTRACTED - EXPLAIN IN NARRATIVE,REAR END,SBANTAAVEWCOUNTRYCLUBDR,LN CONTROL,2019-07-09 09:23:00,,,
MONROE SD,BLOOMINGTON,1,0.0,0.0,0.0,0.0,,,,W HOWARD,,,2500.0,N,0.0,0.0,LOCAL/CITY RD,N,RURAL,N,N,N,,DARK (NOT LIGHTED),CLEAR,DRY,,NO JUNCTION INVOLVED,CURVE/HILLCREST,ASPHALT,UNSAFE SPEED,RAN OFF RD,HOWARDRDSTRD43HWY,NONE,2019-07-09 00:01:00,,,
INDIANA UNIV BLOOMINGTON PD,BLOOMINGTON,2,0.0,0.0,0.0,0.0,,,,ST RD 45,ST RD 45/46,,,,39.171648,-86.502096,ST RD,N,URBAN,N,N,N,,DAYLIGHT,CLEAR,DRY,,FOUR-WAY INTERSECTION,CURVE/LEVEL,ASPHALT,DRIVER DISTRACTED - EXPLAIN IN NARRATIVE,REAR END,10THSTST RD 46E,TRAFFIC CONTROL SIGNAL,2019-07-10 10:04:00,,,
ISP BLOOMINGTON 33,BLOOMINGTON,2,0.0,1.0,0.0,0.0,,,,ST RD 48,S CURRY PK,,,,39.16464,-86.58296,ST RD,N,URBAN,N,N,N,,DAYLIGHT,CLEAR,DRY,,NO JUNCTION INVOLVED,STRAIGHT/LEVEL,ASPHALT,UNSAFE SPEED,REAR END,CURRYPKST RD 48,LN CONTROL,2019-07-10 15:35:00,,,
BLOOMINGTON PD,BLOOMINGTON,2,0.0,0.0,0.0,0.0,,,,S WALNUT,W KIRKWOOD AVE,,,,39.16658,-86.53361,LOCAL/CITY RD,N,URBAN,N,N,N,,DAYLIGHT,CLEAR,DRY,,FOUR-WAY INTERSECTION,STRAIGHT/LEVEL,ASPHALT,IMPROPER TURNING,LEFT TURN,KIRKWOODAVESWALNUTST,TRAFFIC CONTROL SIGNAL,2019-07-10 11:10:00,,,
MONROE SD,BLOOMINGTON,2,0.0,1.0,0.0,0.0,,,,N CURRY,W JONATHAN DR,,200.0,S,39.14720909,-86.58295,LOCAL/CITY RD,N,URBAN,N,N,N,,DAYLIGHT,CLEAR,DRY,,NO JUNCTION INVOLVED,STRAIGHT/LEVEL,ASPHALT,FOLLOWING TOO CLOSELY,REAR END,NCURRYPKWJOHNATHANDR,NONE,2019-07-10 13:18:00,,,
BLOOMINGTON PD,BLOOMINGTON,2,0.0,0.0,0.0,0.0,,,,S WALNUT,E HILLSIDE DR,,,,39.150544,-86.5336,LOCAL/CITY RD,N,URBAN,N,Y,N,,DAYLIGHT,CLEAR,DRY,,FOUR-WAY INTERSECTION,STRAIGHT/LEVEL,ASPHALT,FOLLOWING TOO CLOSELY,REAR END,EHILLSIDEDRSWALNUTST,TRAFFIC CONTROL SIGNAL,2019-07-10 14:25:00,,,
BLOOMINGTON PD,BLOOMINGTON,1,0.0,0.0,0.0,0.0,,,,E 14TH,N FORREST AVE,,,,39.17604,-86.52245,LOCAL/CITY RD,N,URBAN,N,N,N,,DAYLIGHT,CLEAR,DRY,,NO JUNCTION INVOLVED,STRAIGHT/GRADE,ASPHALT,UNSAFE BACKING,OTHER - EXPLAIN IN NARRATIVE,FORRESTAVEFOURTEENTHST,NONE,2019-07-10 15:00:00,,,
INDIANA UNIV BLOOMINGTON PD,BLOOMINGTON,1,0.0,0.0,0.0,0.0,,,,E 17TH,N WALNUT GROVE ST,,75.0,E,39.17895596,-86.52082339,UNKNOWN,N,URBAN,N,N,N,,DAYLIGHT,CLEAR,DRY,,NO JUNCTION INVOLVED,STRAIGHT/LEVEL,ASPHALT,IMPROPER TURNING,OTHER - EXPLAIN IN NARRATIVE,EAST17THSTWALNUTGROVEST,NONE,2019-07-11 11:00:00,,,
MONROE SD,BLOOMINGTON,2,0.0,0.0,0.0,0.0,,,,N CURRY,W GRAND AVE,,,,39.16649,-86.58296,LOCAL/CITY RD,N,RURAL,N,N,N,,DAYLIGHT,CLEAR,DRY,,T-INTERSECTION,STRAIGHT/LEVEL,ASPHALT,FAILURE TO YIELD RIGHT OF WAY,RIGHT ANGLE,GRANDAVENCURRYPK,NONE,2019-07-11 17:12:00,,,
BLOOMINGTON PD,BLOOMINGTON,2,0.0,0.0,0.0,0.0,,,,N WALNUT,E 9TH ST,,,,39.170544,-86.533536,LOCAL/CITY RD,N,URBAN,N,N,N,,DAYLIGHT,CLEAR,DRY,,FOUR-WAY INTERSECTION,STRAIGHT/GRADE,ASPHALT,UNSAFE LN MOVEMENT,LEFT TURN,E9THSTNWALNUTST,NONE,2019-07-11 16:25:00,,,
MONROE SD,BLOOMINGTON,1,0.0,0.0,0.0,0.0,7200.0,,,S BREEDEN,,,1000.0,S,39.076048,-86.674496,COUNTY RD,N,RURAL,N,N,N,,DARK (NOT LIGHTED),CLEAR,DRY,,NO JUNCTION INVOLVED,CURVE/LEVEL,ASPHALT,RAN OFF RD RIGHT,RAN OFF RD,7200SBREEDENRDTOMPHILLIPSRD,NONE,2019-07-11 22:55:00,,,
MONROE SD,BLOOMINGTON,2,0.0,0.0,0.0,0.0,,,,ST RD 46,,,300.0,E,39.20961792,-86.58238493,ST RD,Y,RURAL,N,N,N,,DAYLIGHT,CLEAR,DRY,,NO JUNCTION INVOLVED,STRAIGHT/LEVEL,ASPHALT,IMPROPER TURNING,RIGHT TURN,NSMITHPKST RD 46 W,NONE,2019-07-11 15:29:00,,,
BLOOMINGTON PD,BLOOMINGTON,2,0.0,0.0,0.0,0.0,,,,W 6TH,N ADAMS ST,,,,39.167728,-86.5496,LOCAL/CITY RD,Y,URBAN,N,N,N,,DAYLIGHT,CLEAR,DRY,,FOUR-WAY INTERSECTION,STRAIGHT/LEVEL,ASPHALT,FOLLOWING TOO CLOSELY,REAR END,NADAMSSTW6THST,NONE,2019-07-11 10:58:00,,,
BLOOMINGTON PD,BLOOMINGTON,2,0.0,1.0,0.0,0.0,,,,E 3RD,S COLLEGE MALL RD,,,,39.16424,-86.4984,LOCAL/CITY RD,N,URBAN,N,N,N,,DAYLIGHT,CLEAR,DRY,,FOUR-WAY INTERSECTION,STRAIGHT/LEVEL,ASPHALT,DRIVER DISTRACTED - EXPLAIN IN NARRATIVE,REAR END,3RDSTCOLLEGEMALLRD,TRAFFIC CONTROL SIGNAL,2019-07-12 11:45:00,,,
BLOOMINGTON PD,BLOOMINGTON,1,0.0,0.0,0.0,0.0,,,,N ADAMS,ILLINOS CENTRAL RAILRD BRIDGE,,150.0,S,0.0,0.0,LOCAL/CITY RD,N,URBAN,N,N,N,,DAYLIGHT,CLEAR,DRY,,NO JUNCTION INVOLVED,STRAIGHT/LEVEL,ASPHALT,DISREGARD SIGNAL/REG SIGN,OTHER - EXPLAIN IN NARRATIVE,NADAMSSTWFOUNTAINST,NONE,2019-07-12 13:28:00,,,
MONROE SD,BLOOMINGTON,2,0.0,0.0,0.0,0.0,,,,N UNION VALLEY,W LOST MANS LN,,,,39.222848,-86.592704,LOCAL/CITY RD,N,RURAL,N,N,N,,DAYLIGHT,CLEAR,DRY,,NO JUNCTION INVOLVED,STRAIGHT/GRADE,ASPHALT,FAILURE TO YIELD RIGHT OF WAY,LEFT TURN,NUNIONVALLEYRDWLOSTMANSLN,LN CONTROL,2019-07-12 12:22:00,,,
BLOOMINGTON PD,BLOOMINGTON,2,0.0,1.0,0.0,0.0,,,,W 2ND,S EUCLID AVE,,100.0,W,39.16142,-86.54336134,LOCAL/CITY RD,N,URBAN,N,N,N,,DAYLIGHT,CLEAR,DRY,,NO JUNCTION INVOLVED,STRAIGHT/GRADE,ASPHALT,FOLLOWING TOO CLOSELY,REAR END,2NDSTEUCLIDAVE,LN CONTROL,2019-07-12 07:52:00,,,
INDIANA UNIV BLOOMINGTON PD,BLOOMINGTON,2,0.0,0.0,0.0,0.0,,,,N HEADLEY,,,1500.0,N,39.19111166,-86.5117616,LOCAL/CITY RD,N,URBAN,N,N,N,,DAWN/DUSK,CLEAR,DRY,,NO JUNCTION INVOLVED,CURVE/GRADE,ASPHALT,IMPROPER PASSING,SAME DIRECTION SIDESWIPE,HEADLEYRDMAPLECRESTDR,NONE,2019-07-13 21:10:00,,,
MONROE SD,BLOOMINGTON,1,0.0,1.0,0.0,0.0,,,,ST RD 446,,,1250.0,N,39.18877724,-86.40941,ST RD,N,RURAL,N,N,N,,DARK (NOT LIGHTED),CLEAR,DRY,,NO JUNCTION INVOLVED,CURVE/GRADE,ASPHALT,DRIVER ASLEEP OR FATIGUED,RAN OFF RD,ST RD 446SWALDRIPCRK,LN CONTROL,2019-07-13 03:35:00,,,
BLOOMINGTON PD,BLOOMINGTON,2,0.0,2.0,0.0,0.0,,,,W 3RD,,,,,0.0,0.0,LOCAL/CITY RD,N,URBAN,N,N,N,,DAYLIGHT,CLEAR,DRY,,RAMP,STRAIGHT/LEVEL,CONCRETE,DISREGARD SIGNAL/REG SIGN,LEFT TURN,I-69 NWEST3RDST,TRAFFIC CONTROL SIGNAL,2019-07-13 17:06:00,,,
BLOOMINGTON PD,BLOOMINGTON,2,0.0,0.0,0.0,0.0,,,,S WALNUT ST PK,E WINSLOW RD,,,,39.13599,-86.52881,LOCAL/CITY RD,N,URBAN,N,N,N,,DAYLIGHT,CLEAR,DRY,,FOUR-WAY INTERSECTION,STRAIGHT/LEVEL,ASPHALT,FAILURE TO YIELD RIGHT OF WAY,RIGHT ANGLE,EWINSLOWRDSWALNUTSTPK,STOP SIGN,2019-07-14 17:27:00,,,
BLOOMINGTON PD,BLOOMINGTON,2,0.0,0.0,0.0,0.0,,,,E WINSLOW,S ALLENDALE RD,,,,39.136,-86.51592,LOCAL/CITY RD,N,URBAN,N,N,N,,DAWN/DUSK,CLEAR,DRY,,T-INTERSECTION,STRAIGHT/LEVEL,ASPHALT,FOLLOWING TOO CLOSELY,REAR END,ALLENDALEDRWINSLOWRD,STOP SIGN,2019-07-14 06:30:00,,,
BLOOMINGTON PD,BLOOMINGTON,1,0.0,0.0,0.0,0.0,,,,N ADAMS,ILLINOS CENTRAL RAILRD BRIDGE,,100.0,N,39.16884964,-86.5495696,LOCAL/CITY RD,N,URBAN,N,N,N,,DAYLIGHT,CLEAR,DRY,,NO JUNCTION INVOLVED,STRAIGHT/GRADE,ASPHALT,DISREGARD SIGNAL/REG SIGN,OTHER - EXPLAIN IN NARRATIVE,7THSTADAMSST,LN CONTROL,2019-07-14 08:40:00,,,