Agency,City,Vehicles Involved,Trailers Involved,Number Injured,Number Dead,Number Deer,House Number,Roadway Interchange,Roadway Ramp,Roadway Id,Intersecting Road,Interchange,Feet From,Direction,Latitude,Longitude,Roadway Class,Hit and Run?,Locality,School Zone?,Rumble Strips?,Construction?,Construction Type,Light Condition,Weather Conditions,Surface Condition,Type of Median,Roadway Junction Type,Road Character,Roadway Surface,Primary Factor,Manner of Collision,Unique Location Id,Traffic Control,DateTime,Address Number,Cyclist Involved,Pedestrian Involved
ISP BLOOMINGTON 33,BLOOMINGTON,1,0.0,2.0,0.0,0.0,,,,ST RD 37,E SMITHVILLE RD,,300.0,N,39.07187776,-86.53567758,ST RD,N,RURAL,N,N,N,,DAYLIGHT,CLEAR,DRY,,NO JUNCTION INVOLVED,STRAIGHT/GRADE,ASPHALT,RAN OFF RD RIGHT,RAN OFF RD,SMITHVILLERDST RD 37,LN CONTROL,2019-07-26 08:18:00,,,
MONROE SD,BLOOMINGTON,1,0.0,0.0,0.0,1.0,,,,N MT TABOR,N BOTTOM RD,,500.0,N,39.310944,-86.633184,COUNTY RD,N,RURAL,N,N,N,,DARK (NOT LIGHTED),CLEAR,DRY,,NO JUNCTION INVOLVED,STRAIGHT/LEVEL,ASPHALT,ANIMAL/OBJECT IN RDWAY,COLLISION WITH DEER,NBOTTOMRDNMOUNTTABORRD,NONE,2019-07-26 21:30:00,,,
INDIANA UNIV BLOOMINGTON PD,BLOOMINGTON,1,0.0,0.0,0.0,0.0,,,,N SUNRISE,E 7TH ST,,300.0,N,39.20025651,-86.51242,LOCAL/CITY RD,N,URBAN,N,N,N,,DAYLIGHT,CLEAR,DRY,,NO JUNCTION INVOLVED,STRAIGHT/LEVEL,ASPHALT,UNSAFE BACKING,OTHER - EXPLAIN IN NARRATIVE,E7THSTNSUNRISEAVE,NONE,2019-07-26 09:30:00,,,
MONROE SD,BLOOMINGTON,2,0.0,0.0,0.0,0.0,,,,S CURRY,W BELLE AVE,,,,39.163552,-86.582896,LOCAL/CITY RD,N,URBAN,N,N,N,,DAYLIGHT,CLEAR,DRY,,T-INTERSECTION,STRAIGHT/LEVEL,ASPHALT,FAILURE TO YIELD RIGHT OF WAY,RIGHT ANGLE,SCURRYPKWBELLEAVE,STOP SIGN,2019-07-26 10:01:00,,,
ELLETTSVILLE PD,ELLETTSVILLE,2,0.0,0.0,0.0,0.0,,,,ST RD 46,N SEASONS DR,,,,39.21691557,-86.59802648,ST RD,N,URBAN,N,N,N,,DAYLIGHT,CLEAR,DRY,,NO JUNCTION INVOLVED,STRAIGHT/LEVEL,ASPHALT,FAILURE TO YIELD RIGHT OF WAY,SAME DIRECTION SIDESWIPE,RIDGEWOODDRST RD 46 W,OTHER REGULATORY SIGN/MARKING,2019-07-26 09:54:00,,,
BLOOMINGTON PD,BLOOMINGTON,2,0.0,2.0,0.0,0.0,,,,W BLOOMFIELD,I-69 N,Y,,,0.0,0.0,ST RD,N,URBAN,N,N,N,,DAYLIGHT,CLEAR,DRY,,FOUR-WAY INTERSECTION,STRAIGHT/LEVEL,ASPHALT,FAILURE TO YIELD RIGHT OF WAY,LEFT TURN,N ST RD 37WBLOOMFIELDRD,TRAFFIC CONTROL SIGNAL,2019-07-27 19:59:00,,,
BLOOMINGTON PD,BLOOMINGTON,2,0.0,0.0,0.0,0.0,,,,N WALNUT,,,700.0,N,39.186368,-86.5344,LOCAL/CITY RD,N,URBAN,N,N,N,,DAYLIGHT,CLEAR,DRY,,NO JUNCTION INVOLVED,STRAIGHT/LEVEL,ASPHALT,FOLLOWING TOO CLOSELY,REAR END,NWALNUTSTST RD 46 W,NONE,2019-07-27 12:14:00,,,
BLOOMINGTON PD,BLOOMINGTON,1,0.0,0.0,0.0,0.0,,,,W GRIMES,S MORTON ST,,,,39.15344,-86.536304,LOCAL/CITY RD,N,URBAN,Y,N,N,,DARK (LIGHTED),CLOUDY,DRY,,T-INTERSECTION,STRAIGHT/GRADE,ASPHALT,OTHER (DRIVER) - EXPLAIN IN NARRATIVE,OTHER - EXPLAIN IN NARRATIVE,GRIMESLNMORTONST,NONE,2019-07-27 01:04:00,,,
BLOOMINGTON PD,BLOOMINGTON,2,0.0,0.0,0.0,0.0,,,,ST RD 45/46,N COLLEGE AVE,,,,39.186368,-86.5344,ST RD,N,URBAN,N,N,N,,DARK (LIGHTED),CLEAR,DRY,,NO JUNCTION INVOLVED,STRAIGHT/LEVEL,ASPHALT,FAILURE TO YIELD RIGHT OF WAY,HEAD ON BETWEEN TWO MOTOR VEHICLES,ST RD 4546EWALNUTST,TRAFFIC CONTROL SIGNAL,2019-07-28 22:02:00,,,
MONROE SD,BLOOMINGTON,2,0.0,0.0,0.0,0.0,,,,E SMITHVILLE,ST RD 37,,,,39.070945,-86.536255,LOCAL/CITY RD,N,RURAL,N,N,N,,DARK (NOT LIGHTED),CLEAR,DRY,,FOUR-WAY INTERSECTION,STRAIGHT/LEVEL,ASPHALT,FOLLOWING TOO CLOSELY,REAR END,ESMITHVILLERDSIN37RD,STOP SIGN,2019-07-28 22:00:00,,,
MONROE SD,BLOOMINGTON,1,0.0,0.0,0.0,0.0,,,,N CURRY,N LINTEL DR,,,,39.19266,-86.5756,LOCAL/CITY RD,Y,RURAL,N,N,N,,DAYLIGHT,CLEAR,DRY,,NO JUNCTION INVOLVED,STRAIGHT/LEVEL,ASPHALT,RAN OFF RD RIGHT,RAN OFF RD,LINTELDRNCURRYPK,NONE,2019-07-28 09:31:00,,,
MONROE SD,BLOOMINGTON,2,0.0,0.0,0.0,0.0,,,,ST RD 446,E WALDRIP CREEK RD,,3400.0,N,39.07034647,-86.41613186,ST RD,N,RURAL,N,N,N,,DAYLIGHT,CLEAR,DRY,,NO JUNCTION INVOLVED,STRAIGHT/LEVEL,CONCRETE,FOLLOWING TOO CLOSELY,REAR END,EWALDRIPCREEKRDST RD 446S,NONE,2019-07-28 15:36:00,,,
MONROE SD,BLOOMINGTON,1,0.0,1.0,0.0,0.0,1550.0,,,ST RD 446,,,,,39.148464,-86.471256,ST RD,N,RURAL,N,N,N,,DAWN/DUSK,CLEAR,DRY,,NO JUNCTION INVOLVED,CURVE/LEVEL,ASPHALT,RAN OFF RD RIGHT,RAN OFF RD,ST RD 446N,NONE,2019-07-28 05:56:00,,,
BLOOMINGTON PD,BLOOMINGTON,2,0.0,0.0,0.0,0.0,,I-69,,W 3RD,I-69,,,,0.0,0.0,LOCAL/CITY RD,Y,URBAN,N,N,N,,DAYLIGHT,RAIN,WATER (STANDING OR MOVING),,INTERCHANGE,STRAIGHT/LEVEL,CONCRETE,DISREGARD SIGNAL/REG SIGN,LEFT TURN,W 3RDST,LN CONTROL,2019-07-29 15:30:00,,,
BLOOMINGTON PD,BLOOMINGTON,2,0.0,0.0,0.0,0.0,,,,N WALNUT,ST RD 45/46,,,,39.186352,-86.534704,LOCAL/CITY RD,Y,URBAN,N,N,N,,DAYLIGHT,RAIN,WET,,FOUR-WAY INTERSECTION,STRAIGHT/LEVEL,ASPHALT,OTHER (VEHICLE) - EXPLAIN IN NARRATIVE,REAR END,NORTHCOLLEGEAVESTATERD46,LN CONTROL,2019-07-29 16:05:00,,,
INDIANA UNIV BLOOMINGTON PD,BLOOMINGTON,1,0.0,2.0,0.0,0.0,,,,E 10TH,N JEFFERSON ST,,,,39.171648,-86.507088,LOCAL/CITY RD,N,URBAN,N,N,N,,DAYLIGHT,CLEAR,DRY,,RAILRD CROSSINGS,CURVE/LEVEL,ASPHALT,OVERCORRECTING/OVERSTEERING,COLLISION WITH OBJECT IN RD,10THSTJEFFERSONST,LN CONTROL,2019-07-29 11:46:00,,,
MONROE SD,BLOOMINGTON,2,0.0,0.0,0.0,0.0,,,,S WALNUT,S ORCHARD LN,,,,39.11584,-86.5312,LOCAL/CITY RD,N,URBAN,N,N,N,,DAYLIGHT,CLEAR,DRY,,NO JUNCTION INVOLVED,STRAIGHT/LEVEL,ASPHALT,FOLLOWING TOO CLOSELY,REAR END,SOLDSTATERD37ROWSORCHARDLN,NONE,2019-07-29 14:09:00,,,
MONROE SD,BLOOMINGTON,1,0.0,0.0,0.0,1.0,,,,ST RD 37,E SMITHVILLE RD,,200.0,N,39.07160384,-86.53565172,ST RD,N,RURAL,N,N,N,,DAYLIGHT,RAIN,WET,,FOUR-WAY INTERSECTION,STRAIGHT/LEVEL,ASPHALT,ANIMAL/OBJECT IN RDWAY,COLLISION WITH DEER,SMITHVILLERDN ST RD 37,NONE,2019-07-29 15:46:00,,,
INDIANA UNIV BLOOMINGTON PD,BLOOMINGTON,1,1.0,0.0,0.0,0.0,,,,N DUNN,E 20TH ST,,,,39.1818,-86.52832,LOCAL/CITY RD,N,URBAN,N,N,N,,DAYLIGHT,CLEAR,DRY,,NO JUNCTION INVOLVED,STRAIGHT/GRADE,ASPHALT,OTHER (ENVIRONMENTAL) - EXPLAIN IN NARR,NON-COLLISION,DUNNSTTWENTIETHST,NONE,2019-07-29 13:12:00,,,
BLOOMINGTON PD,BLOOMINGTON,2,0.0,0.0,0.0,0.0,,,,N SMITH,E GRANDVIEW DR,,,,39.168848,-86.481296,LOCAL/CITY RD,N,URBAN,N,N,N,,DAYLIGHT,RAIN,WET,,T-INTERSECTION,STRAIGHT/GRADE,ASPHALT,FOLLOWING TOO CLOSELY,REAR END,EGRANDVIEWDRNSMITHRD,NONE,2019-07-29 16:28:00,,,
INDIANA UNIV BLOOMINGTON PD,BLOOMINGTON,2,0.0,0.0,0.0,0.0,,,,ST RD 45/46,N MARTHA ST,,,,39.1863,-86.53163,ST RD,N,URBAN,N,N,N,,DAYLIGHT,RAIN,WET,,NO JUNCTION INVOLVED,STRAIGHT/LEVEL,ASPHALT,SPEED TOO FAST FOR WEATHER CONDITIONS,REAR END,MARTHASTST RD 46,NONE,2019-07-29 17:25:00,,,
BLOOMINGTON PD,BLOOMINGTON,2,0.0,0.0,0.0,0.0,,,,W 6TH,N WALNUT ST,,100.0,W,39.167648,-86.533584,LOCAL/CITY RD,Y,URBAN,N,N,N,,DAYLIGHT,CLEAR,DRY,,FOUR-WAY INTERSECTION,STRAIGHT/GRADE,ASPHALT,IMPROPER TURNING,SAME DIRECTION SIDESWIPE,NWALNUTSTW6THST,NONE,2019-07-29 08:30:00,,,
ISP BLOOMINGTON 33,BLOOMINGTON,2,0.0,0.0,0.0,0.0,,,,W COUNTY CLUB,S WALNUT ST,,,,39.13597,-86.53111,LOCAL/CITY RD,N,URBAN,N,N,N,,DAYLIGHT,CLEAR,DRY,,FOUR-WAY INTERSECTION,STRAIGHT/LEVEL,ASPHALT,FOLLOWING TOO CLOSELY,REAR END,COUNTYCLUBDRWALNUTST,TRAFFIC CONTROL SIGNAL,2019-07-29 10:56:00,,,
MONROE SD,BLOOMINGTON,1,1.0,0.0,0.0,0.0,,,,N CURRY,W VERNAL PK,,1500.0,S,39.179248,-86.5832,COUNTY RD,Y,URBAN,N,N,N,,DAYLIGHT,CLEAR,DRY,,NO JUNCTION INVOLVED,STRAIGHT/GRADE,ASPHALT,RAN OFF RD RIGHT,,NORTHCURRYPKWESTVERNALPK,NONE,2019-07-30 14:25:00,,,
MONROE SD,BLOOMINGTON,2,0.0,0.0,0.0,0.0,,,,N CURRY,W JONATHAN DR,,400.0,S,39.12605817,-86.58295,COUNTY RD,N,URBAN,N,N,N,,DAYLIGHT,CLEAR,DRY,,T-INTERSECTION,STRAIGHT/LEVEL,ASPHALT,FAILURE TO YIELD RIGHT OF WAY,RIGHT TURN,NORTHCURRYPKWESTJONATHANDR,OTHER REGULATORY SIGN/MARKING,2019-07-30 13:40:00,,,
MONROE SD,BLOOMINGTON,2,1.0,0.0,0.0,0.0,,,,S WALNUT,W CHURCH LN,,,,39.10726,-86.53149,COUNTY RD,N,RURAL,N,N,N,,DAYLIGHT,CLEAR,DRY,,NO JUNCTION INVOLVED,STRAIGHT/LEVEL,ASPHALT,UNSAFE BACKING,BACKING CRASH,SOLDSTATE37RDWCHURCHLN,TRAFFIC CONTROL SIGNAL,2019-07-30 10:20:00,,,
BLOOMINGTON PD,BLOOMINGTON,2,0.0,0.0,0.0,0.0,,,,ST RD 46,S PARK RIDGE RD,,,,39.16424,-86.476096,LOCAL/CITY RD,N,URBAN,N,N,N,,DAYLIGHT,CLEAR,DRY,,FOUR-WAY INTERSECTION,STRAIGHT/LEVEL,ASPHALT,FAILURE TO YIELD RIGHT OF WAY,RIGHT ANGLE,E 3RDSTSPARKRIDGERD,STOP SIGN,2019-07-30 08:55:00,,,
MONROE SD,ELLETTSVILLE,4,0.0,1.0,0.0,0.0,,,,ST RD 46,W ARLINGTON RD,,300.0,W,39.20780192,-86.57483245,ST RD,N,RURAL,N,N,Y,LN CLOSURE,DAWN/DUSK,CLEAR,DRY,,NO JUNCTION INVOLVED,STRAIGHT/GRADE,CONCRETE,UNSAFE SPEED,REAR END,ST RD 46 WWARLINGTONRD,LN CONTROL,2019-07-30 06:57:00,,,
BLOOMINGTON PD,BLOOMINGTON,2,0.0,2.0,0.0,0.0,,,,S LIBERTY,W CONSTITUTION AVE,,,,39.149552,-86.575936,LOCAL/CITY RD,N,URBAN,N,N,N,,DAYLIGHT,CLEAR,DRY,,T-INTERSECTION,STRAIGHT/GRADE,ASPHALT,FOLLOWING TOO CLOSELY,REAR END,SLIBERTYDRWCONSTITUTIONAVE,NONE,2019-07-30 14:30:00,,,
MONROE SD,BLOOMINGTON,1,0.0,0.0,0.0,0.0,,,,S ST RD 37,S HARRODSBURG RD,,,,39.00071,-86.54482,ST RD,N,RURAL,N,N,N,,DARK (NOT LIGHTED),CLEAR,DRY,,Y-INTERSECTION,CURVE/GRADE,ASPHALT,RAN OFF RD RIGHT,RAN OFF RD,SHARRODSBURGRDS ST RD 37,NONE,2019-07-30 01:57:00,,,
BLOOMINGTON PD,BLOOMINGTON,2,0.0,1.0,0.0,0.0,,,,S ROGERS,W 3RD ST,,,,39.16472,-86.538592,LOCAL/CITY RD,N,URBAN,N,N,N,,DARK (LIGHTED),CLEAR,DRY,,FOUR-WAY INTERSECTION,STRAIGHT/GRADE,ASPHALT,FAILURE TO YIELD RIGHT OF WAY,HEAD ON BETWEEN TWO MOTOR VEHICLES,SROGERSSTW 3RDST,TRAFFIC CONTROL SIGNAL,2019-07-30 23:03:00,,,
MONROE SD,BLOOMINGTON,2,0.0,0.0,0.0,0.0,,,,ST RD 45,S LIBERTY DR,,,,39.145152,-86.5776,ST RD,N,URBAN,N,N,N,,DAYLIGHT,CLEAR,DRY,,FOUR-WAY INTERSECTION,STRAIGHT/LEVEL,ASPHALT,FAILURE TO YIELD RIGHT OF WAY,RIGHT ANGLE,SLIBERTYDRST RD 45 W,TRAFFIC CONTROL SIGNAL,2019-07-31 13:39:00,,,
BLOOMINGTON PD,BLOOMINGTON,2,0.0,0.0,0.0,0.0,,,,S COLLEGE,W KIRKWOOD AVE,,,,39.16664,-86.5348,LOCAL/CITY RD,N,URBAN,N,N,N,,DAYLIGHT,CLEAR,DRY,,FOUR-WAY INTERSECTION,STRAIGHT/GRADE,ASPHALT,DISREGARD SIGNAL/REG SIGN,RIGHT ANGLE,SCOLLEGEAVEWKIRKWOODAVE,TRAFFIC CONTROL SIGNAL,2019-07-31 19:15:00,,,
MONROE SD,BLOOMINGTON,1,0.0,0.0,0.0,0.0,,,,E BETHEL,N STIDD DR,,1000.0,W,39.214752,-86.477504,LOCAL/CITY RD,N,RURAL,N,N,N,,DAWN/DUSK,CLEAR,DRY,,NO JUNCTION INVOLVED,CURVE/LEVEL,ASPHALT,RAN OFF RD RIGHT,RAN OFF RD,EBETHELLNNSTIDDDR,NONE,2019-07-31 05:17:00,,,
MONROE SD,ELLETTSVILLE,2,0.0,0.0,0.0,0.0,,,,N MAPLE GROVE,W MAPLE GROVE RD,,1000.0,N,39.24744,-86.547792,LOCAL/CITY RD,N,RURAL,N,N,N,,DAYLIGHT,CLEAR,DRY,,NO JUNCTION INVOLVED,STRAIGHT/LEVEL,ASPHALT,UNSAFE LN MOVEMENT,SAME DIRECTION SIDESWIPE,NMAPLEGROVERDWMAPLEGROVERD,NONE,2019-07-31 16:15:00,,,
MONROE SD,BLOOMINGTON,2,0.0,0.0,0.0,0.0,,,,N PROFILE,ST RD 48,,,,39.16468,-86.586175,COUNTY RD,Y,RURAL,N,N,B,,DAYLIGHT,CLEAR,DRY,,FOUR-WAY INTERSECTION,STRAIGHT/LEVEL,ASPHALT,UNSAFE BACKING,BACKING CRASH,PROFILEPKWYW 3RDST,TRAFFIC CONTROL SIGNAL,2019-07-31 20:00:00,,,
ELLETTSVILLE PD,ELLETTSVILLE,2,0.0,0.0,0.0,0.0,,,,ST RD 46,JUDY ST,,50.0,W,39.24434455,-86.63451451,ST RD,N,URBAN,N,N,N,,DARK (LIGHTED),CLEAR,DRY,,NO JUNCTION INVOLVED,STRAIGHT/GRADE,ASPHALT,ENGINE FAILURE OR DEFECTIVE,BACKING CRASH,JUDYSTST RD 46 W,LN CONTROL,2019-07-31 22:43:00,,,
ISP BLOOMINGTON 33,BLOOMINGTON,1,0.0,2.0,0.0,0.0,,,,ST RD 46,S FRIENDSHIP RD,,1375.0,W,39.15720808,-86.40891997,ST RD,N,RURAL,N,N,N,,DAYLIGHT,CLEAR,DRY,,NO JUNCTION INVOLVED,CURVE/LEVEL,ASPHALT,RAN OFF RD RIGHT,RAN OFF RD,FRIENDSHIPRDST RD 46E,LN CONTROL,2019-07-31 14:00:00,,,
MONROE SD,ELLETTSVILLE,2,0.0,0.0,0.0,0.0,,,,ST RD 46,,,300.0,E,39.20717799,-86.57292212,ST RD,N,RURAL,N,Y,N,,DAWN/DUSK,CLEAR,DRY,,NO JUNCTION INVOLVED,STRAIGHT/LEVEL,ASPHALT,UNSAFE LN MOVEMENT,SAME DIRECTION SIDESWIPE,ST RD 46 WWARLINGTONRD,NONE,2019-07-31 18:44:00,,,
INDIANA UNIV BLOOMINGTON PD,BLOOMINGTON,2,0.0,0.0,0.0,0.0,,,,ST RD 46,ST RD 46,,348.0,N,0.0,0.0,ST RD,N,URBAN,N,N,N,,DAYLIGHT,CLEAR,DRY,,NO JUNCTION INVOLVED,STRAIGHT/GRADE,ASPHALT,UNSAFE LN MOVEMENT,SAME DIRECTION SIDESWIPE,EIGHTHSTST RD 46,NONE,2019-08-01 12:32:00,,,
BLOOMINGTON PD,BLOOMINGTON,2,1.0,0.0,0.0,0.0,,,,W 2ND,S COLLEGE AVE,,,,39.16138,-86.53493,LOCAL/CITY RD,N,URBAN,N,N,N,,DAYLIGHT,CLEAR,DRY,,FOUR-WAY INTERSECTION,STRAIGHT/LEVEL,ASPHALT,OTHER (DRIVER) - EXPLAIN IN NARRATIVE,LEFT TURN,2NDSTCOLLEGEAVE,TRAFFIC CONTROL SIGNAL,2019-08-01 11:52:00,,,
MONROE SD,BLOOMINGTON,2,0.0,0.0,0.0,0.0,,,,N HARTSTRAIT,W DALLAS LN,,,,39.22075,-86.61201,LOCAL/CITY RD,N,RURAL,N,N,N,,DAYLIGHT,CLEAR,DRY,,T-INTERSECTION,CURVE/LEVEL,ASPHALT,LEFT OF CENTER,OPPOSITE DIRECTION SIDESWIPE,DALLASLNHARTSTRAITRD,LN CONTROL,2019-08-01 12:53:00,,,
MONROE SD,BLOOMINGTON,1,0.0,0.0,0.0,0.0,,,,S RAMSEY DR,S RENWICK BLVD,,100.0,W,39.14618,-86.50305134,LOCAL/CITY RD,N,URBAN,N,N,N,,DARK (NOT LIGHTED),CLEAR,DRY,,NO JUNCTION INVOLVED,STRAIGHT/GRADE,ASPHALT,RAN OFF RD RIGHT,RAN OFF RD,RAMSEYDRIVERENWICKBLVD,NONE,2019-08-01 03:13:00,,,
BLOOMINGTON PD,BLOOMINGTON,2,0.0,0.0,0.0,0.0,1318.0,,,S WASHINGTON,E WILSON ST,,100.0,S,39.14123901,-86.53283,LOCAL/CITY RD,Y,URBAN,N,N,N,,DARK (NOT LIGHTED),CLEAR,DRY,,NO JUNCTION INVOLVED,STRAIGHT/GRADE,ASPHALT,IMPROPER LN USAGE,REAR END,1318SWASHINGTONSTWILSONST,NONE,2019-08-01 00:01:00,,,
MONROE SD,BLOOMINGTON,1,0.0,0.0,0.0,0.0,,,,ST RD 45,N PRAIRIE GREEN CT,,100.0,E,0.0,0.0,ST RD,N,RURAL,N,N,N,,DAYLIGHT,CLEAR,DRY,,T-INTERSECTION,STRAIGHT/LEVEL,ASPHALT,OTHER (VEHICLE) - EXPLAIN IN NARRATIVE,RAN OFF RD,NPRAIRIEGREENCTST RD 45E,NONE,2019-08-01 19:03:00,,,
MONROE SD,BLOOMINGTON,1,0.0,1.0,0.0,0.0,,,,W SAMPLE,N CANYON CT,,100.0,S,0.0,0.0,LOCAL/CITY RD,N,RURAL,N,N,N,,DAYLIGHT,CLOUDY,DRY,,T-INTERSECTION,CURVE/GRADE,ASPHALT,CELL PHONE USAGE,RAN OFF RD,CANYONDRSAMPLERD,NONE,2019-08-01 12:22:00,,,
ISP BLOOMINGTON 33,BLOOMINGTON,2,0.0,0.0,0.0,0.0,,,,ST RD 37,S WALNUT ST,,,,39.16464,-86.5336,ST RD,N,RURAL,N,N,N,,DAWN/DUSK,CLEAR,DRY,,FOUR-WAY INTERSECTION,STRAIGHT/LEVEL,CONCRETE,FOLLOWING TOO CLOSELY,REAR END,ST RD 37WALNUTST,TRAFFIC CONTROL SIGNAL,2019-08-02 07:15:00,,,
BLOOMINGTON PD,BLOOMINGTON,2,0.0,1.0,0.0,0.0,,,,ST RD 45,N SMITH RD,,,,39.172752,-86.482288,LOCAL/CITY RD,N,URBAN,N,N,N,,DAYLIGHT,CLEAR,DRY,,T-INTERSECTION,CURVE/GRADE,ASPHALT,FAILURE TO YIELD RIGHT OF WAY,RIGHT ANGLE,E10STNSMITHRD,STOP SIGN,2019-08-02 17:34:00,,,
MONROE SD,BLOOMINGTON,2,0.0,0.0,0.0,0.0,,,,ST RD 446,S KNIGHTRIDGE RD,,,,39.13587,-86.45682,ST RD,N,RURAL,N,N,N,,DAYLIGHT,CLEAR,DRY,,FOUR-WAY INTERSECTION,STRAIGHT/LEVEL,ASPHALT,UNSAFE LN MOVEMENT,SAME DIRECTION SIDESWIPE,SKNIGHTRIDGERDST RD 446S,NONE,2019-08-02 16:52:00,,,
BLOOMINGTON PD,BLOOMINGTON,2,0.0,0.0,0.0,0.0,,,,ST RD 48,S CURRY PK,,100.0,E,39.16464,-86.58296865,LOCAL/CITY RD,N,URBAN,N,N,N,,DAYLIGHT,CLEAR,DRY,,FOUR-WAY INTERSECTION,STRAIGHT/LEVEL,ASPHALT,FOLLOWING TOO CLOSELY,REAR END,SCURRYPKW 3RDST,NONE,2019-08-03 17:40:00,,,
INDIANA UNIV BLOOMINGTON PD,BLOOMINGTON,2,0.0,0.0,0.0,0.0,,,,E 3RD,S SWAIN AVE,,,,39.16425,-86.51526,LOCAL/CITY RD,N,URBAN,N,N,N,,DAYLIGHT,CLEAR,DRY,,NO JUNCTION INVOLVED,STRAIGHT/LEVEL,ASPHALT,UNSAFE LN MOVEMENT,SAME DIRECTION SIDESWIPE,SWAINAVE 3RDST,NONE,2019-08-03 14:08:00,,,
BLOOMINGTON PD,BLOOMINGTON,2,0.0,0.0,0.0,0.0,,,,S GATES,ST RD 48,,,,39.16459,-86.5762,LOCAL/CITY RD,N,URBAN,N,N,N,,DAYLIGHT,CLEAR,DRY,,FOUR-WAY INTERSECTION,STRAIGHT/LEVEL,ASPHALT,UNSAFE LN MOVEMENT,LEFT/RIGHT TURN,NGATESDRW 3RDST,TRAFFIC CONTROL SIGNAL,2019-08-03 10:00:00,,,
BLOOMINGTON PD,BLOOMINGTON,2,0.0,0.0,0.0,0.0,,,,S WALNUT,W COUNTRY CLUB DR,,,,39.13597,-86.53111,LOCAL/CITY RD,N,URBAN,N,N,N,,DAYLIGHT,CLEAR,DRY,,FOUR-WAY INTERSECTION,STRAIGHT/GRADE,ASPHALT,FAILURE TO YIELD RIGHT OF WAY,LEFT TURN,SWALNUTSTWCOUNTRYCLUBDR,TRAFFIC CONTROL SIGNAL,2019-08-03 12:10:00,,,
BLOOMINGTON PD,BLOOMINGTON,2,0.0,0.0,0.0,0.0,,,,ST RD 46,I-69,Y,,,39.22693499,-86.6149,LOCAL/CITY RD,N,RURAL,N,N,Y,X-OVER/LN SHIFT,DAYLIGHT,CLEAR,DRY,,NO JUNCTION INVOLVED,STRAIGHT/GRADE,ASPHALT,FOLLOWING TOO CLOSELY,REAR END,INTERSTATE69NORTHHWYWSTATERD46HWY,NONE,2019-08-03 11:30:00,,,
ELLETTSVILLE PD,ELLETTSVILLE,2,0.0,0.0,0.0,0.0,,,,ST RD 46,N HARTSTRAIT RD,,1500.0,E,39.22766,-86.61606992,ST RD,N,URBAN,Y,N,N,,DAYLIGHT,CLEAR,DRY,,NO JUNCTION INVOLVED,STRAIGHT/GRADE,ASPHALT,FAILURE TO YIELD RIGHT OF WAY,RIGHT ANGLE,HARTSTRAITRDST RD 46 W,LN CONTROL,2019-08-03 10:52:00,,,
MONROE SD,BLOOMINGTON,1,0.0,0.0,0.0,1.0,,,,S CURRY,W CONSTITUTION AVE,,50.0,S,39.14598458,-86.58262,COUNTY RD,N,URBAN,Y,N,N,,DARK (NOT LIGHTED),CLEAR,DRY,,NO JUNCTION INVOLVED,STRAIGHT/LEVEL,ASPHALT,ANIMAL/OBJECT IN RDWAY,COLLISION WITH ANIMAL OTHER,CONSTITUTIONAVECURRYPK,NONE,2019-08-03 21:38:00,,,
MONROE SD,BLOOMINGTON,2,0.0,1.0,0.0,0.0,,,,W ALLEN,S ADAMS ST,,,,39.155952,-86.550592,LOCAL/CITY RD,N,RURAL,N,N,N,,DAYLIGHT,CLEAR,DRY,,FOUR-WAY INTERSECTION,STRAIGHT/HILLCREST,ASPHALT,FAILURE TO YIELD RIGHT OF WAY,RIGHT ANGLE,ADAMSSTALLENST,STOP SIGN,2019-08-03 19:32:00,,,
MONROE SD,BLOOMINGTON,2,0.0,0.0,0.0,0.0,,,,S FAIRFAX,E SCHACHT RD,,,,39.06071,-86.49854996,LOCAL/CITY RD,N,RURAL,N,N,N,,DAYLIGHT,CLEAR,DRY,,T-INTERSECTION,CURVE/LEVEL,ASPHALT,FOLLOWING TOO CLOSELY,REAR END,SFAIRFAXRDSCHACHTRD,NONE,2019-08-03 18:04:00,,,
ISP BLOOMINGTON 33,ELLETTSVILLE,1,0.0,1.0,0.0,0.0,,,,ST RD 46,W GRANT ST,,10.0,N,39.23931943,-86.629445,ST RD,N,URBAN,N,N,N,,DAYLIGHT,CLEAR,DRY,,INTERCHANGE,STRAIGHT/HILLCREST,ASPHALT,RAN OFF RD RIGHT,RAN OFF RD,GRANTSTST RD 46,LN CONTROL,2019-08-03 14:02:00,,,
BLOOMINGTON PD,BLOOMINGTON,2,0.0,0.0,0.0,0.0,,,,W DIXIE,S ROGERS ST,,60.0,W,39.15664,-86.538592,LOCAL/CITY RD,N,URBAN,N,N,N,,DAYLIGHT,CLEAR,DRY,,T-INTERSECTION,STRAIGHT/LEVEL,ASPHALT,OTHER (DRIVER) - EXPLAIN IN NARRATIVE,RIGHT ANGLE,SROGERSSTWDIXIEST,STOP SIGN,2019-08-03 18:10:00,,,