Agency,City,Vehicles Involved,Trailers Involved,Number Injured,Number Dead,Number Deer,House Number,Roadway Interchange,Roadway Ramp,Roadway Id,Intersecting Road,Interchange,Feet From,Direction,Latitude,Longitude,Roadway Class,Hit and Run?,Locality,School Zone?,Rumble Strips?,Construction?,Construction Type,Light Condition,Weather Conditions,Surface Condition,Type of Median,Roadway Junction Type,Road Character,Roadway Surface,Primary Factor,Manner of Collision,Unique Location Id,Traffic Control,DateTime,Address Number,Cyclist Involved,Pedestrian Involved
BLOOMINGTON PD,BLOOMINGTON,2,0.0,0.0,0.0,0.0,,,,W 3RD,S CORY LN,,,,39.164544,-86.560096,LOCAL/CITY RD,N,URBAN,N,N,N,,DAYLIGHT,CLEAR,DRY,,FOUR-WAY INTERSECTION,STRAIGHT/LEVEL,ASPHALT,FAILURE TO YIELD RIGHT OF WAY,LEFT TURN,SCORYLNW 3RDST,TRAFFIC CONTROL SIGNAL,2019-08-14 13:32:00,,,
BLOOMINGTON PD,BLOOMINGTON,2,0.0,0.0,0.0,0.0,,,,E ATWATER,S MITCHELL ST,,,,39.16308,-86.51418,LOCAL/CITY RD,N,URBAN,N,N,N,,DAYLIGHT,CLEAR,DRY,,FOUR-WAY INTERSECTION,STRAIGHT/LEVEL,ASPHALT,FAILURE TO YIELD RIGHT OF WAY,RIGHT ANGLE,EATWATERAVESMITCHELLST,STOP SIGN,2019-08-14 16:05:00,,,
MONROE SD,BLOOMINGTON,2,0.0,0.0,0.0,0.0,,,,S LAKE RIDGE,S POINTE RIDGE LN,,,,39.03046,-86.50652,UNKNOWN,N,RURAL,N,N,N,,DAYLIGHT,CLEAR,DRY,,NO JUNCTION INVOLVED,STRAIGHT/GRADE,ASPHALT,IMPROPER TURNING,RIGHT TURN,LAKERIDGEDRSPOINTERIDGELN,NONE,2019-08-14 16:35:00,,,
MONROE SD,BLOOMINGTON,2,0.0,0.0,0.0,0.0,,,,ST RD 45/46,,,2640.0,W,39.18692,-86.54642151,ST RD,N,RURAL,N,Y,Y,X-OVER/LN SHIFT,DAYLIGHT,CLEAR,DRY,,NO JUNCTION INVOLVED,STRAIGHT/LEVEL,CONCRETE,FOLLOWING TOO CLOSELY,REAR END,NSTONELAKEDRST RD 46 W,LN CONTROL,2019-08-14 15:33:00,,,
BLOOMINGTON PD,BLOOMINGTON,2,0.0,0.0,0.0,0.0,,,,W KIRKWOOD,S MAPLE ST,,,,39.16672,-86.542096,LOCAL/CITY RD,N,URBAN,N,N,N,,DAYLIGHT,CLEAR,DRY,,FOUR-WAY INTERSECTION,STRAIGHT/LEVEL,ASPHALT,BRAKE FAILURE OR DEFECTIVE,REAR END,SMAPLESTWKIRKWOODAVE,LN CONTROL,2019-08-14 00:38:00,,,
BLOOMINGTON PD,BLOOMINGTON,2,0.0,1.0,0.0,0.0,,,,ST RD 45/46,N KINSER PK,,100.0,W,39.186544,-86.537888,LOCAL/CITY RD,N,URBAN,N,N,N,,DAYLIGHT,CLEAR,DRY,,FOUR-WAY INTERSECTION,STRAIGHT/LEVEL,ASPHALT,FOLLOWING TOO CLOSELY,REAR END,NKINSERPKWSTATERD4546RD,TRAFFIC CONTROL SIGNAL,2019-08-15 15:25:00,,,
BLOOMINGTON PD,BLOOMINGTON,2,0.0,0.0,0.0,0.0,,,,S CURRY,ST RD 48,,,,39.16464,-86.58296,LOCAL/CITY RD,N,URBAN,N,N,N,,DAYLIGHT,CLEAR,DRY,,FOUR-WAY INTERSECTION,STRAIGHT/GRADE,ASPHALT,FAILURE TO YIELD RIGHT OF WAY,LEFT TURN,CURRYPKW 3RDST,TRAFFIC CONTROL SIGNAL,2019-08-15 15:49:00,,,
MONROE SD,BLOOMINGTON,2,0.0,0.0,0.0,0.0,,,,S WALNUT,S ORCHARD LN,,450.0,N,39.11584,-86.5312,LOCAL/CITY RD,N,RURAL,N,N,N,,DAWN/DUSK,CLEAR,DRY,,NO JUNCTION INVOLVED,STRAIGHT/LEVEL,ASPHALT,BRAKE FAILURE OR DEFECTIVE,REAR END,SOLDSTATERD37RDSORCHARDLN,NONE,2019-08-15 07:44:00,,,
BLOOMINGTON PD,BLOOMINGTON,2,0.0,0.0,0.0,0.0,,,,E WINSLOW,S ALLENDALE DR,,,,39.134465,-86.515935,LOCAL/CITY RD,N,URBAN,N,N,N,,DAYLIGHT,CLEAR,DRY,,T-INTERSECTION,STRAIGHT/LEVEL,ASPHALT,FOLLOWING TOO CLOSELY,REAR END,EWINSLOWRDSALLENDALEDR,STOP SIGN,2019-08-15 13:40:00,,,
ISP BLOOMINGTON 33,BLOOMINGTON,1,0.0,1.0,0.0,1.0,,,,I-69 N,,,200.0,N,0.0,0.0,INTERSTATE,N,RURAL,N,N,N,,DARK (NOT LIGHTED),CLEAR,DRY,,NO JUNCTION INVOLVED,CURVE/LEVEL,CONCRETE,ANIMAL/OBJECT IN RDWAY,COLLISION WITH DEER,I-69104.5,LN CONTROL,2019-08-15 21:13:00,,,
MONROE SD,ELLETTSVILLE,2,0.0,0.0,0.0,0.0,,,,N RIDGEWOOD,N CRIDER DR,,,,39.212016,-86.59872,COUNTY RD,Y,RURAL,N,N,N,,DAYLIGHT,CLEAR,DRY,,NO JUNCTION INVOLVED,STRAIGHT/GRADE,ASPHALT,IMPROPER LN USAGE,SAME DIRECTION SIDESWIPE,NCRIDERDRNRIDGEWOODDR,LN CONTROL,2019-08-15 13:11:00,,,
MONROE SD,BLOOMINGTON,2,0.0,0.0,0.0,0.0,,,,S FAIRFAX,E SANDERS SECOND AVE,,,,39.0821,-86.5158,LOCAL/CITY RD,N,URBAN,N,N,N,,DAYLIGHT,CLEAR,DRY,,NO JUNCTION INVOLVED,STRAIGHT/LEVEL,ASPHALT,FOLLOWING TOO CLOSELY,REAR END,ESANDERSSECONDAVESFAIRFAXRD,NONE,2019-08-15 07:22:00,,,
MONROE SD,BLOOMINGTON,1,0.0,0.0,0.0,1.0,,,,S FAIRFAX,E SCOTT RD,,200.0,N,39.05754132,-86.498432,COUNTY RD,N,RURAL,N,N,N,,DARK (NOT LIGHTED),CLEAR,DRY,,T-INTERSECTION,STRAIGHT/GRADE,ASPHALT,ANIMAL/OBJECT IN RDWAY,COLLISION WITH DEER,FAIRFAXRDSCOTTLN,NONE,2019-08-15 03:43:00,,,
MONROE SD,BLOOMINGTON,1,0.0,0.0,0.0,0.0,,,,S FRIENDSHIP,E LAMPKINS RIDGE RD,,500.0,N,39.14409777,-86.40724501,COUNTY RD,N,RURAL,N,N,N,,DARK (NOT LIGHTED),CLEAR,DRY,,NO JUNCTION INVOLVED,CURVE/LEVEL,GRAVEL,DRIVER DISTRACTED - EXPLAIN IN NARRATIVE,RAN OFF RD,FRIENDSHIPRDLAMPKINSRIDGERD,NONE,2019-08-15 20:59:00,,,
MONROE SD,BLOOMINGTON,2,0.0,0.0,0.0,0.0,,,,W ROGERS,,,1500.0,W,39.06392,-86.54084018,COUNTY RD,N,RURAL,N,N,N,,DAWN/DUSK,CLEAR,DRY,,NO JUNCTION INVOLVED,STRAIGHT/GRADE,ASPHALT,OTHER (DRIVER) - EXPLAIN IN NARRATIVE,OPPOSITE DIRECTION SIDESWIPE,SOLDSTATERD37RDWROGERSRD,NONE,2019-08-15 19:57:00,,,
ISP BLOOMINGTON 33,BLOOMINGTON,1,0.0,0.0,0.0,0.0,,,,I-69 S,ST RD 45,Y,500.0,N,0.0,0.0,INTERSTATE,N,URBAN,N,N,N,,DAYLIGHT,CLEAR,DRY,,NO JUNCTION INVOLVED,CURVE/LEVEL,ASPHALT,RAN OFF RD RIGHT,RAN OFF RD,BLOOMFIELDRDI-69,LN CONTROL,2019-08-16 10:35:00,,,
BLOOMINGTON PD,BLOOMINGTON,3,0.0,1.0,0.0,0.0,,,,W COUNTRY CLUB,S WALNUT ST,,,,39.13597,-86.53111,LOCAL/CITY RD,N,URBAN,N,N,N,,DARK (LIGHTED),CLEAR,DRY,,FOUR-WAY INTERSECTION,STRAIGHT/GRADE,ASPHALT,OTHER (DRIVER) - EXPLAIN IN NARRATIVE,REAR END,SWALNUTSTWCOUNTRYCLUBDR,TRAFFIC CONTROL SIGNAL,2019-08-16 22:00:00,,,
MONROE SD,BLOOMINGTON,2,0.0,0.0,0.0,0.0,,,,N CURRY,W PROFILE PKWY,,500.0,N,39.22486217,-86.58299,COUNTY RD,N,RURAL,N,N,N,,DAYLIGHT,CLEAR,DRY,,T-INTERSECTION,STRAIGHT/LEVEL,ASPHALT,FOLLOWING TOO CLOSELY,REAR END,NCURRYPKWPROFILEPKWY,NONE,2019-08-16 19:08:00,,,
MONROE SD,BLOOMINGTON,2,0.0,0.0,0.0,0.0,,,,I-69 S,,,0.0,N,41.30251288,-85.08735685,INTERSTATE,N,RURAL,N,N,N,,DAYLIGHT,CLEAR,DRY,,NO JUNCTION INVOLVED,STRAIGHT/GRADE,ASPHALT,UNSAFE LN MOVEMENT,SAME DIRECTION SIDESWIPE,I-69S124.5,LN CONTROL,2019-08-16 17:08:00,,,
MONROE SD,BLOOMINGTON,1,0.0,0.0,0.0,0.0,,,,S LEONARD SPRINGS,W CEDAR CHASE DR,,400.0,N,39.131648,-86.582496,LOCAL/CITY RD,N,RURAL,N,N,N,,DAYLIGHT,CLEAR,DRY,,NO JUNCTION INVOLVED,STRAIGHT/GRADE,ASPHALT,RAN OFF RD RIGHT,RAN OFF RD,SLEONARDSPRINGSRDWCEDARCHASEDR,LN CONTROL,2019-08-16 09:46:00,,,
DNR LAW ENFORCEMENT,ELLETTSVILLE,2,0.0,0.0,0.0,0.0,,,,ST RD 46,N RED HILL RD,,,,39.24574,-86.63672,ST RD,N,URBAN,N,N,N,,DAYLIGHT,CLOUDY,DRY,,NO JUNCTION INVOLVED,CURVE/GRADE,ASPHALT,FAILURE TO YIELD RIGHT OF WAY,LEFT TURN,REDHILLRDRDST RD 46 W,NONE,2019-08-16 14:48:00,,,
ISP BLOOMINGTON 33,BLOOMINGTON,2,0.0,0.0,0.0,0.0,,,,W 6TH,N COLLEGE AVE,,75.0,E,39.167648,-86.53451938,LOCAL/CITY RD,N,URBAN,N,N,N,,DAYLIGHT,CLEAR,DRY,,NO JUNCTION INVOLVED,STRAIGHT/LEVEL,ASPHALT,IMPROPER TURNING,RIGHT TURN,6THSTCOLLEGEAVE,LN CONTROL,2019-08-16 07:35:00,,,
BLOOMINGTON PD,BLOOMINGTON,2,0.0,0.0,0.0,0.0,,,,W GOURLEY,W CASCADE AVE,,400.0,N,39.1852,-86.541952,LOCAL/CITY RD,N,URBAN,N,N,N,,DAYLIGHT,CLEAR,DRY,,NO JUNCTION INVOLVED,CURVE/LEVEL,ASPHALT,LEFT OF CENTER,SAME DIRECTION SIDESWIPE,WCASCADEAVEWGOURLEYPK,NONE,2019-08-16 15:16:00,,,
ELLETTSVILLE PD,ELLETTSVILLE,2,0.0,0.0,0.0,0.0,,,,W RITTER,S 1ST,,,,39.229424,-86.623584,LOCAL/CITY RD,N,URBAN,N,N,N,,DAWN/DUSK,CLEAR,DRY,,NO JUNCTION INVOLVED,STRAIGHT/HILLCREST,ASPHALT,FAILURE TO YIELD RIGHT OF WAY,RIGHT ANGLE,SOUTHFIRSTSTWESTRITTERST,STOP SIGN,2019-08-16 20:08:00,,,
ISP BLOOMINGTON 33,BLOOMINGTON,1,0.0,1.0,0.0,0.0,,,,N WAYPORT,E SAMPLE RD,,1500.0,N,39.42480248,-86.52079745,COUNTY RD,N,RURAL,N,N,N,,DAYLIGHT,CLEAR,DRY,,NO JUNCTION INVOLVED,CURVE/GRADE,ASPHALT,RAN OFF RD RIGHT,RAN OFF RD,SAMPLERDWAYPORTRD,LN CONTROL,2019-08-17 20:15:00,,,
ISP BLOOMINGTON 33,BLOOMINGTON,1,0.0,0.0,0.0,1.0,,,,E WINSLOW,S HIGH ST,,,,39.136415,-86.50834,LOCAL/CITY RD,N,RURAL,N,N,N,,DARK (LIGHTED),CLOUDY,DRY,,TRAFFIC CIRCLE/ROUNDABOUT,CURVE/GRADE,ASPHALT,ANIMAL/OBJECT IN RDWAY,COLLISION WITH DEER,HIGHSTWINSLOWRD,LN CONTROL,2019-08-17 20:57:00,,,
BLOOMINGTON PD,BLOOMINGTON,2,0.0,0.0,0.0,0.0,,,,S COLLEGE MALL,COLLEGE MALL ACCESS,,,,0.0,0.0,LOCAL/CITY RD,N,URBAN,N,N,N,,DARK (LIGHTED),CLEAR,DRY,,FOUR-WAY INTERSECTION,STRAIGHT/LEVEL,ASPHALT,FAILURE TO YIELD RIGHT OF WAY,OPPOSITE DIRECTION SIDESWIPE,NACCESSTOCOLLEGEMALLRDSCOLLEGEMALLRD,TRAFFIC CONTROL SIGNAL,2019-08-17 23:00:00,,,
MONROE SD,BLOOMINGTON,2,0.0,1.0,0.0,0.0,,,,S LIBERTY,,,2000.0,N,39.36263498,-86.58277202,LOCAL/CITY RD,N,RURAL,N,N,N,,DAYLIGHT,CLOUDY,WET,,NO JUNCTION INVOLVED,STRAIGHT/LEVEL,ASPHALT,SPEED TOO FAST FOR WEATHER CONDITIONS,REAR END,SLIBERYDRWCONSTITUTIONAVE,NONE,2019-08-17 01:01:00,,,
MONROE SD,BLOOMINGTON,2,0.0,0.0,0.0,0.0,,,,W KIRKWOOD,N RITTER ST,,,,39.166832,-86.550992,LOCAL/CITY RD,Y,URBAN,N,N,N,,DAYLIGHT,CLEAR,DRY,,T-INTERSECTION,STRAIGHT/LEVEL,ASPHALT,UNSAFE SPEED,RIGHT ANGLE,NRITTERSTWKIRKWOODAVE,NONE,2019-08-17 18:03:00,,,
BLOOMINGTON PD,BLOOMINGTON,1,0.0,0.0,0.0,1.0,,,,W ST RD 37,E MEL CURRIE RD,,100.0,N,39.24750397,-86.50176,COUNTY RD,N,RURAL,N,N,N,,DAYLIGHT,CLEAR,DRY,,NO JUNCTION INVOLVED,STRAIGHT/GRADE,ASPHALT,ANIMAL/OBJECT IN RDWAY,COLLISION WITH DEER,EMELCURRYRDNOLDSTATERD37HWY,NONE,2019-08-17 14:46:00,,,
BLOOMINGTON PD,BLOOMINGTON,2,0.0,0.0,0.0,0.0,,,,ST RD 45/46,N COLLEGE AVE,,,,39.186352,-86.534704,ST RD,N,URBAN,N,N,Y,WORK ON SHOULDER,DAYLIGHT,CLEAR,DRY,,FOUR-WAY INTERSECTION,STRAIGHT/LEVEL,ASPHALT,OVERCORRECTING/OVERSTEERING,SAME DIRECTION SIDESWIPE,NCOLLEGEAVEST RD 46 W,TRAFFIC CONTROL SIGNAL,2019-08-18 00:33:00,,,
BLOOMINGTON PD,BLOOMINGTON,2,0.0,0.0,0.0,0.0,,,,ST RD 45/46,N DUNN ST,,,,39.186352,-86.528496,ST RD,N,URBAN,N,N,N,,DAYLIGHT,CLEAR,DRY,,FOUR-WAY INTERSECTION,STRAIGHT/LEVEL,ASPHALT,FOLLOWING TOO CLOSELY,REAR END,NDUNNSTST RD 46E,TRAFFIC CONTROL SIGNAL,2019-08-18 11:33:00,,,
INDIANA UNIV BLOOMINGTON PD,BLOOMINGTON,2,0.0,0.0,0.0,0.0,,,,E 10TH,N JEFFERSON ST,,,,39.171648,-86.507088,LOCAL/CITY RD,N,URBAN,N,N,N,,DAYLIGHT,CLEAR,DRY,,T-INTERSECTION,STRAIGHT/LEVEL,ASPHALT,IMPROPER TURNING,LEFT/RIGHT TURN,10THSTJEFFERSONST,STOP SIGN,2019-08-18 12:40:00,,,
INDIANA UNIV BLOOMINGTON PD,BLOOMINGTON,2,0.0,0.0,0.0,0.0,,,,S HENDERSON,E ATWATER AVE,,,,39.16314,-86.52727,LOCAL/CITY RD,N,URBAN,N,N,N,,DAYLIGHT,CLEAR,DRY,,FOUR-WAY INTERSECTION,STRAIGHT/LEVEL,ASPHALT,DISREGARD SIGNAL/REG SIGN,RIGHT ANGLE,ATWATERAVEHENDERSONAVE,TRAFFIC CONTROL SIGNAL,2019-08-18 15:15:00,,,
MONROE SD,BLOOMINGTON,2,0.0,2.0,0.0,0.0,,,,S WALNUT,S ORCHARD LN,,200.0,S,39.11584,-86.5312,COUNTY RD,N,RURAL,N,N,N,,DAYLIGHT,CLEAR,DRY,,NO JUNCTION INVOLVED,STRAIGHT/GRADE,ASPHALT,LEFT OF CENTER,HEAD ON BETWEEN TWO MOTOR VEHICLES,SOLDSTATE37RDSORCHARDLN,LN CONTROL,2019-08-18 11:25:00,,,
MONROE SD,ELLETTSVILLE,2,0.0,0.0,0.0,0.0,,,,ST RD 46,W ARLINGTON RD,,,,39.20763,-86.57988,ST RD,N,RURAL,N,N,N,,DAYLIGHT,CLEAR,DRY,,T-INTERSECTION,CURVE/LEVEL,ASPHALT,FOLLOWING TOO CLOSELY,REAR END,NARLINIGTONRDST RD 46 W,TRAFFIC CONTROL SIGNAL,2019-08-18 16:49:00,,,
MONROE SD,BLOOMINGTON,1,0.0,0.0,0.0,0.0,,,,ST RD 48,W VERNAL PK,,500.0,W,39.16871806,-86.66283373,ST RD,N,RURAL,N,N,N,,DARK (NOT LIGHTED),CLEAR,WET,,T-INTERSECTION,CURVE/LEVEL,ASPHALT,UNSAFE SPEED,RAN OFF RD,ST RD 48WWVERNALPK,NONE,2019-08-18 21:30:00,,,
MONROE SD,BLOOMINGTON,1,0.0,0.0,0.0,1.0,,,,ST RD 37,E DILLMAN RD,,1300.0,N,39.23017629,-86.54416,ST RD,N,RURAL,N,N,N,,DAWN/DUSK,CLEAR,DRY,,NO JUNCTION INVOLVED,CURVE/GRADE,ASPHALT,ANIMAL/OBJECT IN RDWAY,COLLISION WITH DEER,EASTDILMANRDS ST RD 37,NONE,2019-08-18 06:40:00,,,
MONROE SD,BLOOMINGTON,2,0.0,0.0,0.0,0.0,,,,I-69,W FULLERTON PK,,500.0,S,39.1212155,-86.57021033,ST RD,N,URBAN,N,N,N,,DAYLIGHT,CLEAR,DRY,,RAMP,STRAIGHT/LEVEL,ASPHALT,UNSAFE LN MOVEMENT,OTHER - EXPLAIN IN NARRATIVE,FULLERTONPKN ST RD 37,NONE,2019-08-18 13:20:00,,,
MONROE SD,BLOOMINGTON,1,0.0,0.0,0.0,0.0,,,,ST RD 45,S DUNLAP RD,,200.0,W,39.11902366,-86.61946886,ST RD,N,RURAL,N,N,N,,DARK (NOT LIGHTED),CLEAR,DRY,,T-INTERSECTION,CURVE/LEVEL,ASPHALT,ANIMAL/OBJECT IN RDWAY,COLLISION WITH ANIMAL OTHER,SDUNLAPRDST RD 45 W,NONE,2019-08-18 21:46:00,,,
BLOOMINGTON PD,BLOOMINGTON,4,0.0,0.0,0.0,0.0,,,,ST RD 46,E ASTGATE LN,,100.0,S,39.16998405,-86.50126402,ST RD,N,URBAN,N,N,N,,DAYLIGHT,CLEAR,DRY,,NO JUNCTION INVOLVED,STRAIGHT/GRADE,ASPHALT,FOLLOWING TOO CLOSELY,REAR END,EASTGATELNST RD 46S,NONE,2019-08-19 11:31:00,,,
ELLETTSVILLE PD,ELLETTSVILLE,3,0.0,0.0,0.0,0.0,,,,ST RD 46,N HARTSTRAIT RD,,150.0,W,39.22766,-86.615927,ST RD,N,URBAN,N,N,N,,DAYLIGHT,CLEAR,DRY,,T-INTERSECTION,STRAIGHT/LEVEL,ASPHALT,DRIVER DISTRACTED - EXPLAIN IN NARRATIVE,REAR END,HARTSTRAITRDST RD 46 W,TRAFFIC CONTROL SIGNAL,2019-08-19 17:10:00,,,
ELLETTSVILLE PD,ELLETTSVILLE,2,0.0,3.0,0.0,0.0,,,,ST RD 46,N LAKEVIEW DR,,50.0,W,39.22123484,-86.60574082,ST RD,N,URBAN,N,N,N,,DAYLIGHT,CLEAR,DRY,,NO JUNCTION INVOLVED,STRAIGHT/GRADE,ASPHALT,FAILURE TO YIELD RIGHT OF WAY,RIGHT ANGLE,NLAKEVIEWDRST RD 46 W,NONE,2019-08-19 03:34:00,,,
MONROE SD,BLOOMINGTON,1,0.0,0.0,0.0,0.0,,,,ST RD 48,W VERNAL PK,,3500.0,W,39.16958455,-86.67299335,ST RD,N,RURAL,N,N,N,,DAYLIGHT,CLEAR,DRY,,NO JUNCTION INVOLVED,STRAIGHT/LEVEL,ASPHALT,RAN OFF RD RIGHT,RAN OFF RD,ST RD 48WWVERNALPK,NONE,2019-08-19 17:57:00,,,
BLOOMINGTON PD,BLOOMINGTON,1,0.0,1.0,0.0,0.0,,,,S COLLEGE MALL,E COVENANTER DR,,,,39.155152,-86.497888,LOCAL/CITY RD,N,URBAN,N,N,N,,DAYLIGHT,CLEAR,DRY,,FOUR-WAY INTERSECTION,STRAIGHT/LEVEL,ASPHALT,FAILURE TO YIELD RIGHT OF WAY,RIGHT ANGLE,COLLEGEMALLRDCOVENANTERDR,TRAFFIC CONTROL SIGNAL,2019-08-19 09:23:00,,True,
MONROE SD,BLOOMINGTON,2,0.0,0.0,0.0,0.0,,,,ST RD 37,E SMITHVILLE RD,,,,39.071056,-86.5356,ST RD,N,RURAL,N,Y,Y,LN CLOSURE,DAYLIGHT,CLEAR,DRY,,NO JUNCTION INVOLVED,STRAIGHT/LEVEL,ASPHALT,FOLLOWING TOO CLOSELY,REAR END,ESMITHVILLERDS ST RD 37,NONE,2019-08-19 08:54:00,,,
MONROE SD,BLOOMINGTON,2,0.0,0.0,0.0,0.0,,,,E SMITHVILLE,S FAIRFAX RD,,,,39.071152,-86.503088,LOCAL/CITY RD,N,RURAL,N,N,N,,DAYLIGHT,CLEAR,DRY,,FOUR-WAY INTERSECTION,STRAIGHT/LEVEL,ASPHALT,FOLLOWING TOO CLOSELY,REAR END,ESMITHVILLERDSFAIRFAXRD,STOP SIGN,2019-08-19 20:14:00,,,
MONROE SD,BLOOMINGTON,1,0.0,0.0,0.0,0.0,,,,I-69 N,,,250.0,N,41.28828669,-85.08707972,INTERSTATE,N,RURAL,N,N,N,,DAYLIGHT,CLEAR,DRY,,NO JUNCTION INVOLVED,STRAIGHT/LEVEL,ASPHALT,OTHER (ENVIRONMENTAL) - EXPLAIN IN NARR,COLLISION WITH OBJECT IN RD,I-69 N123.5,NONE,2019-08-19 15:13:00,,,
BLOOMINGTON PD,BLOOMINGTON,2,0.0,0.0,0.0,0.0,,,,W COUNTRYSIDE,S ZONA CT,,,,39.14317,-86.54632,LOCAL/CITY RD,N,URBAN,N,N,N,,DAYLIGHT,CLEAR,DRY,,T-INTERSECTION,STRAIGHT/LEVEL,ASPHALT,UNSAFE BACKING,BACKING CRASH,SZONACTWCOUNTRYSIDELN,NONE,2019-08-19 10:43:00,,,
BLOOMINGTON PD,BLOOMINGTON,3,0.0,2.0,0.0,0.0,,,,E 3RD,S COLLEGE MALL RD,,,,39.16424,-86.4984,LOCAL/CITY RD,N,URBAN,N,N,N,,DAYLIGHT,RAIN,WET,,FOUR-WAY INTERSECTION,STRAIGHT/LEVEL,ASPHALT,FOLLOWING TOO CLOSELY,REAR END,E 3RDSTSCOLLEGEMALLRD,TRAFFIC CONTROL SIGNAL,2019-08-20 16:00:00,,,
BLOOMINGTON PD,BLOOMINGTON,2,0.0,1.0,0.0,0.0,,,,ST RD 45/46,N KINSER PK,,,,39.186544,-86.537888,ST RD,N,URBAN,N,N,N,,DAYLIGHT,RAIN,WET,,NO JUNCTION INVOLVED,STRAIGHT/LEVEL,ASPHALT,SPEED TOO FAST FOR WEATHER CONDITIONS,REAR END,NKINSERPKST RD 46E,TRAFFIC CONTROL SIGNAL,2019-08-20 16:10:00,,,
BLOOMINGTON PD,BLOOMINGTON,2,0.0,0.0,0.0,0.0,,,,E WINSLOW,S WALNUT ST PK,,,,39.136144,-86.528688,LOCAL/CITY RD,N,URBAN,N,N,Y,INTERMITTENT OR MOVING WORK,DAYLIGHT,RAIN,WET,,FOUR-WAY INTERSECTION,STRAIGHT/GRADE,ASPHALT,FOLLOWING TOO CLOSELY,REAR END,EWINSLOWRDSWALNUTSTPK,NONE,2019-08-20 15:31:00,,,
INDIANA UNIV BLOOMINGTON PD,BLOOMINGTON,2,0.0,0.0,0.0,0.0,,,,N UNION,E 10TH ST,,,,39.17157,-86.50945,LOCAL/CITY RD,N,URBAN,N,N,N,,DAYLIGHT,CLEAR,DRY,,NO JUNCTION INVOLVED,STRAIGHT/LEVEL,ASPHALT,UNSAFE BACKING,BACKING CRASH,TENTHSTUNIONST,NONE,2019-08-20 13:25:00,,,
BLOOMINGTON PD,BLOOMINGTON,2,0.0,0.0,0.0,0.0,,,,S WALNUT,E 4TH ST,,100.0,S,39.165648,-86.5336,LOCAL/CITY RD,Y,URBAN,N,N,N,,DAYLIGHT,RAIN,WET,,FOUR-WAY INTERSECTION,STRAIGHT/LEVEL,ASPHALT,UNSAFE LN MOVEMENT,REAR END,E4THSTSWALNUTST,TRAFFIC CONTROL SIGNAL,2019-08-20 15:19:00,,,
BLOOMINGTON PD,BLOOMINGTON,2,0.0,0.0,0.0,0.0,,,,N COLLEGE,W 7TH ST,,,,39.168656,-86.534784,LOCAL/CITY RD,N,URBAN,N,N,N,,DAYLIGHT,RAIN,WET,,FOUR-WAY INTERSECTION,STRAIGHT/LEVEL,ASPHALT,UNSAFE LN MOVEMENT,LEFT/RIGHT TURN,E7THSTNCOLLEGEAVE,TRAFFIC CONTROL SIGNAL,2019-08-20 14:26:00,,,
BLOOMINGTON PD,BLOOMINGTON,2,0.0,0.0,0.0,0.0,,,,E 3RD,S OVERHILL DR,,,,39.164272,-86.501488,LOCAL/CITY RD,N,URBAN,N,N,N,,DAYLIGHT,CLEAR,WET,,T-INTERSECTION,STRAIGHT/LEVEL,ASPHALT,FAILURE TO YIELD RIGHT OF WAY,RIGHT ANGLE,E 3RDSTSOVERHILLDR,NONE,2019-08-20 18:12:00,,,
BLOOMINGTON PD,BLOOMINGTON,2,0.0,1.0,0.0,0.0,,,,ST RD 46,E 7TH ST,,,,39.167648,-86.500096,ST RD,N,URBAN,N,N,N,,DAYLIGHT,CLOUDY,DRY,,NO JUNCTION INVOLVED,STRAIGHT/LEVEL,ASPHALT,FOLLOWING TOO CLOSELY,REAR END,7THSTST RD 46E,NONE,2019-08-20 12:25:00,,,
INDIANA UNIV BLOOMINGTON PD,BLOOMINGTON,2,0.0,0.0,0.0,0.0,,,,E 3RD,E SWAIN AVE,,50.0,W,0.0,0.0,LOCAL/CITY RD,N,URBAN,N,N,N,,DAYLIGHT,CLOUDY,WET,,NO JUNCTION INVOLVED,STRAIGHT/LEVEL,ASPHALT,UNSAFE LN MOVEMENT,LEFT TURN,3RDSTSWAINAVE,NONE,2019-08-20 17:20:00,,,
MONROE SD,BLOOMINGTON,1,0.0,0.0,0.0,0.0,,,,E SMITHVILLE,S ZIKES RD,,900.0,W,39.071344,-86.5252,LOCAL/CITY RD,N,URBAN,N,N,N,,DAYLIGHT,CLEAR,WET,,NO JUNCTION INVOLVED,CURVE/GRADE,ASPHALT,RAN OFF RD RIGHT,RAN OFF RD,ESMITHVILLERDSZIKESRD,NONE,2019-08-20 17:44:00,,,
BLOOMINGTON PD,BLOOMINGTON,2,0.0,0.0,0.0,0.0,,,,S CURRY,INDUSTRIAL BLVD,,,,39.14393,-86.58262,LOCAL/CITY RD,N,URBAN,N,N,N,,DAYLIGHT,CLOUDY,WET,,T-INTERSECTION,STRAIGHT/LEVEL,ASPHALT,FOLLOWING TOO CLOSELY,REAR END,SCURRYPKWINDUSTRIALBLVD,NONE,2019-08-20 17:00:00,,,