Agency,City,Vehicles Involved,Trailers Involved,Number Injured,Number Dead,Number Deer,House Number,Roadway Interchange,Roadway Ramp,Roadway Id,Intersecting Road,Interchange,Feet From,Direction,Latitude,Longitude,Roadway Class,Hit and Run?,Locality,School Zone?,Rumble Strips?,Construction?,Construction Type,Light Condition,Weather Conditions,Surface Condition,Type of Median,Roadway Junction Type,Road Character,Roadway Surface,Primary Factor,Manner of Collision,Unique Location Id,Traffic Control,DateTime,Address Number,Cyclist Involved,Pedestrian Involved
BLOOMINGTON PD,BLOOMINGTON,2,0.0,0.0,0.0,0.0,,,,S ROGERS,W DODDS ST,,400.0,S,39.11517993,-86.5387,LOCAL/CITY RD,N,URBAN,N,N,N,,DAYLIGHT,CLEAR,WET,,T-INTERSECTION,STRAIGHT/LEVEL,ASPHALT,SPEED TOO FAST FOR WEATHER CONDITIONS,REAR END,SROGERSSTWDODDSST,NONE,2019-08-20 16:57:00,,,
BLOOMINGTON PD,BLOOMINGTON,1,0.0,0.0,0.0,0.0,3291.0,,,S WALNUT ST PK,,,,,39.165648,-86.5336,LOCAL/CITY RD,N,URBAN,N,N,N,,DAYLIGHT,CLEAR,DRY,,NO JUNCTION INVOLVED,STRAIGHT/GRADE,CONCRETE,RAN OFF RD RIGHT,RAN OFF RD,SWALNUTSTPK,NONE,2019-08-20 18:54:00,,,
MONROE SD,BLOOMINGTON,3,0.0,1.0,0.0,0.0,,,,W RATLIFF,N HARTSTRAIT RD,,,,39.20911,-86.61138,LOCAL/CITY RD,N,URBAN,N,N,N,,DAYLIGHT,RAIN,WET,,T-INTERSECTION,STRAIGHT/HILLCREST,ASPHALT,FOLLOWING TOO CLOSELY,REAR END,NHARTSTRAITRDWRATLIFFRD,NONE,2019-08-20 14:58:00,,,
MONROE SD,BLOOMINGTON,1,0.0,0.0,0.0,0.0,,,,W VERNAL,N THOMAS RD,,630.0,E,39.18904,-86.630096,LOCAL/CITY RD,N,RURAL,N,N,N,,DAYLIGHT,CLEAR,WET,,NO JUNCTION INVOLVED,CURVE/LEVEL,CONCRETE,SPEED TOO FAST FOR WEATHER CONDITIONS,RAN OFF RD,NTHOMASRDWVERNALPK,NONE,2019-08-20 17:08:00,,,
INDIANA UNIV BLOOMINGTON PD,BLOOMINGTON,2,0.0,0.0,0.0,0.0,,,,ST RD 45/46,E 10TH ST,,,,39.171648,-86.502096,ST RD,N,URBAN,N,N,N,,DAYLIGHT,CLEAR,DRY,,FOUR-WAY INTERSECTION,STRAIGHT/LEVEL,ASPHALT,FOLLOWING TOO CLOSELY,REAR END,10THSTST RD 46S,TRAFFIC CONTROL SIGNAL,2019-08-21 15:05:00,,,
INDIANA UNIV BLOOMINGTON PD,BLOOMINGTON,2,0.0,0.0,0.0,0.0,,,,E 3RD,S ARBUTUS DR,,150.0,N,39.18013153,-86.51217,UNKNOWN,N,URBAN,Y,N,N,,DAYLIGHT,CLEAR,DRY,,NO JUNCTION INVOLVED,CURVE/LEVEL,ASPHALT,UNSAFE BACKING,BACKING CRASH,E 3RDSTSARBUTUSDR,NONE,2019-08-21 14:30:00,,,
INDIANA UNIV BLOOMINGTON PD,BLOOMINGTON,2,0.0,0.0,0.0,0.0,,,,E 9TH,N PARK AVE,,50.0,W,39.17044,-86.52463567,LOCAL/CITY RD,N,URBAN,N,N,N,,DAWN/DUSK,CLEAR,DRY,,NO JUNCTION INVOLVED,STRAIGHT/LEVEL,OTHER - EXPLAIN IN NARRATIVE,IMPROPER PASSING,SAME DIRECTION SIDESWIPE,NINTHSTPARKAVE,NONE,2019-08-21 20:35:00,,,
BLOOMINGTON PD,BLOOMINGTON,2,0.0,1.0,0.0,0.0,,,,E UNIVERSITY,S HENDERSON ST,,,,39.15212,-86.52696499,LOCAL/CITY RD,N,URBAN,N,N,N,,DAYLIGHT,CLEAR,DRY,,T-INTERSECTION,STRAIGHT/LEVEL,ASPHALT,FAILURE TO YIELD RIGHT OF WAY,RIGHT ANGLE,EUNIVERSITYSTSHENDERSONST,STOP SIGN,2019-08-21 16:53:00,,,
ELLETTSVILLE PD,ELLETTSVILLE,2,0.0,0.0,0.0,0.0,,,,S 1ST,E RITTER ST,,,,39.229424,-86.623584,LOCAL/CITY RD,N,URBAN,N,N,N,,DAYLIGHT,CLEAR,DRY,,NO JUNCTION INVOLVED,STRAIGHT/GRADE,ASPHALT,FAILURE TO YIELD RIGHT OF WAY,RIGHT ANGLE,FIRSTSTRITTERST,NONE,2019-08-21 14:08:00,,,
MONROE SD,BLOOMINGTON,2,0.0,0.0,0.0,0.0,,,,ST RD 48,S FIELDSTONE BLVD,,,,39.164848,-86.602112,ST RD,N,URBAN,N,N,N,,DAYLIGHT,CLEAR,DRY,,T-INTERSECTION,STRAIGHT/LEVEL,ASPHALT,FAILURE TO YIELD RIGHT OF WAY,RIGHT ANGLE,FIELDSTONEBLVDST RD 48W,LN CONTROL,2019-08-21 23:59:00,,,
BLOOMINGTON PD,BLOOMINGTON,2,0.0,0.0,0.0,0.0,,,,ST RD 46,S PETE LLIS DR,,,,39.16424,-86.495088,LOCAL/CITY RD,N,URBAN,N,N,N,,DAYLIGHT,CLOUDY,DRY,,FOUR-WAY INTERSECTION,STRAIGHT/GRADE,ASPHALT,FOLLOWING TOO CLOSELY,RAN OFF RD,E 3RDSTSPETEELLISDR,TRAFFIC CONTROL SIGNAL,2019-08-22 14:05:00,,,
INDIANA UNIV BLOOMINGTON PD,BLOOMINGTON,2,0.0,1.0,0.0,0.0,,,,ST RD 45/46,ST RD 45,,,,39.18629503,-86.53072499,US ROUTE,N,URBAN,N,N,N,,DAYLIGHT,RAIN,WET,,FOUR-WAY INTERSECTION,STRAIGHT/LEVEL,ASPHALT,FOLLOWING TOO CLOSELY,REAR END,ST RD 45ST RD 46,TRAFFIC CONTROL SIGNAL,2019-08-22 20:10:00,,,
BLOOMINGTON PD,BLOOMINGTON,2,0.0,1.0,0.0,0.0,,,,E 3RD,S COLLEGE MALL RD,,,,39.16424,-86.4984,LOCAL/CITY RD,N,URBAN,N,N,N,,DAYLIGHT,CLOUDY,DRY,,FOUR-WAY INTERSECTION,STRAIGHT/LEVEL,ASPHALT,FOLLOWING TOO CLOSELY,REAR END,3RDSTCOLLEGEMALLRD,TRAFFIC CONTROL SIGNAL,2019-08-22 12:42:00,,,
BLOOMINGTON PD,BLOOMINGTON,2,0.0,0.0,0.0,0.0,,,,N WALNUT,ST RD 45/46,,100.0,S,39.17579968,-86.53454,LOCAL/CITY RD,N,URBAN,N,N,N,,DAYLIGHT,CLOUDY,DRY,,NO JUNCTION INVOLVED,STRAIGHT/LEVEL,ASPHALT,FAILURE TO YIELD RIGHT OF WAY,RIGHT ANGLE,4546BYPNWALNUTST,NONE,2019-08-22 11:59:00,,,
INDIANA UNIV BLOOMINGTON PD,BLOOMINGTON,2,0.0,0.0,0.0,0.0,,,,S SWAIN,E 3RD ST,,,,39.16425,-86.51526,LOCAL/CITY RD,N,URBAN,N,N,N,,DAYLIGHT,CLOUDY,WET,,T-INTERSECTION,STRAIGHT/LEVEL,ASPHALT,IMPROPER TURNING,LEFT TURN,SWAINAVE 3RDST,NONE,2019-08-22 19:45:00,,,
BLOOMINGTON PD,BLOOMINGTON,2,0.0,1.0,0.0,0.0,,,,ST RD 48,S GATES DR,,,,39.16459,-86.5762,LOCAL/CITY RD,N,URBAN,N,N,N,,DAYLIGHT,CLOUDY,DRY,,FOUR-WAY INTERSECTION,STRAIGHT/LEVEL,ASPHALT,DRIVER ILLNESS,SAME DIRECTION SIDESWIPE,SGATESDRW 3RDST,TRAFFIC CONTROL SIGNAL,2019-08-22 11:45:00,,,
BLOOMINGTON PD,BLOOMINGTON,2,0.0,0.0,0.0,0.0,,,,S WALNUT,E GRIMES LN,,,,0.0,0.0,LOCAL/CITY RD,N,URBAN,N,N,N,,DAYLIGHT,CLOUDY,DRY,,FOUR-WAY INTERSECTION,STRAIGHT/LEVEL,ASPHALT,FAILURE TO YIELD RIGHT OF WAY,RIGHT ANGLE,GRIMESAVEWALNUTST,TRAFFIC CONTROL SIGNAL,2019-08-22 12:20:00,,,
INDIANA UNIV BLOOMINGTON PD,BLOOMINGTON,2,0.0,0.0,0.0,0.0,,,,E 3RD,S FESS AVE,,100.0,E,39.16429,-86.52587865,LOCAL/CITY RD,N,URBAN,N,N,N,,DAYLIGHT,CLOUDY,WET,,NO JUNCTION INVOLVED,STRAIGHT/LEVEL,ASPHALT,FOLLOWING TOO CLOSELY,REAR END,FESSAVE 3RDST,NONE,2019-08-22 19:18:00,,,
BLOOMINGTON PD,BLOOMINGTON,1,0.0,1.0,0.0,0.0,,,,S PATTERSON,W 2ND ST,,125.0,S,39.14754324,-86.54849,LOCAL/CITY RD,N,URBAN,N,N,N,,DARK (LIGHTED),CLOUDY,WET,,NO JUNCTION INVOLVED,STRAIGHT/LEVEL,ASPHALT,PEDESTRIAN ACTION,COLLISION WITH OBJECT IN RD,2NDSTPATTERSONDR,LN CONTROL,2019-08-22 22:17:00,,,True
ELLETTSVILLE PD,ELLETTSVILLE,2,0.0,0.0,0.0,0.0,,,,ST RD 46,N OUTBACK RD,,,,39.21507,-86.592785,ST RD,N,URBAN,N,N,N,,DARK (NOT LIGHTED),CLEAR,WET,,FOUR-WAY INTERSECTION,STRAIGHT/LEVEL,ASPHALT,FAILURE TO YIELD RIGHT OF WAY,LEFT TURN,NORTHOUTBACKCTST RD 46 W,TRAFFIC CONTROL SIGNAL,2019-08-22 20:57:00,,,
MONROE SD,BLOOMINGTON,2,0.0,0.0,0.0,0.0,,,,N SMITH,W WOODYARD,,,,0.0,0.0,COUNTY RD,N,RURAL,N,N,N,,DAYLIGHT,CLEAR,DRY,,NO JUNCTION INVOLVED,STRAIGHT/LEVEL,ASPHALT,OTHER (DRIVER) - EXPLAIN IN NARRATIVE,REAR END,SMITHPKPKWOODYARDRD,NONE,2019-08-22 18:33:00,,,
ISP BLOOMINGTON 33,ELLETTSVILLE,3,0.0,0.0,0.0,0.0,,,,ST RD 46,W ARLINGTON RD,,,,39.187184,-86.551408,ST RD,N,RURAL,N,N,N,,DAYLIGHT,RAIN,WET,,FOUR-WAY INTERSECTION,STRAIGHT/LEVEL,ASPHALT,FOLLOWING TOO CLOSELY,REAR END,ARLINGTONRDST RD 46,TRAFFIC CONTROL SIGNAL,2019-08-22 14:50:00,,,
MONROE SD,BLOOMINGTON,1,0.0,0.0,0.0,0.0,,,,E SAMPLE,W ST RD 37,,4000.0,W,39.25864,-86.5012,LOCAL/CITY RD,N,RURAL,N,N,N,,DAYLIGHT,CLOUDY,WET,,NO JUNCTION INVOLVED,CURVE/GRADE,ASPHALT,RAN OFF RD RIGHT,RAN OFF RD,ESAMPLERDNOLDST RD 37RD,NONE,2019-08-22 15:18:00,,,
BLOOMINGTON PD,BLOOMINGTON,2,0.0,0.0,0.0,0.0,,,,E MOORES,S COLLEGE MALL RD,,60.0,W,39.150448,-86.498,LOCAL/CITY RD,Y,URBAN,N,N,N,,DAYLIGHT,CLOUDY,WET,,FOUR-WAY INTERSECTION,STRAIGHT/GRADE,ASPHALT,UNSAFE LN MOVEMENT,SAME DIRECTION SIDESWIPE,EMOORESPKSCOLLEGEMALLRD,NONE,2019-08-22 18:55:00,,,
BLOOMINGTON PD,BLOOMINGTON,1,0.0,1.0,0.0,0.0,,,,E 7TH,N INDIANA AVE,,,,39.16864,-86.526944,LOCAL/CITY RD,N,URBAN,N,N,N,,DAYLIGHT,CLOUDY,DRY,,FOUR-WAY INTERSECTION,STRAIGHT/LEVEL,ASPHALT,IMPROPER TURNING,LEFT TURN,7THSTINDIANAAVE,STOP SIGN,2019-08-22 09:49:00,,True,
ELLETTSVILLE PD,ELLETTSVILLE,1,0.0,0.0,0.0,0.0,,,,E MIAMI,S SHAWNEE DR,,150.0,E,39.220816,-86.622288,LOCAL/CITY RD,N,URBAN,N,N,N,,DARK (NOT LIGHTED),CLEAR,DRY,,NO JUNCTION INVOLVED,STRAIGHT/LEVEL,ASPHALT,RAN OFF RD RIGHT,RAN OFF RD,MIAMISTSHAWNEEDR,OTHER,2019-08-22 00:27:00,,,
MONROE SD,ELLETTSVILLE,2,0.0,0.0,0.0,0.0,,,,N UNION VALLEY,W MCNEELY ST,,,,39.2375,-86.59278,LOCAL/CITY RD,N,RURAL,N,N,N,,DAWN/DUSK,CLOUDY,WET,,T-INTERSECTION,STRAIGHT/HILLCREST,ASPHALT,SPEED TOO FAST FOR WEATHER CONDITIONS,RIGHT ANGLE,NUNIONVALLEYRDWMCNEELYST,STOP SIGN,2019-08-22 07:39:00,,,
BLOOMINGTON PD,BLOOMINGTON,1,0.0,0.0,0.0,0.0,3004.0,,,S ACADIA,ACADIA CT,,,,39.13603958,-86.518496,UNKNOWN,Y,URBAN,N,N,N,,DAYLIGHT,RAIN,WET,,T-INTERSECTION,NON-RDWAY CRASH,ASPHALT,RDWAY SURFACE CONDITION,RAN OFF RD,SACADIACT,STOP SIGN,2019-08-22 18:35:00,,,
BLOOMINGTON PD,BLOOMINGTON,2,0.0,0.0,0.0,0.0,,,,S ROGERS,W DODDS ST,,,,39.15747,-86.5387,LOCAL/CITY RD,N,URBAN,N,N,N,,DAYLIGHT,CLOUDY,DRY,,FOUR-WAY INTERSECTION,STRAIGHT/LEVEL,ASPHALT,FOLLOWING TOO CLOSELY,REAR END,DODDSSTROGERSST,STOP SIGN,2019-08-22 09:43:00,,,
MONROE SD,BLOOMINGTON,1,0.0,0.0,0.0,0.0,,,,ST RD 46,W FLATWOODS RD,,500.0,W,39.25373018,-86.6545366,ST RD,N,RURAL,N,N,N,,DAYLIGHT,CLOUDY,DRY,,NO JUNCTION INVOLVED,CURVE/GRADE,ASPHALT,RAN OFF RD RIGHT,RAN OFF RD,FLATWOODSRDST RD 46 W,NONE,2019-08-22 16:39:00,,,
INDIANA UNIV BLOOMINGTON PD,BLOOMINGTON,2,0.0,0.0,0.0,0.0,,,,ST RD 45/46,E 10TH ST,,,,39.18629503,-86.53072499,ST RD,N,URBAN,N,N,N,,DAYLIGHT,CLEAR,DRY,,FOUR-WAY INTERSECTION,STRAIGHT/LEVEL,ASPHALT,FOLLOWING TOO CLOSELY,REAR END,ST RD 45ST RD 46,TRAFFIC CONTROL SIGNAL,2019-08-23 13:50:00,,,
INDIANA UNIV BLOOMINGTON PD,BLOOMINGTON,2,0.0,0.0,0.0,0.0,,,,E 3RD,S EAGLESON AVE,,,,39.16426,-86.51642,LOCAL/CITY RD,N,URBAN,N,N,N,,DAYLIGHT,CLEAR,DRY,,FOUR-WAY INTERSECTION,STRAIGHT/LEVEL,ASPHALT,IMPROPER TURNING,LEFT TURN,EAGLESON AVEAVE 3RDST,LN CONTROL,2019-08-23 17:40:00,,,
BLOOMINGTON PD,BLOOMINGTON,2,0.0,0.0,0.0,0.0,,,,N COLLEGE,W 7TH ST,,,,39.168656,-86.534784,LOCAL/CITY RD,N,URBAN,N,N,N,,DAYLIGHT,CLEAR,DRY,,FOUR-WAY INTERSECTION,STRAIGHT/LEVEL,ASPHALT,DISREGARD SIGNAL/REG SIGN,RIGHT ANGLE,NCOLLEGEAVEW7THST,TRAFFIC CONTROL SIGNAL,2019-08-23 14:31:00,,,
BLOOMINGTON PD,BLOOMINGTON,2,0.0,1.0,0.0,0.0,,,,ST RD 46,E 7TH ST,,,,39.167648,-86.500096,ST RD,N,URBAN,N,N,N,,DAYLIGHT,CLEAR,DRY,,NO JUNCTION INVOLVED,STRAIGHT/GRADE,ASPHALT,FOLLOWING TOO CLOSELY,REAR END,7THSTST RD 46E,NONE,2019-08-23 12:00:00,,,
MONROE SD,BLOOMINGTON,2,1.0,0.0,0.0,0.0,,,,ST RD 37,S ZIKES RD,,150.0,N,39.04986797,-86.53588243,ST RD,N,RURAL,N,Y,Y,LN CLOSURE,DAYLIGHT,CLEAR,DRY,,NO JUNCTION INVOLVED,STRAIGHT/LEVEL,ASPHALT,FAILURE TO YIELD RIGHT OF WAY,SAME DIRECTION SIDESWIPE,SOUTHZIKESRDS ST RD 37,LN CONTROL,2019-08-23 17:00:00,,,
BLOOMINGTON PD,BLOOMINGTON,2,0.0,0.0,0.0,0.0,,,,E 2ND,S HENDERSON ST,,,,39.16136,-86.52722,LOCAL/CITY RD,N,URBAN,N,N,N,,DAYLIGHT,CLEAR,DRY,,T-INTERSECTION,STRAIGHT/GRADE,ASPHALT,WRONG WAY ON ONE WAY,RIGHT ANGLE,2NDSTHENDERSONST,LN CONTROL,2019-08-23 16:51:00,,,
MONROE SD,BLOOMINGTON,2,0.0,0.0,0.0,0.0,,,,N UNION VALLEY,W LYNW DR,,,,39.21584,-86.5928,COUNTY RD,N,RURAL,N,N,N,,DAYLIGHT,CLEAR,DRY,,FOUR-WAY INTERSECTION,STRAIGHT/GRADE,ASPHALT,FAILURE TO YIELD RIGHT OF WAY,RIGHT ANGLE,LYNWESTDRUNIONVALLEYRD,NONE,2019-08-23 15:59:00,,,
ISP BLOOMINGTON 33,BLOOMINGTON,2,0.0,0.0,0.0,0.0,,,,S SARE,S CATHCART RD,,,,39.14882,-86.49906,LOCAL/CITY RD,N,URBAN,N,N,N,,DAWN/DUSK,CLEAR,DRY,,T-INTERSECTION,STRAIGHT/GRADE,ASPHALT,FAILURE TO YIELD RIGHT OF WAY,RIGHT ANGLE,EASTCATHCARTSTSOUTHSARERD,LN CONTROL,2019-08-23 20:24:00,,,
BLOOMINGTON PD,BLOOMINGTON,4,0.0,2.0,0.0,0.0,,,,ST RD 45/46,,,1000.0,W,39.18692,-86.54656345,LOCAL/CITY RD,N,URBAN,N,N,Y,LN CLOSURE,DAYLIGHT,CLEAR,DRY,,NO JUNCTION INVOLVED,STRAIGHT/LEVEL,CONCRETE,FOLLOWING TOO CLOSELY,REAR END,NORTHSTONELAKEDRWESTSTATERD4546BYP,NONE,2019-08-23 16:17:00,,,
MONROE SD,BLOOMINGTON,2,0.0,0.0,0.0,0.0,,,,W CEDAR CHASE,W RED ROCK RD,,2400.0,W,39.131712,-86.58536,LOCAL/CITY RD,N,URBAN,N,N,N,,DAYLIGHT,CLOUDY,DRY,,NO JUNCTION INVOLVED,STRAIGHT/LEVEL,ASPHALT,UNSAFE BACKING,BACKING CRASH,WCEDARCHASEDRWREDROCKRD,NONE,2019-08-23 19:31:00,,,
BLOOMINGTON PD,BLOOMINGTON,1,0.0,1.0,0.0,0.0,,,,W ST RD 37,W GOURLEY PK,,500.0,N,39.23807999,-86.53521,LOCAL/CITY RD,N,URBAN,N,N,Y,LN CLOSURE,DAYLIGHT,CLEAR,LOOSE MATERIAL ON RD,,NO JUNCTION INVOLVED,STRAIGHT/GRADE,GRAVEL,RAN OFF RD RIGHT,RAN OFF RD,OLDST RD 37RDWGOURLEYPK,NONE,2019-08-23 16:13:00,,,
INDIANA UNIV BLOOMINGTON PD,BLOOMINGTON,2,0.0,0.0,0.0,0.0,,,,E 3RD,S SWAIN AVE,,,,39.16425,-86.51526,LOCAL/CITY RD,N,URBAN,N,N,N,,DAYLIGHT,CLEAR,DRY,,T-INTERSECTION,STRAIGHT/GRADE,ASPHALT,UNSAFE LN MOVEMENT,SAME DIRECTION SIDESWIPE,SWAINAVE 3RDST,NONE,2019-08-24 11:31:00,,,
INDIANA UNIV BLOOMINGTON PD,BLOOMINGTON,2,0.0,0.0,0.0,0.0,,,,E 17TH,N EAGLESON AVE,,508.0,W,39.17885275,-86.5128806,LOCAL/CITY RD,N,URBAN,N,N,N,,DAYLIGHT,CLEAR,DRY,,NO JUNCTION INVOLVED,STRAIGHT/LEVEL,ASPHALT,UNSAFE LN MOVEMENT,LEFT TURN,EAST17THSTEAGLESON AVEAVE,NONE,2019-08-24 20:00:00,,,
MONROE SD,BLOOMINGTON,2,0.0,0.0,0.0,0.0,,,,ST RD 46,N CENTENNIAL DR,,,,39.20997,-86.58271,ST RD,N,RURAL,N,N,N,,DAYLIGHT,CLEAR,DRY,,FOUR-WAY INTERSECTION,STRAIGHT/GRADE,CONCRETE,DRIVER ASLEEP OR FATIGUED,REAR END,NCENTENNIALDRST RD 46 W,TRAFFIC CONTROL SIGNAL,2019-08-24 14:58:00,,,
ISP BLOOMINGTON 33,BLOOMINGTON,2,0.0,0.0,0.0,0.0,,,,W KIRKWOOD,S ADAMS ST,,,,0.0,0.0,LOCAL/CITY RD,N,URBAN,N,N,N,,DAYLIGHT,CLEAR,DRY,,FOUR-WAY INTERSECTION,CURVE/LEVEL,ASPHALT,UNSAFE LN MOVEMENT,SAME DIRECTION SIDESWIPE,3RDSTKIRKWOODAVE,TRAFFIC CONTROL SIGNAL,2019-08-24 10:57:00,,,
BLOOMINGTON PD,BLOOMINGTON,2,0.0,1.0,0.0,0.0,,,,E 4TH,B-LINE TRAIL,,,,0.0,0.0,LOCAL/CITY RD,N,URBAN,N,N,N,,DAYLIGHT,CLEAR,DRY,,FOUR-WAY INTERSECTION,STRAIGHT/GRADE,ASPHALT,FAILURE TO YIELD RIGHT OF WAY,RIGHT ANGLE,4THSTBLINETRL,STOP SIGN,2019-08-24 20:00:00,,,
ISP BLOOMINGTON 33,BLOOMINGTON,3,0.0,1.0,0.0,0.0,,,,N WALNUT,W 15TH ST,,50.0,N,39.17698532,-86.53342179,LOCAL/CITY RD,N,URBAN,N,N,N,,DARK (LIGHTED),CLEAR,DRY,,NO JUNCTION INVOLVED,STRAIGHT/LEVEL,CONCRETE,IMPROPER LN USAGE,REAR END,15THSTWALNUTST,LN CONTROL,2019-08-24 22:56:00,,,
INDIANA UNIV BLOOMINGTON PD,BLOOMINGTON,1,0.0,0.0,0.0,0.0,,,,ST RD 45,N PETE LLIS DR,,,,39.171504,-86.495312,LOCAL/CITY RD,N,URBAN,N,N,N,,DARK (LIGHTED),CLEAR,DRY,,FOUR-WAY INTERSECTION,STRAIGHT/LEVEL,ASPHALT,RDWAY SURFACE CONDITION,COLLISION WITH OBJECT IN RD,10THSTRANGERD,TRAFFIC CONTROL SIGNAL,2019-08-25 03:24:00,,,
BLOOMINGTON PD,BLOOMINGTON,2,0.0,1.0,0.0,0.0,,,,ST RD 46,E 7TH ST,,,,39.167648,-86.500096,ST RD,N,URBAN,Y,N,N,,DAYLIGHT,CLEAR,DRY,,T-INTERSECTION,STRAIGHT/GRADE,ASPHALT,FOLLOWING TOO CLOSELY,REAR END,7THSTST RD 46E,NONE,2019-08-25 12:50:00,,,
BLOOMINGTON PD,BLOOMINGTON,2,0.0,1.0,0.0,0.0,,,,W COUNTRY CLUB,S ROGERS ST,,,,39.13608,-86.538096,LOCAL/CITY RD,N,URBAN,N,N,N,,DARK (LIGHTED),CLEAR,DRY,,FOUR-WAY INTERSECTION,STRAIGHT/GRADE,ASPHALT,FAILURE TO YIELD RIGHT OF WAY,RIGHT ANGLE,COUNTRYCLUBDRIVEROGERSST,TRAFFIC CONTROL SIGNAL,2019-08-25 06:32:00,,,
INDIANA UNIV BLOOMINGTON PD,BLOOMINGTON,2,0.0,0.0,0.0,0.0,,,,ST RD 45/46,E 10TH ST,,250.0,N,39.176848,-86.478192,ST RD,N,URBAN,N,N,N,,DAYLIGHT,RAIN,WET,,FOUR-WAY INTERSECTION,STRAIGHT/GRADE,ASPHALT,SPEED TOO FAST FOR WEATHER CONDITIONS,REAR END,10THSTST RD 4546S,TRAFFIC CONTROL SIGNAL,2019-08-26 14:21:00,,,
BLOOMINGTON PD,BLOOMINGTON,2,0.0,0.0,0.0,0.0,,,,S WALNUT,E 3RD ST,,,,39.16464,-86.5336,LOCAL/CITY RD,N,URBAN,N,N,N,,DAYLIGHT,RAIN,WET,,FOUR-WAY INTERSECTION,STRAIGHT/GRADE,ASPHALT,FOLLOWING TOO CLOSELY,REAR END,3RDSTWALNUTST,TRAFFIC CONTROL SIGNAL,2019-08-26 12:13:00,,,
BLOOMINGTON PD,BLOOMINGTON,2,0.0,0.0,0.0,0.0,,,,S WALNUT,E WINSLOW RD,,200.0,N,39.15710342,-86.53111,LOCAL/CITY RD,N,URBAN,N,N,N,,DAYLIGHT,RAIN,WET,,NO JUNCTION INVOLVED,STRAIGHT/GRADE,CONCRETE,FAILURE TO YIELD RIGHT OF WAY,LEFT TURN,EASTWINSLOWRDSOUTHWALNUTST,NONE,2019-08-26 15:08:00,,,
BLOOMINGTON PD,BLOOMINGTON,2,0.0,2.0,0.0,0.0,,,,S WALNUT,E N DR,,,,39.14411,-86.53181,LOCAL/CITY RD,N,URBAN,Y,N,N,,DAYLIGHT,RAIN,WET,,FOUR-WAY INTERSECTION,STRAIGHT/LEVEL,ASPHALT,DISREGARD SIGNAL/REG SIGN,LEFT TURN,NORTHDRSWALNUTST,TRAFFIC CONTROL SIGNAL,2019-08-26 12:49:00,,,
MONROE SD,BLOOMINGTON,2,0.0,0.0,0.0,0.0,,,,S FAIRFAX,S WALNUT ST PK,,,,39.10719,-86.52648,COUNTY RD,N,RURAL,N,N,N,,DAYLIGHT,CLEAR,DRY,NONE,T-INTERSECTION,STRAIGHT/GRADE,ASPHALT,FOLLOWING TOO CLOSELY,REAR END,FAIRFAXRDWALNUTSTPK,NONE,2019-08-26 17:18:00,,,
INDIANA UNIV BLOOMINGTON PD,BLOOMINGTON,2,0.0,0.0,0.0,0.0,,,,E 7TH,N GRANT ST,,50.0,E,39.16864,-86.52951958,LOCAL/CITY RD,Y,URBAN,N,N,N,,DAYLIGHT,RAIN,WET,,NO JUNCTION INVOLVED,STRAIGHT/LEVEL,ASPHALT,OTHER (DRIVER) - EXPLAIN IN NARRATIVE,SAME DIRECTION SIDESWIPE,7THSTGRANTST,NONE,2019-08-26 12:10:00,,,
BLOOMINGTON PD,BLOOMINGTON,2,0.0,0.0,0.0,0.0,824.0,,,E UNIVERSITY,S WOODLAWN AVE,,100.0,W,39.16016,-86.52307,LOCAL/CITY RD,Y,URBAN,N,N,N,,,CLOUDY,WET,,NO JUNCTION INVOLVED,STRAIGHT/LEVEL,ASPHALT,IMPROPER LN USAGE,REAR END,824EUNIVERSITYSTSOUTHWOODLAWNAVE,NONE,2019-08-26 00:00:00,,,
MONROE SD,BLOOMINGTON,1,0.0,0.0,0.0,0.0,,,,I-69 N,,,500.0,S,0.0,0.0,INTERSTATE,N,RURAL,N,N,N,,DARK (NOT LIGHTED),RAIN,WET,,NO JUNCTION INVOLVED,CURVE/LEVEL,ASPHALT,RAN OFF RD RIGHT,RAN OFF RD,I-69 N127.5,NONE,2019-08-26 05:17:00,,,
INDIANA UNIV BLOOMINGTON PD,BLOOMINGTON,2,0.0,0.0,0.0,0.0,,,,N FEE,E LAW LN,,,,39.174048,-86.518896,LOCAL/CITY RD,N,URBAN,N,N,N,,DAYLIGHT,RAIN,WET,,T-INTERSECTION,STRAIGHT/GRADE,ASPHALT,FAILURE TO YIELD RIGHT OF WAY,LEFT TURN,FEELNLAWLN,STOP SIGN,2019-08-26 15:40:00,,,
MONROE SD,BLOOMINGTON,2,0.0,1.0,0.0,0.0,,,,S FAIRFAX,E MOFFETT LN,,,,39.0999,-86.51783,COUNTY RD,N,URBAN,N,N,N,,DAYLIGHT,RAIN,WET,,T-INTERSECTION,CURVE/GRADE,ASPHALT,FOLLOWING TOO CLOSELY,REAR END,EASTMOFFETTLNSOUTHFAIRFAXRD,NONE,2019-08-26 13:54:00,,,