Agency,City,Vehicles Involved,Trailers Involved,Number Injured,Number Dead,Number Deer,House Number,Roadway Interchange,Roadway Ramp,Roadway Id,Intersecting Road,Interchange,Feet From,Direction,Latitude,Longitude,Roadway Class,Hit and Run?,Locality,School Zone?,Rumble Strips?,Construction?,Construction Type,Light Condition,Weather Conditions,Surface Condition,Type of Median,Roadway Junction Type,Road Character,Roadway Surface,Primary Factor,Manner of Collision,Unique Location Id,Traffic Control,DateTime,Address Number,Cyclist Involved,Pedestrian Involved
ELLETTSVILLE PD,ELLETTSVILLE,2,0.0,0.0,0.0,0.0,,,,S SALE,N THOMAS RD,,,,39.231152,-86.6308,LOCAL/CITY RD,N,URBAN,N,N,N,,DAYLIGHT,CLEAR,DRY,,T-INTERSECTION,STRAIGHT/LEVEL,ASPHALT,FOLLOWING TOO CLOSELY,REAR END,NORTHTHOMASRDSOUTHSALEST,STOP SIGN,2019-09-19 17:30:00,,,
MONROE SD,BLOOMINGTON,1,0.0,0.0,0.0,1.0,,,,ST RD 45,N BRUMMETTS CREEK RD,,150.0,S,39.23046517,-86.41948008,ST RD,N,RURAL,N,N,N,,DARK (NOT LIGHTED),CLEAR,DRY,,NO JUNCTION INVOLVED,CURVE/GRADE,ASPHALT,ANIMAL/OBJECT IN RDWAY,COLLISION WITH DEER,BRUMMETTSCREEKRDST RD 45E,NONE,2019-09-19 21:17:00,,,
INDIANA UNIV BLOOMINGTON PD,BLOOMINGTON,2,1.0,0.0,0.0,0.0,,,,ST RD 45/46,E 10TH ST,,150.0,N,39.176848,-86.478192,ST RD,N,URBAN,N,N,N,,DAYLIGHT,CLEAR,DRY,,FOUR-WAY INTERSECTION,STRAIGHT/LEVEL,ASPHALT,FOLLOWING TOO CLOSELY,SAME DIRECTION SIDESWIPE,E 10THSTST RD 4546E,TRAFFIC CONTROL SIGNAL,2019-09-20 11:55:00,,,
INDIANA UNIV BLOOMINGTON PD,BLOOMINGTON,2,0.0,0.0,0.0,0.0,,,,N UNION,E 10TH ST,,,,39.17157,-86.50945,LOCAL/CITY RD,N,URBAN,N,N,N,,DAYLIGHT,CLEAR,DRY,,NO JUNCTION INVOLVED,STRAIGHT/LEVEL,ASPHALT,UNSAFE BACKING,BACKING CRASH,TENTHSTUNIONST,NONE,2019-09-20 17:15:00,,,
BLOOMINGTON PD,BLOOMINGTON,2,0.0,0.0,0.0,0.0,,,,S ROGERS,W 2ND ST,,,,39.16139,-86.5387,LOCAL/CITY RD,N,URBAN,N,N,N,,DAYLIGHT,CLEAR,DRY,,FOUR-WAY INTERSECTION,STRAIGHT/LEVEL,ASPHALT,FAILURE TO YIELD RIGHT OF WAY,RIGHT ANGLE,SROGERSSTW 2NDST,TRAFFIC CONTROL SIGNAL,2019-09-20 09:59:00,,,
MONROE SD,BLOOMINGTON,1,0.0,0.0,0.0,1.0,,,,ST RD 45,W HINDS RD,,500.0,W,39.08989,-86.66622666,ST RD,N,RURAL,N,N,N,,DARK (NOT LIGHTED),CLEAR,DRY,,NO JUNCTION INVOLVED,CURVE/GRADE,ASPHALT,ANIMAL/OBJECT IN RDWAY,COLLISION WITH DEER,HINESRDST RD 45 W,NONE,2019-09-20 21:26:00,,,
MONROE SD,BLOOMINGTON,2,0.0,0.0,0.0,0.0,,,,ST RD 46,W HEDRICK RD,,150.0,E,39.27762,-86.677343,ST RD,N,RURAL,N,N,N,,DAYLIGHT,CLOUDY,DRY,,NO JUNCTION INVOLVED,STRAIGHT/GRADE,CONCRETE,FOLLOWING TOO CLOSELY,REAR END,ST RD 46 WWHEDRICKRD,NONE,2019-09-20 17:52:00,,,
BLOOMINGTON PD,BLOOMINGTON,2,0.0,0.0,0.0,0.0,,,,W 17TH,N WILLIS DR,,,,39.179104,-86.544016,LOCAL/CITY RD,N,URBAN,N,N,N,,DAYLIGHT,CLEAR,DRY,,T-INTERSECTION,STRAIGHT/GRADE,ASPHALT,FAILURE TO YIELD RIGHT OF WAY,LEFT TURN,NWILLISDRW17THST,NONE,2019-09-20 10:28:00,,,
BLOOMINGTON PD,BLOOMINGTON,2,0.0,0.0,0.0,0.0,,,,W KIRKWOOD,S ROGERS ST,,,,39.166672,-86.538608,LOCAL/CITY RD,N,URBAN,N,N,N,,DAWN/DUSK,CLEAR,DRY,,FOUR-WAY INTERSECTION,STRAIGHT/LEVEL,ASPHALT,FAILURE TO YIELD RIGHT OF WAY,RIGHT ANGLE,SROGERSSTWKIRKWOODAVE,NONE,2019-09-20 19:43:00,,,
BLOOMINGTON PD,BLOOMINGTON,2,0.0,0.0,0.0,0.0,,,,N ROGERS,W 8TH ST,,,,39.169584,-86.538576,LOCAL/CITY RD,N,URBAN,N,N,N,,DARK (LIGHTED),CLEAR,DRY,,NO JUNCTION INVOLVED,STRAIGHT/GRADE,ASPHALT,FAILURE TO YIELD RIGHT OF WAY,RIGHT ANGLE,8THSTROGERSST,STOP SIGN,2019-09-20 01:19:00,,,
MONROE SD,BLOOMINGTON,2,0.0,0.0,0.0,0.0,,,,S CURRY,W DOYLE AVE,,,,39.158352,-86.582752,LOCAL/CITY RD,N,URBAN,N,N,N,,DAYLIGHT,CLOUDY,DRY,,T-INTERSECTION,STRAIGHT/LEVEL,ASPHALT,FOLLOWING TOO CLOSELY,REAR END,DOYLEAVESCURRYPK,TRAFFIC CONTROL SIGNAL,2019-09-20 14:01:00,,,
MONROE SD,BLOOMINGTON,1,0.0,0.0,0.0,1.0,,,,S HARRELL,E MOFFETT LN,,1000.0,N,39.20526919,-86.49847,LOCAL/CITY RD,N,RURAL,N,N,N,,DARK (NOT LIGHTED),CLEAR,DRY,,NO JUNCTION INVOLVED,STRAIGHT/GRADE,ASPHALT,ANIMAL/OBJECT IN RDWAY,COLLISION WITH DEER,HARRELLRDMOFFETTLN,NONE,2019-09-20 21:04:00,,,
BLOOMINGTON PD,BLOOMINGTON,2,0.0,0.0,0.0,0.0,,,,ST RD 46,S COLLEGE MALL RD,,500.0,E,39.16464,-86.534816,LOCAL/CITY RD,N,URBAN,N,N,N,,DAYLIGHT,CLEAR,DRY,,NO JUNCTION INVOLVED,STRAIGHT/LEVEL,ASPHALT,FOLLOWING TOO CLOSELY,REAR END,EAST3RDSTSOUTHCOLLEGEMALL,NONE,2019-09-21 10:57:00,,,
BLOOMINGTON PD,BLOOMINGTON,3,0.0,1.0,0.0,0.0,,,,ST RD 45/46,N KINSER PK,,,,39.186544,-86.537888,ST RD,N,URBAN,N,N,N,,DAYLIGHT,CLEAR,DRY,,FOUR-WAY INTERSECTION,STRAIGHT/LEVEL,ASPHALT,FAILURE TO YIELD RIGHT OF WAY,RIGHT ANGLE,NKINSERPKST RD 46 W,TRAFFIC CONTROL SIGNAL,2019-09-21 10:13:00,,,
BLOOMINGTON PD,BLOOMINGTON,2,0.0,0.0,0.0,0.0,,,,W COUNTRY CLUB,S WALNUT ST,,150.0,W,39.13597,-86.53109702,LOCAL/CITY RD,N,URBAN,N,N,N,,DAYLIGHT,CLOUDY,DRY,,NO JUNCTION INVOLVED,STRAIGHT/LEVEL,ASPHALT,OTHER (DRIVER) - EXPLAIN IN NARRATIVE,SAME DIRECTION SIDESWIPE,SWALNUTSTWCOUNTRYCLUBDR,LN CONTROL,2019-09-21 12:06:00,,,
BLOOMINGTON PD,BLOOMINGTON,2,0.0,0.0,0.0,0.0,,,,ST RD 46,ST RD 446,,,,39.16664,-86.462496,ST RD,N,URBAN,N,N,N,,DAYLIGHT,CLOUDY,DRY,,T-INTERSECTION,STRAIGHT/GRADE,ASPHALT,FOLLOWING TOO CLOSELY,REAR END,ST RD 446SST RD 46E,TRAFFIC CONTROL SIGNAL,2019-09-21 10:46:00,,,
BLOOMINGTON PD,BLOOMINGTON,2,0.0,1.0,0.0,0.0,,,,W COUNTRY CLUB,S ROGERS ST,,,,39.13608,-86.538096,LOCAL/CITY RD,N,URBAN,N,N,N,,DAYLIGHT,CLEAR,DRY,,FOUR-WAY INTERSECTION,STRAIGHT/GRADE,ASPHALT,DRIVER DISTRACTED - EXPLAIN IN NARRATIVE,REAR END,SROGERSSTWCOUNTRYCLUBDR,TRAFFIC CONTROL SIGNAL,2019-09-21 08:25:00,,,
BLOOMINGTON PD,BLOOMINGTON,1,0.0,0.0,0.0,0.0,,,,N GRANT,E 8TH ST,,50.0,S,39.169552,-86.529696,LOCAL/CITY RD,N,URBAN,N,N,N,,DAYLIGHT,CLEAR,DRY,,NO JUNCTION INVOLVED,STRAIGHT/LEVEL,ASPHALT,RAN OFF RD RIGHT,RAN OFF RD,E8THSTNGRANTST,NONE,2019-09-21 19:20:00,,,
BLOOMINGTON PD,BLOOMINGTON,1,0.0,0.0,0.0,0.0,,,,N PETE LLIS,E BRAESIDE DR,,100.0,N,39.168192,-86.49504,LOCAL/CITY RD,N,URBAN,N,N,N,,DAYLIGHT,CLEAR,DRY,,NO JUNCTION INVOLVED,CURVE/GRADE,ASPHALT,RAN OFF RD RIGHT,RAN OFF RD,EBRAESIDEDRNPETEELLISDR,NONE,2019-09-21 13:52:00,,,
MONROE SD,BLOOMINGTON,2,0.0,1.0,0.0,0.0,,,,S FAIRFAX,E HARBOR DR,,115.0,S,39.0648269,-86.49017,COUNTY RD,N,RURAL,N,N,N,,DAYLIGHT,CLOUDY,DRY,,NO JUNCTION INVOLVED,STRAIGHT/GRADE,ASPHALT,FAILURE TO YIELD RIGHT OF WAY,LEFT/RIGHT TURN,FAIRFAXRDMTEBALRD,NONE,2019-09-21 17:25:00,,,
BLOOMINGTON PD,BLOOMINGTON,2,0.0,3.0,0.0,0.0,,,,S WALNUT,W GRIMES LN,,,,39.15335,-86.53371,LOCAL/CITY RD,N,URBAN,N,N,N,,DAWN/DUSK,CLEAR,DRY,,FOUR-WAY INTERSECTION,STRAIGHT/LEVEL,ASPHALT,FAILURE TO YIELD RIGHT OF WAY,LEFT TURN,EGRIMESLNSWALNUTST,TRAFFIC CONTROL SIGNAL,2019-09-22 19:57:00,,,
BLOOMINGTON PD,BLOOMINGTON,2,0.0,2.0,0.0,0.0,,,,W 2ND,S ROGERS ST,,150.0,W,39.16139,-86.53868701,LOCAL/CITY RD,N,URBAN,N,N,N,,DAYLIGHT,CLEAR,DRY,,NO JUNCTION INVOLVED,STRAIGHT/GRADE,ASPHALT,FOLLOWING TOO CLOSELY,REAR END,2NDSTROGERSST,NONE,2019-09-22 11:00:00,,,
BLOOMINGTON PD,BLOOMINGTON,2,0.0,0.0,0.0,0.0,,,,S OAKDALE,W BLOOMFIELD RD,,,,39.14977,-86.568905,LOCAL/CITY RD,N,URBAN,N,N,N,,DAYLIGHT,CLEAR,DRY,,FOUR-WAY INTERSECTION,STRAIGHT/LEVEL,ASPHALT,UNSAFE LN MOVEMENT,HEAD ON BETWEEN TWO MOTOR VEHICLES,BLOOMFIELDRDOAKDALEDR,TRAFFIC CONTROL SIGNAL,2019-09-22 14:20:00,,,
BLOOMINGTON PD,BLOOMINGTON,2,0.0,0.0,0.0,0.0,,,,E 3RD,S EAGLESON AVE,,,,39.16424,-86.5164,LOCAL/CITY RD,N,URBAN,N,N,N,,DARK (LIGHTED),CLEAR,DRY,,FOUR-WAY INTERSECTION,STRAIGHT/LEVEL,ASPHALT,IMPROPER TURNING,LEFT TURN,EAST3RDSTSOUTHEAGLESON AVEAVE,TRAFFIC CONTROL SIGNAL,2019-09-22 19:23:00,,,
BLOOMINGTON PD,BLOOMINGTON,2,0.0,0.0,0.0,0.0,,,,E MOORES,ST RD 446,,,,0.0,0.0,LOCAL/CITY RD,N,URBAN,N,N,N,,DAYLIGHT,CLEAR,DRY,,NO JUNCTION INVOLVED,STRAIGHT/GRADE,ASPHALT,FOLLOWING TOO CLOSELY,REAR END,446HWYMOORESPKWY,NONE,2019-09-22 13:10:00,,,
MONROE SD,BLOOMINGTON,1,0.0,5.0,0.0,0.0,,,,S HARMONY,S ROCKPORT RD,,2640.0,N,39.05024,-86.609104,COUNTY RD,N,RURAL,N,N,N,,DAYLIGHT,CLEAR,DRY,,NO JUNCTION INVOLVED,CURVE/GRADE,ASPHALT,UNSAFE SPEED,RAN OFF RD,SHARMONYRDSROCKPORTRD,NO PASSING ZONE,2019-09-22 13:56:00,,,
MONROE SD,BLOOMINGTON,1,0.0,0.0,0.0,0.0,,,,S KIRBY,W AIRPORT RD,,,,39.136848,-86.610192,LOCAL/CITY RD,N,RURAL,N,N,N,,DARK (LIGHTED),CLEAR,DRY,,T-INTERSECTION,STRAIGHT/LEVEL,ASPHALT,DRIVER ILLNESS,RAN OFF RD,AIRPORTRDKIRBYRD,STOP SIGN,2019-09-22 00:22:00,,,
MONROE SD,BLOOMINGTON,1,0.0,0.0,0.0,2.0,,,,S SNOW,W ROCK E RD,,100.0,E,39.04352518,-86.66596445,COUNTY RD,N,RURAL,N,N,N,,DARK (NOT LIGHTED),CLEAR,DRY,,NO JUNCTION INVOLVED,STRAIGHT/GRADE,ASPHALT,ANIMAL/OBJECT IN RDWAY,COLLISION WITH DEER,BREEDENRDSNOWRD,NONE,2019-09-22 20:33:00,,,
ISP INDIANAPOLIS 52,BLOOMINGTON,2,,1.0,0.0,0.0,,,,W 3RD,I-69,Y,264.0,E,39.16464191,-86.57246083,LOCAL/CITY RD,,URBAN,N,N,N,,DAWN/DUSK,CLEAR,DRY,,FOUR-WAY INTERSECTION,,ASPHALT,DISREGARD SIGNAL/REG SIGN,RIGHT ANGLE,,,2019-09-23 19:17:00,,,
INDIANA UNIV BLOOMINGTON PD,BLOOMINGTON,2,0.0,0.0,0.0,0.0,,,,ST RD 45/46,E 17TH ST,,,,39.17984,-86.507088,ST RD,N,URBAN,N,N,N,,DAYLIGHT,CLEAR,DRY,,T-INTERSECTION,STRAIGHT/LEVEL,ASPHALT,FAILURE TO YIELD RIGHT OF WAY,LEFT TURN,17THSTST RD 46E,TRAFFIC CONTROL SIGNAL,2019-09-23 14:47:00,,,
BLOOMINGTON PD,BLOOMINGTON,2,0.0,1.0,0.0,0.0,,,,W 2ND,S WALKER ST,,,,39.16143,-86.54614,LOCAL/CITY RD,N,URBAN,N,N,N,,DAWN/DUSK,CLEAR,DRY,,FOUR-WAY INTERSECTION,STRAIGHT/GRADE,ASPHALT,DISREGARD SIGNAL/REG SIGN,RIGHT ANGLE,SWALKERSTW 2NDST,TRAFFIC CONTROL SIGNAL,2019-09-23 19:16:00,,,
BLOOMINGTON PD,BLOOMINGTON,2,0.0,0.0,0.0,0.0,,,,E COVENANTER,S COLLEGE MALL RD,,75.0,E,39.15518,-86.49774648,LOCAL/CITY RD,N,URBAN,N,N,N,,DAYLIGHT,CLEAR,DRY,,T-INTERSECTION,STRAIGHT/LEVEL,ASPHALT,FAILURE TO YIELD RIGHT OF WAY,RIGHT ANGLE,EASTCOVENANTERDRSOUTHCOLLEGEMALLRD,STOP SIGN,2019-09-23 17:20:00,,,
BLOOMINGTON PD,BLOOMINGTON,2,0.0,0.0,0.0,0.0,,,,E 2ND,S SWAIN AVE,,,,39.161136,-86.51512,LOCAL/CITY RD,N,URBAN,N,N,N,,DAYLIGHT,CLEAR,DRY,,T-INTERSECTION,STRAIGHT/LEVEL,ASPHALT,FAILURE TO YIELD RIGHT OF WAY,RIGHT ANGLE,EAST2NDSTSOUTHSWAINEAVE,STOP SIGN,2019-09-23 17:35:00,,,
BLOOMINGTON PD,BLOOMINGTON,1,0.0,0.0,0.0,0.0,,,,N DUNN,N ST RD 37,,1000.0,S,39.208048,-86.528704,LOCAL/CITY RD,N,URBAN,N,N,N,,DARK (NOT LIGHTED),RAIN,WET,,NO JUNCTION INVOLVED,CURVE/HILLCREST,ASPHALT,OVERCORRECTING/OVERSTEERING,RAN OFF RD,NDUNNSTNOLDSTATERD37RD,NONE,2019-09-23 06:04:00,,,
INDIANA UNIV BLOOMINGTON PD,BLOOMINGTON,1,0.0,,,,,,,N FEE,E 13TH ST,,175.0,N,39.17563263,-86.51898724,LOCAL/CITY RD,Y,URBAN,Y,N,Y,INTERMITTENT OR MOVING WORK,DAYLIGHT,CLEAR,DRY,,NO JUNCTION INVOLVED,STRAIGHT/LEVEL,ASPHALT,PEDESTRIAN ACTION,OTHER - EXPLAIN IN NARRATIVE,13THSTFEELN,YIELD SIGN,2019-09-23 11:00:00,,,True
MONROE SD,BLOOMINGTON,1,0.0,1.0,0.0,0.0,,,,S LIBERTY,W CONSTITUTION AVE,,500.0,N,39.149552,-86.575936,COUNTY RD,N,RURAL,N,N,Y,LN CLOSURE,DAYLIGHT,CLEAR,DRY,,NO JUNCTION INVOLVED,STRAIGHT/GRADE,ASPHALT,DRIVER DISTRACTED - EXPLAIN IN NARRATIVE,OTHER - EXPLAIN IN NARRATIVE,CONSTITUTIONWAYSOUTHLIBERTYDR,NONE,2019-09-23 12:28:00,,,
ELLETTSVILLE PD,ELLETTSVILLE,2,0.0,0.0,0.0,0.0,,,,ST RD 46,W FLATWOODS RD,,750.0,E,39.25089562,-86.65216252,ST RD,N,URBAN,Y,N,N,,DAYLIGHT,CLEAR,DRY,,NO JUNCTION INVOLVED,CURVE/HILLCREST,ASPHALT,FOLLOWING TOO CLOSELY,REAR END,FLATWOODSRDST RD 46 W,LN CONTROL,2019-09-23 11:50:00,,,
BLOOMINGTON PD,BLOOMINGTON,2,0.0,1.0,0.0,0.0,,,,W ARLINGTON,W PROW RD,,,,39.192352,-86.552592,LOCAL/CITY RD,N,URBAN,N,N,N,,DAWN/DUSK,FOG/SMOKE/SMOG,WET,,T-INTERSECTION,STRAIGHT/LEVEL,ASPHALT,FAILURE TO YIELD RIGHT OF WAY,LEFT TURN,ARLINGTONRDPROWRD,NONE,2019-09-23 07:55:00,,,
MONROE SD,BLOOMINGTON,1,0.0,0.0,0.0,0.0,,,,W ELWREN,S GREENE COUNTY LINE RD,,200.0,E,39.10878,-86.68255733,COUNTY RD,Y,RURAL,N,N,N,,DAYLIGHT,CLOUDY,WET,,NO JUNCTION INVOLVED,STRAIGHT/GRADE,ASPHALT,RAN OFF RD RIGHT,RAN OFF RD,SOUTHGREENCOUNTYLINERDWESTELWRENRD,NONE,2019-09-23 08:05:00,,,
BLOOMINGTON PD,BLOOMINGTON,2,0.0,0.0,0.0,0.0,,,,E WINSLOW,S HENDERSON ST,,,,39.136144,-86.5268,LOCAL/CITY RD,N,URBAN,N,N,N,,DAYLIGHT,CLEAR,DRY,,FOUR-WAY INTERSECTION,STRAIGHT/LEVEL,ASPHALT,DRIVER DISTRACTED - EXPLAIN IN NARRATIVE,REAR END,HENDERSONSTWINSLOWRD,LN CONTROL,2019-09-24 11:23:00,,,
BLOOMINGTON PD,BLOOMINGTON,2,0.0,1.0,0.0,0.0,,,,W 17TH,N WILLIS DR,,,,39.179104,-86.544016,LOCAL/CITY RD,N,URBAN,N,N,N,,DAYLIGHT,CLEAR,DRY,,T-INTERSECTION,STRAIGHT/LEVEL,CONCRETE,FOLLOWING TOO CLOSELY,REAR END,NWILLISDRW17THST,STOP SIGN,2019-09-24 03:13:00,,,
INDIANA UNIV BLOOMINGTON PD,BLOOMINGTON,1,0.0,0.0,0.0,0.0,,,,N FEE,E 10TH ST,,,,39.17161,-86.518985,LOCAL/CITY RD,N,URBAN,N,N,N,,DAYLIGHT,CLEAR,DRY,,T-INTERSECTION,STRAIGHT/LEVEL,ASPHALT,OTHER (DRIVER) - EXPLAIN IN NARRATIVE,OTHER - EXPLAIN IN NARRATIVE,FEELNTENTHST,TRAFFIC CONTROL SIGNAL,2019-09-24 11:15:00,,,
MONROE SD,BLOOMINGTON,2,0.0,1.0,0.0,0.0,,,,N PROFILE,W GRAND AVE,,250.0,N,39.19302745,-86.59259,LOCAL/CITY RD,N,RURAL,N,N,N,,DAYLIGHT,CLEAR,DRY,,NO JUNCTION INVOLVED,STRAIGHT/LEVEL,ASPHALT,FAILURE TO YIELD RIGHT OF WAY,RIGHT ANGLE,NPROFILEPKWYWGRANDAVE,NONE,2019-09-24 03:45:00,,,
MONROE SD,BLOOMINGTON,1,0.0,0.0,0.0,0.0,,,,N STONE MILL,W BAYLES RD,,300.0,S,39.18372545,-86.536835,COUNTY RD,N,RURAL,N,N,N,,DAYLIGHT,CLEAR,DRY,,T-INTERSECTION,STRAIGHT/LEVEL,GRAVEL,RAN OFF RD RIGHT,RAN OFF RD,EBAYLESRDNSTONEMILLRD,NONE,2019-09-24 15:12:00,,,
MONROE SD,BLOOMINGTON,2,0.0,0.0,0.0,0.0,,,,ST RD 37,,,3000.0,N,39.10100964,-86.54769604,ST RD,N,RURAL,N,N,Y,LN CLOSURE,DAYLIGHT,CLEAR,DRY,,NO JUNCTION INVOLVED,STRAIGHT/GRADE,ASPHALT,FOLLOWING TOO CLOSELY,REAR END,EDILLMANRDN ST RD 37,LN CONTROL,2019-09-24 08:51:00,,,
MONROE SD,BLOOMINGTON,1,0.0,0.0,0.0,0.0,,,,ST RD 46,S TWINLEAF TRACE,,309.0,W,39.15265,-86.37058831,ST RD,N,RURAL,N,N,N,,DAYLIGHT,CLEAR,DRY,,NO JUNCTION INVOLVED,STRAIGHT/LEVEL,CONCRETE,DRIVER ASLEEP OR FATIGUED,RAN OFF RD,STWINLEAFTRST RD 46E,NONE,2019-09-24 16:17:00,,,
BLOOMINGTON PD,BLOOMINGTON,2,0.0,0.0,0.0,0.0,,,,W DIXIE,S FAIRVIEW ST,,,,39.156752,-86.540976,LOCAL/CITY RD,Y,URBAN,N,N,N,,DAYLIGHT,CLEAR,DRY,,FOUR-WAY INTERSECTION,STRAIGHT/GRADE,ASPHALT,UNSAFE LN MOVEMENT,REAR END,SFAIRVIEWSTWDIXIEST,NONE,2019-09-24 11:00:00,,,
MONROE SD,BLOOMINGTON,1,0.0,1.0,0.0,0.0,,,,W THAT,S VICTOR PK,,1000.0,W,39.11484351,-86.54991367,LOCAL/CITY RD,N,RURAL,N,N,N,,DAYLIGHT,CLEAR,DRY,,NO JUNCTION INVOLVED,STRAIGHT/LEVEL,ASPHALT,RAN OFF RD RIGHT,RAN OFF RD,SVICTORPKTHATRD,NONE,2019-09-24 19:28:00,,,
BLOOMINGTON PD,BLOOMINGTON,2,0.0,0.0,0.0,0.0,,,,ST RD 48,S WELMIR DR,,,,39.16461,-86.57913,LOCAL/CITY RD,N,URBAN,N,N,N,,DAYLIGHT,CLEAR,DRY,,FOUR-WAY INTERSECTION,STRAIGHT/LEVEL,ASPHALT,FAILURE TO YIELD RIGHT OF WAY,RIGHT ANGLE,SLIBERTYDRW 3RDST,TRAFFIC CONTROL SIGNAL,2019-09-25 17:14:00,,,
INDIANA UNIV BLOOMINGTON PD,BLOOMINGTON,2,0.0,0.0,0.0,0.0,,,,N WOODLAWN,E 10TH ST,,,,39.17164,-86.52351,LOCAL/CITY RD,N,URBAN,N,N,N,,DAYLIGHT,CLEAR,DRY,,FOUR-WAY INTERSECTION,STRAIGHT/LEVEL,ASPHALT,IMPROPER PASSING,SAME DIRECTION SIDESWIPE,TENTHSTWOODLAWNAVE,TRAFFIC CONTROL SIGNAL,2019-09-25 18:35:00,,,
MONROE SD,BLOOMINGTON,2,0.0,0.0,0.0,0.0,,,,ST RD 46,I-69 S,,,,39.19369,-86.571693,ST RD,Y,RURAL,N,Y,Y,LN CLOSURE,DAYLIGHT,CLEAR,DRY,,RAMP,STRAIGHT/LEVEL,ASPHALT,FAILURE TO YIELD RIGHT OF WAY,SAME DIRECTION SIDESWIPE,CURRYPKST RD 46 W,NONE,2019-09-25 16:45:00,,,
MONROE SD,BLOOMINGTON,1,0.0,1.0,0.0,0.0,,,,ST RD 46,E BENDER RD,,500.0,W,39.16361443,-86.4397635,ST RD,N,RURAL,N,N,N,,DARK (NOT LIGHTED),CLEAR,DRY,,NO JUNCTION INVOLVED,STRAIGHT/LEVEL,ASPHALT,RAN OFF RD RIGHT,RAN OFF RD,EASTBENDERRDST RD 46E,NONE,2019-09-25 00:45:00,,,
MONROE SD,BLOOMINGTON,2,0.0,2.0,0.0,0.0,,,,ST RD 37,E SMITHVILLE RD,,,,39.071056,-86.5356,ST RD,N,RURAL,N,N,N,,DAYLIGHT,CLEAR,DRY,,FOUR-WAY INTERSECTION,STRAIGHT/LEVEL,ASPHALT,FAILURE TO YIELD RIGHT OF WAY,RIGHT ANGLE,ESMITHVILLERDN ST RD 37,YIELD SIGN,2019-09-25 14:55:00,,,
INDIANA UNIV BLOOMINGTON PD,BLOOMINGTON,2,0.0,0.0,0.0,0.0,,,,N WALNUT GROVE,E 13TH ST,,,,39.17513,-86.52103,LOCAL/CITY RD,N,URBAN,N,N,N,,DAYLIGHT,CLEAR,DRY,,FOUR-WAY INTERSECTION,STRAIGHT/LEVEL,ASPHALT,FAILURE TO YIELD RIGHT OF WAY,RIGHT ANGLE,THIRTEENTHSTWALNUTGROVEST,STOP SIGN,2019-09-25 17:10:00,,,
BLOOMINGTON PD,BLOOMINGTON,1,0.0,0.0,0.0,0.0,1104.0,,,S COVENANTER,,,,,39.15426431,-86.50878096,UNKNOWN,Y,URBAN,N,N,N,,DAYLIGHT,CLEAR,DRY,,NO JUNCTION INVOLVED,STRAIGHT/LEVEL,ASPHALT,UNSAFE BACKING,RAN OFF RD,SCOVENANTERDR,NONE,2019-09-25 14:35:00,,,
INDIANA UNIV BLOOMINGTON PD,BLOOMINGTON,2,0.0,0.0,0.0,0.0,,,,S FESS,E ATWATER AVE,,,,39.16312,-86.5259,LOCAL/CITY RD,N,URBAN,N,N,N,,DAYLIGHT,CLEAR,DRY,,T-INTERSECTION,STRAIGHT/LEVEL,ASPHALT,IMPROPER TURNING,LEFT TURN,ATWATERAVEFESSAVE,STOP SIGN,2019-09-25 10:00:00,,,
MONROE SD,BLOOMINGTON,2,0.0,0.0,0.0,0.0,,,,S VICTOR,W THAT RD,,,,39.11464,-86.5464,COUNTY RD,N,RURAL,N,N,N,,DAYLIGHT,CLEAR,DRY,,FOUR-WAY INTERSECTION,STRAIGHT/LEVEL,ASPHALT,FAILURE TO YIELD RIGHT OF WAY,RIGHT ANGLE,SVICTORPKWTHATRD,STOP SIGN,2019-09-25 17:27:00,,,
MONROE SD,BLOOMINGTON,2,0.0,0.0,0.0,0.0,,,,ST RD 45,W ELWREN RD,,,,39.107648,-86.643696,ST RD,N,RURAL,N,N,N,,DAYLIGHT,CLOUDY,DRY,,FOUR-WAY INTERSECTION,STRAIGHT/GRADE,ASPHALT,FAILURE TO YIELD RIGHT OF WAY,RIGHT ANGLE,ELWRENRDST RD 45 W,STOP SIGN,2019-09-25 15:24:00,,,
BLOOMINGTON PD,BLOOMINGTON,1,0.0,0.0,0.0,0.0,,,,W 3RD,S MUELLER AVE,,,,0.0,0.0,LOCAL/CITY RD,N,URBAN,N,N,N,,DAYLIGHT,CLEAR,DRY,,RAILRD CROSSINGS,STRAIGHT/LEVEL,CONCRETE,RAN OFF RD RIGHT,RAN OFF RD,SMUELLERAVEW 3RDST,RR CROSSING CROSSBUCKS ONLY,2019-09-25 15:45:00,,,
BLOOMINGTON PD,BLOOMINGTON,2,0.0,0.0,0.0,0.0,828.0,,,W 7TH,,,,,39.16874057,-86.54252571,LOCAL/CITY RD,Y,URBAN,N,N,N,,UNKNOWN,CLEAR,DRY,,NO JUNCTION INVOLVED,STRAIGHT/LEVEL,ASPHALT,UNSAFE LN MOVEMENT,SAME DIRECTION SIDESWIPE,W7THST,NONE,2019-09-25 08:00:00,,,