Agency,City,Vehicles Involved,Trailers Involved,Number Injured,Number Dead,Number Deer,House Number,Roadway Interchange,Roadway Ramp,Roadway Id,Intersecting Road,Interchange,Feet From,Direction,Latitude,Longitude,Roadway Class,Hit and Run?,Locality,School Zone?,Rumble Strips?,Construction?,Construction Type,Light Condition,Weather Conditions,Surface Condition,Type of Median,Roadway Junction Type,Road Character,Roadway Surface,Primary Factor,Manner of Collision,Unique Location Id,Traffic Control,DateTime,Address Number,Cyclist Involved,Pedestrian Involved
INDIANA UNIV BLOOMINGTON PD,BLOOMINGTON,2,0.0,3.0,0.0,0.0,,,,E 17TH,ST RD 45/46,,,,0.0,0.0,ST RD,N,URBAN,N,N,N,,DAYLIGHT,RAIN,WET,,T-INTERSECTION,STRAIGHT/LEVEL,ASPHALT,FAILURE TO YIELD RIGHT OF WAY,LEFT TURN,EAST17THSTST RD 46,TRAFFIC CONTROL SIGNAL,2019-10-21 09:30:00,,,
ELLETTSVILLE PD,ELLETTSVILLE,2,0.0,0.0,0.0,0.0,,,,ST RD 46,N SMITH PK,,,,39.210144,-86.5832,ST RD,N,URBAN,N,N,N,,DARK (LIGHTED),CLOUDY,WET,,NO JUNCTION INVOLVED,STRAIGHT/LEVEL,ASPHALT,FOLLOWING TOO CLOSELY,RAN OFF RD,SMITHPKST RD 46 W,TRAFFIC CONTROL SIGNAL,2019-10-21 07:43:00,,,
INDIANA UNIV BLOOMINGTON PD,BLOOMINGTON,2,0.0,0.0,0.0,0.0,,,,ST RD 45/46,N DUNN ST,,,,39.186352,-86.528496,ST RD,N,URBAN,N,N,N,,DARK (NOT LIGHTED),CLEAR,DRY,,FOUR-WAY INTERSECTION,STRAIGHT/LEVEL,ASPHALT,OTHER (DRIVER) - EXPLAIN IN NARRATIVE,REAR END,DUNNSTST RD 45 W,TRAFFIC CONTROL SIGNAL,2019-10-21 20:30:00,,,
INDIANA UNIV BLOOMINGTON PD,BLOOMINGTON,1,0.0,1.0,0.0,0.0,,,,E 10TH,N SUNRISE DR,,300.0,E,0.0,0.0,LOCAL/CITY RD,N,URBAN,N,N,N,,DAYLIGHT,RAIN,WET,,NO JUNCTION INVOLVED,STRAIGHT/LEVEL,ASPHALT,PEDESTRIAN ACTION,RIGHT ANGLE,10THSTSUNRISEAVE,NONE,2019-10-21 08:43:00,,,True
INDIANA UNIV BLOOMINGTON PD,BLOOMINGTON,1,0.0,1.0,0.0,0.0,,,,E 10TH,N JEFFERSON ST,,200.0,E,39.17141,-86.5072173,LOCAL/CITY RD,N,URBAN,N,N,N,,DAYLIGHT,CLOUDY,WET,,NO JUNCTION INVOLVED,CURVE/LEVEL,ASPHALT,SPEED TOO FAST FOR WEATHER CONDITIONS,RAN OFF RD,10THSTJEFFERSONST,NONE,2019-10-21 13:30:00,,,
BLOOMINGTON PD,BLOOMINGTON,2,0.0,1.0,0.0,0.0,,,,ST RD 45/46,N MONROE ST,,,,39.186944,-86.5468,ST RD,N,URBAN,N,N,N,,DAYLIGHT,CLEAR,DRY,,FOUR-WAY INTERSECTION,STRAIGHT/GRADE,ASPHALT,FAILURE TO YIELD RIGHT OF WAY,RIGHT ANGLE,NMONROESTST RD 45 W,STOP SIGN,2019-10-21 16:51:00,,,
MONROE SD,BLOOMINGTON,1,0.0,0.0,0.0,0.0,,,,ST RD 48,W VERNAL PK,,500.0,W,39.16871806,-86.66283373,ST RD,N,RURAL,N,N,N,,DAYLIGHT,RAIN,WET,,T-INTERSECTION,CURVE/LEVEL,ASPHALT,RAN OFF RD RIGHT,RAN OFF RD,ST RD 48WWVERNALPK,NONE,2019-10-21 16:07:00,,,
BLOOMINGTON PD,BLOOMINGTON,1,0.0,1.0,0.0,0.0,,,,W 2ND,S WALKER ST,,,,39.16143,-86.54614,LOCAL/CITY RD,N,URBAN,N,N,N,,DARK (LIGHTED),CLEAR,DRY,,FOUR-WAY INTERSECTION,STRAIGHT/GRADE,ASPHALT,STEERING FAILURE,OTHER - EXPLAIN IN NARRATIVE,SWALKERSTW 2NDST,TRAFFIC CONTROL SIGNAL,2019-10-21 21:55:00,,,
BLOOMINGTON PD,BLOOMINGTON,2,0.0,0.0,0.0,0.0,,,,S COLLEGE MALL,EASTLAND PLAZA DR,,,,0.0,0.0,LOCAL/CITY RD,N,URBAN,N,N,N,,DAYLIGHT,RAIN,WET,,FOUR-WAY INTERSECTION,STRAIGHT/LEVEL,ASPHALT,DISREGARD SIGNAL/REG SIGN,RIGHT ANGLE,EASTLANDPLAZADRSCOLLEGEMALLRD,TRAFFIC CONTROL SIGNAL,2019-10-21 13:14:00,,,
BLOOMINGTON PD,BLOOMINGTON,2,0.0,0.0,0.0,0.0,,,,N LINCOLN,E 16TH ST,,,,39.177792,-86.530864,LOCAL/CITY RD,N,URBAN,N,N,N,,DAYLIGHT,RAIN,WET,,NO JUNCTION INVOLVED,STRAIGHT/LEVEL,ASPHALT,FAILURE TO YIELD RIGHT OF WAY,OTHER - EXPLAIN IN NARRATIVE,E16THSTNLINCOLNST,NONE,2019-10-21 15:44:00,,,
BLOOMINGTON PD,BLOOMINGTON,2,0.0,0.0,0.0,0.0,500.0,,,S FESS,E 2ND ST,,,,39.16213,-86.52625,LOCAL/CITY RD,Y,URBAN,N,N,N,,DAYLIGHT,RAIN,WET,,FOUR-WAY INTERSECTION,STRAIGHT/GRADE,ASPHALT,OTHER (DRIVER) - EXPLAIN IN NARRATIVE,,2NDST500SFESSAVE,NONE,2019-10-21 08:00:00,,,
BLOOMINGTON PD,BLOOMINGTON,2,0.0,0.0,0.0,0.0,,,,S HENDERSON,E GRAHAM ST,,,,39.139584,-86.526768,LOCAL/CITY RD,N,URBAN,N,N,N,,DAYLIGHT,RAIN,WET,,FOUR-WAY INTERSECTION,STRAIGHT/GRADE,ASPHALT,FAILURE TO YIELD RIGHT OF WAY,RIGHT ANGLE,GRAHAMDRHENDERSONST,STOP SIGN,2019-10-21 10:50:00,,,
INDIANA UNIV BLOOMINGTON PD,BLOOMINGTON,2,0.0,0.0,0.0,0.0,,,,S EAGLESON AVE,UNIVERSITY AVE,,150.0,N,39.18293126,-86.51599035,LOCAL/CITY RD,N,URBAN,N,N,N,,DAYLIGHT,RAIN,WET,,FOUR-WAY INTERSECTION,STRAIGHT/LEVEL,ASPHALT,FAILURE TO YIELD RIGHT OF WAY,LEFT TURN,EAGLESON AVEAVEUNIVERSITYAVE,STOP SIGN,2019-10-21 14:45:00,,,
BLOOMINGTON PD,BLOOMINGTON,3,0.0,0.0,0.0,0.0,,,,S LINCOLN,E 4TH ST,,,,39.16558,-86.53109,LOCAL/CITY RD,N,URBAN,N,N,N,,DAYLIGHT,RAIN,WATER (STANDING OR MOVING),,T-INTERSECTION,STRAIGHT/GRADE,ASPHALT,FAILURE TO YIELD RIGHT OF WAY,RIGHT ANGLE,4THSTLINCOLNST,STOP SIGN,2019-10-21 12:10:00,,,
BLOOMINGTON PD,BLOOMINGTON,2,0.0,0.0,0.0,0.0,1965.0,,,S WALNUT,,,,,39.142555,-86.531238,UNKNOWN,Y,URBAN,Y,N,N,,DARK (LIGHTED),RAIN,WET,,T-INTERSECTION,CURVE/GRADE,ASPHALT,DISREGARD SIGNAL/REG SIGN,RIGHT ANGLE,SWALNUTST,STOP SIGN,2019-10-21 07:50:00,,,
MONROE SD,BLOOMINGTON,2,0.0,0.0,0.0,0.0,,,,ST RD 37,S ROGERS ST,,2500.0,S,38.83538966,-86.5379,ST RD,N,URBAN,N,N,N,,DAYLIGHT,RAIN,WET,,T-INTERSECTION,STRAIGHT/LEVEL,ASPHALT,FOLLOWING TOO CLOSELY,REAR END,ROGERSSTS ST RD 37,NONE,2019-10-21 13:04:00,,,
MONROE SD,ELLETTSVILLE,1,0.0,0.0,0.0,0.0,,,,W MCNEELY,N UNION VALLEY RD,,,,39.2375,-86.59278,LOCAL/CITY RD,N,RURAL,N,N,N,,DARK (NOT LIGHTED),CLOUDY,WET,,T-INTERSECTION,STRAIGHT/HILLCREST,ASPHALT,SPEED TOO FAST FOR WEATHER CONDITIONS,RAN OFF RD,NUNIONVALLEYRDWMCNEELYRD,STOP SIGN,2019-10-21 20:26:00,,,
ELLETTSVILLE PD,ELLETTSVILLE,2,0.0,0.0,0.0,0.0,,,,W RATLIFF,N LOUDEN RD,,,,39.2165,-86.6304,COUNTY RD,N,URBAN,N,N,N,,DAYLIGHT,RAIN,WET,,NO JUNCTION INVOLVED,STRAIGHT/GRADE,ASPHALT,FAILURE TO YIELD RIGHT OF WAY,RIGHT ANGLE,LOUDENRDRATLIFFRD,STOP SIGN,2019-10-21 23:59:00,,,
INDIANA UNIV BLOOMINGTON PD,BLOOMINGTON,2,0.0,1.0,0.0,0.0,,,,ST RD 45,ST RD 45/46,,,,39.1863,-86.53177,ST RD,N,URBAN,N,N,N,,DAYLIGHT,CLOUDY,DRY,,FOUR-WAY INTERSECTION,STRAIGHT/GRADE,ASPHALT,FOLLOWING TOO CLOSELY,REAR END,ST RD 45ST RD 46,TRAFFIC CONTROL SIGNAL,2019-10-22 09:55:00,,,
BLOOMINGTON PD,BLOOMINGTON,2,0.0,0.0,0.0,0.0,,,,S COLLEGE,W 2ND ST,,,,39.16094,-86.4977,LOCAL/CITY RD,Y,URBAN,N,N,N,,DARK (NOT LIGHTED),CLEAR,DRY,,FOUR-WAY INTERSECTION,STRAIGHT/LEVEL,ASPHALT,FOLLOWING TOO CLOSELY,REAR END,SCOLLEGEAVEW 2NDST,TRAFFIC CONTROL SIGNAL,2019-10-22 20:00:00,,,
ELLETTSVILLE PD,ELLETTSVILLE,2,0.0,0.0,0.0,0.0,,,,ST RD 46,N SMITH PK,,,,39.210144,-86.5832,ST RD,N,URBAN,N,N,N,,DAYLIGHT,CLEAR,DRY,,FOUR-WAY INTERSECTION,STRAIGHT/LEVEL,ASPHALT,DRIVER DISTRACTED - EXPLAIN IN NARRATIVE,REAR END,SMITHPKPKST RD 46 W,TRAFFIC CONTROL SIGNAL,2019-10-22 15:50:00,,,
MONROE SD,BLOOMINGTON,2,1.0,0.0,0.0,0.0,,,,ST RD 46,N CURRY PK,,,,39.19369,-86.57139,ST RD,N,RURAL,N,N,Y,X-OVER/LN SHIFT,DAYLIGHT,CLEAR,DRY,,NO JUNCTION INVOLVED,STRAIGHT/LEVEL,ASPHALT,IMPROPER TURNING,LEFT TURN,NCURRYPKST RD 46 W,LN CONTROL,2019-10-22 13:20:00,,,
INDIANA UNIV BLOOMINGTON PD,BLOOMINGTON,2,0.0,0.0,0.0,0.0,,,,E UNIVERSITY,S BALLANTINE RD,,198.0,E,0.0,0.0,LOCAL/CITY RD,N,URBAN,N,N,N,,DAWN/DUSK,CLEAR,DRY,,NO JUNCTION INVOLVED,STRAIGHT/LEVEL,ASPHALT,VIEW OBSTRUCTED,RIGHT ANGLE,UNIVERSITYAVESBALLANTINERD,NONE,2019-10-22 19:05:00,,,
ISP BLOOMINGTON 33,BLOOMINGTON,1,,0.0,0.0,0.0,8953.0,,,I-69 N,,,0.0,S,39.3246389,-86.51276936,INTERSTATE,,RURAL,N,N,N,,DAYLIGHT,CLEAR,DRY,,NO JUNCTION INVOLVED,,ASPHALT,ANIMAL/OBJECT IN RDWAY,COLLISION WITH DEER,,,2019-10-22 09:50:00,,,
INDIANA UNIV BLOOMINGTON PD,BLOOMINGTON,2,0.0,0.0,0.0,0.0,,,,N FEE,N EAGLESON AVE,,,,39.18384,-86.5192,LOCAL/CITY RD,N,URBAN,N,N,N,,DARK (LIGHTED),CLEAR,DRY,,NO JUNCTION INVOLVED,STRAIGHT/LEVEL,ASPHALT,FOLLOWING TOO CLOSELY,REAR END,FEELNNEAGLESON AVEAVE,NONE,2019-10-22 19:50:00,,,
BLOOMINGTON PD,BLOOMINGTON,2,0.0,0.0,0.0,0.0,,,,ST RD 46,E 3RD ST,,,,39.16424,-86.473296,ST RD,N,URBAN,N,N,N,,DAYLIGHT,CLEAR,DRY,,FOUR-WAY INTERSECTION,STRAIGHT/LEVEL,ASPHALT,DRIVER DISTRACTED - EXPLAIN IN NARRATIVE,REAR END,3RDSTST RD 46E,YIELD SIGN,2019-10-23 09:28:00,,,
MONROE SD,BLOOMINGTON,2,0.0,0.0,0.0,0.0,,,,S CURRY,ST RD 45,,,,39.142048,-86.582592,COUNTY RD,N,RURAL,N,N,N,,DAYLIGHT,CLEAR,DRY,,FOUR-WAY INTERSECTION,STRAIGHT/LEVEL,ASPHALT,FOLLOWING TOO CLOSELY,REAR END,SCURRYPKST RD 45 W,TRAFFIC CONTROL SIGNAL,2019-10-23 16:14:00,,,
BLOOMINGTON PD,BLOOMINGTON,2,0.0,0.0,0.0,0.0,,,,ST RD 45/46,N KINSER PK,,,,39.186544,-86.537888,ST RD,N,URBAN,N,N,N,,DAYLIGHT,CLEAR,DRY,,FOUR-WAY INTERSECTION,STRAIGHT/GRADE,ASPHALT,FOLLOWING TOO CLOSELY,REAR END,KINSERPKST RD 46 W,TRAFFIC CONTROL SIGNAL,2019-10-23 11:41:00,,,
INDIANA UNIV BLOOMINGTON PD,BLOOMINGTON,2,0.0,0.0,0.0,0.0,,,,E 17TH,N EAGLESON AVE,,300.0,W,39.178848,-86.51214665,LOCAL/CITY RD,N,URBAN,N,N,N,,DAYLIGHT,CLEAR,DRY,,NO JUNCTION INVOLVED,STRAIGHT/GRADE,ASPHALT,FOLLOWING TOO CLOSELY,REAR END,17THSTEAGLESON AVEAVE,NONE,2019-10-23 15:40:00,,,
BLOOMINGTON PD,BLOOMINGTON,2,0.0,0.0,0.0,0.0,,,,N COLLEGE,W KIRKWOOD AVE,,,,39.16664,-86.5348,LOCAL/CITY RD,Y,URBAN,N,N,N,,UNKNOWN,CLEAR,DRY,,FOUR-WAY INTERSECTION,STRAIGHT/LEVEL,ASPHALT,FOLLOWING TOO CLOSELY,REAR END,SOUTHCOLLEGEAVEWESTKIRKWOODAVE,TRAFFIC CONTROL SIGNAL,2019-10-23 14:00:00,,,
BLOOMINGTON PD,BLOOMINGTON,2,0.0,2.0,0.0,0.0,,,,ST RD 45/46,N MONROE ST,,,,39.186944,-86.5468,ST RD,N,URBAN,N,N,Y,X-OVER/LN SHIFT,DAYLIGHT,CLEAR,DRY,,FOUR-WAY INTERSECTION,STRAIGHT/LEVEL,ASPHALT,OTHER (DRIVER) - EXPLAIN IN NARRATIVE,REAR END,NMONROESTST RD 4546 W,LN CONTROL,2019-10-23 09:58:00,,,
MONROE SD,BLOOMINGTON,3,0.0,0.0,0.0,0.0,,,,ST RD 46,N CURRY PK,,200.0,W,0.0,0.0,ST RD,Y,URBAN,N,Y,Y,LN CLOSURE,DAYLIGHT,CLEAR,DRY,,NO JUNCTION INVOLVED,STRAIGHT/LEVEL,ASPHALT,,REAR END,NCURRYPKST RD 46 W,NONE,2019-10-23 17:06:00,,,
ELLETTSVILLE PD,ELLETTSVILLE,2,0.0,0.0,0.0,0.0,,,,ST RD 46,N SALE ST,,,,39.234944,-86.623392,LOCAL/CITY RD,N,URBAN,N,N,N,,DAYLIGHT,CLEAR,DRY,,FOUR-WAY INTERSECTION,STRAIGHT/LEVEL,ASPHALT,DRIVER DISTRACTED - EXPLAIN IN NARRATIVE,REAR END,SSALESTW MAINST,TRAFFIC CONTROL SIGNAL,2019-10-23 14:48:00,,,
MONROE SD,BLOOMINGTON,2,0.0,1.0,0.0,0.0,,,,E RHORER,S NIMIT DR,,,,39.12145,-86.52384,LOCAL/CITY RD,Y,URBAN,N,N,N,,DAYLIGHT,CLEAR,DRY,,T-INTERSECTION,STRAIGHT/LEVEL,ASPHALT,LEFT OF CENTER,HEAD ON BETWEEN TWO MOTOR VEHICLES,EASTRHORERRDSOUTHNIMITDR,NONE,2019-10-23 16:12:00,,,
MONROE SD,BLOOMINGTON,1,0.0,0.0,0.0,1.0,,,,I-69 S,,,0.0,S,41.09022561,-85.21952416,INTERSTATE,N,RURAL,N,Y,N,,DARK (NOT LIGHTED),CLEAR,DRY,,NO JUNCTION INVOLVED,STRAIGHT/GRADE,ASPHALT,ANIMAL/OBJECT IN RDWAY,RAN OFF RD,I-69S106.5,NONE,2019-10-23 01:17:00,,,
MONROE SD,BLOOMINGTON,2,0.0,0.0,0.0,0.0,,,,N LOUDEN,W RATLIFF RD,,,,39.18731,-86.63957,COUNTY RD,N,RURAL,N,N,N,,DAYLIGHT,CLEAR,DRY,,FOUR-WAY INTERSECTION,STRAIGHT/HILLCREST,ASPHALT,FAILURE TO YIELD RIGHT OF WAY,RIGHT ANGLE,NLOUDENRDWRATLIFFRD,NONE,2019-10-23 17:09:00,,,
MONROE SD,BLOOMINGTON,2,0.0,0.0,0.0,0.0,,,,N TUNNEL,ST RD 45,,,,39.230048,-86.4316,LOCAL/CITY RD,N,URBAN,N,N,N,,DAYLIGHT,CLEAR,DRY,,T-INTERSECTION,STRAIGHT/LEVEL,ASPHALT,FAILURE TO YIELD RIGHT OF WAY,RIGHT ANGLE,ESTATERD45RDNTUNNELRD,NONE,2019-10-23 17:59:00,,,
BLOOMINGTON PD,BLOOMINGTON,2,0.0,0.0,0.0,0.0,,,,ST RD 45/46,N COLLEGE AVE,,500.0,E,39.18643792,-86.53612866,ST RD,N,URBAN,N,N,N,,DAYLIGHT,CLOUDY,WET,,NO JUNCTION INVOLVED,STRAIGHT/GRADE,ASPHALT,FOLLOWING TOO CLOSELY,REAR END,NKINSERPKST RD 46E,LN CONTROL,2019-10-24 16:00:00,,,
INDIANA UNIV BLOOMINGTON PD,BLOOMINGTON,2,0.0,0.0,0.0,0.0,,,,S SWAIN,E 3RD ST,,,,39.16425,-86.51526,LOCAL/CITY RD,N,URBAN,N,N,N,,DAYLIGHT,CLOUDY,DRY,,T-INTERSECTION,STRAIGHT/GRADE,ASPHALT,UNSAFE LN MOVEMENT,RIGHT ANGLE,SWAINAVE 3RDST,LN CONTROL,2019-10-24 11:30:00,,,
INDIANA UNIV BLOOMINGTON PD,BLOOMINGTON,3,0.0,0.0,0.0,0.0,,,,E 3RD,S EAGLESON AVE,,,,39.16426,-86.51642,LOCAL/CITY RD,N,URBAN,N,N,N,,DAYLIGHT,CLOUDY,DRY,,FOUR-WAY INTERSECTION,STRAIGHT/LEVEL,ASPHALT,FOLLOWING TOO CLOSELY,REAR END,EAGLESON AVEAVE 3RDST,TRAFFIC CONTROL SIGNAL,2019-10-24 09:40:00,,,
BLOOMINGTON PD,BLOOMINGTON,3,0.0,1.0,0.0,0.0,,,,W 2ND,S PATTERSON DR,,,,0.0,0.0,LOCAL/CITY RD,N,URBAN,N,N,N,,DAYLIGHT,CLEAR,DRY,,FOUR-WAY INTERSECTION,STRAIGHT/LEVEL,ASPHALT,DRIVER ASLEEP OR FATIGUED,OPPOSITE DIRECTION SIDESWIPE,SPATTERSONDRW 2NDST,TRAFFIC CONTROL SIGNAL,2019-10-24 16:13:00,,,
INDIANA UNIV BLOOMINGTON PD,BLOOMINGTON,2,0.0,0.0,0.0,0.0,,,,E 10TH,N SUNRISE DR,,150.0,W,39.17158,-86.51246702,LOCAL/CITY RD,N,URBAN,N,N,N,,DAWN/DUSK,CLEAR,WET,,NO JUNCTION INVOLVED,STRAIGHT/GRADE,ASPHALT,FOLLOWING TOO CLOSELY,REAR END,NSUNRISEDRTENTHST,LN CONTROL,2019-10-24 18:30:00,,,
BLOOMINGTON PD,BLOOMINGTON,3,0.0,0.0,0.0,0.0,,,,W 3RD,S CORY LN,,,,39.164544,-86.560096,LOCAL/CITY RD,N,URBAN,N,N,N,,DAYLIGHT,CLEAR,DRY,,FOUR-WAY INTERSECTION,STRAIGHT/LEVEL,ASPHALT,DRIVER DISTRACTED - EXPLAIN IN NARRATIVE,REAR END,SCORYLNW 3RDST,TRAFFIC CONTROL SIGNAL,2019-10-24 13:43:00,,,
BLOOMINGTON PD,BLOOMINGTON,2,0.0,0.0,0.0,0.0,,,,W KIRKWOOD,N ROGERS ST,,75.0,W,39.166672,-86.538608,LOCAL/CITY RD,N,URBAN,N,N,N,,DAYLIGHT,CLEAR,DRY,,NO JUNCTION INVOLVED,STRAIGHT/LEVEL,ASPHALT,FAILURE TO YIELD RIGHT OF WAY,OTHER - EXPLAIN IN NARRATIVE,NROGERSSTWKIRKWOODAVE,NONE,2019-10-24 14:52:00,,,
MONROE SD,BLOOMINGTON,2,0.0,0.0,0.0,0.0,,,,ST RD 37,E SMITHVILLE RD,,,,39.071056,-86.5356,ST RD,N,RURAL,N,N,N,,DAYLIGHT,CLEAR,DRY,,FOUR-WAY INTERSECTION,STRAIGHT/LEVEL,ASPHALT,FOLLOWING TOO CLOSELY,REAR END,ESMITHVILLERDS ST RD 37,NONE,2019-10-24 11:40:00,,,
MONROE SD,BLOOMINGTON,2,0.0,2.0,0.0,0.0,,,,ST RD 37,E SMITHVILLE RD,,,,39.16424,-86.480688,ST RD,N,RURAL,N,N,N,,DAWN/DUSK,CLOUDY,WET,,FOUR-WAY INTERSECTION,STRAIGHT/GRADE,ASPHALT,FAILURE TO YIELD RIGHT OF WAY,RIGHT ANGLE,SMITHVILLERDS ST RD 37,NONE,2019-10-24 17:46:00,,,
INDIANA UNIV BLOOMINGTON PD,BLOOMINGTON,2,0.0,0.0,0.0,0.0,1414.0,,,N EAGLESON AVE,,,500.0,S,39.18241,-86.5126,LOCAL/CITY RD,N,URBAN,N,N,N,,DAYLIGHT,CLOUDY,DRY,,T-INTERSECTION,CURVE/GRADE,ASPHALT,UNSAFE SPEED,RIGHT ANGLE,EBALFOURSTNEAGLESON AVEAVE,NONE,2019-10-24 10:55:00,,,
MONROE SD,BLOOMINGTON,2,0.0,1.0,0.0,0.0,,,,N MATTHEWS,W MT TABOR RD,,500.0,N,39.29832121,-86.62053,LOCAL/CITY RD,N,RURAL,N,N,N,,DARK (NOT LIGHTED),RAIN,WET,,T-INTERSECTION,CURVE/GRADE,ASPHALT,SPEED TOO FAST FOR WEATHER CONDITIONS,OPPOSITE DIRECTION SIDESWIPE,MTTABORRDNMATTHEWSRD,NONE,2019-10-24 19:59:00,,,
BLOOMINGTON PD,BLOOMINGTON,2,0.0,0.0,0.0,0.0,,,,S FESS,E UNIVERSITY ST,,,,39.16037,-86.52594,LOCAL/CITY RD,Y,URBAN,N,N,N,,UNKNOWN,CLEAR,DRY,,NO JUNCTION INVOLVED,STRAIGHT/LEVEL,ASPHALT,OTHER (DRIVER) - EXPLAIN IN NARRATIVE,SAME DIRECTION SIDESWIPE,EUNIVERSITYSTSFESSAVE,NONE,2019-10-24 22:00:00,,,
MONROE SD,BLOOMINGTON,1,0.0,1.0,0.0,0.0,,,,S GARRISON CHAPEL,W AIRPORT RD,,100.0,S,39.13676535,-86.64283504,COUNTY RD,N,RURAL,N,N,N,,DARK (NOT LIGHTED),CLEAR,DRY,,FOUR-WAY INTERSECTION,STRAIGHT/GRADE,ASPHALT,RAN OFF RD RIGHT,RAN OFF RD,AIRPORTRDGARRISONCHAPELRD,NONE,2019-10-24 23:58:00,,,
BLOOMINGTON PD,BLOOMINGTON,2,0.0,0.0,0.0,0.0,,,,S LIBERTY,ENTRANCE TO JOANN FABRICS,,,,0.0,0.0,LOCAL/CITY RD,N,URBAN,N,N,N,,DAYLIGHT,CLOUDY,DRY,,T-INTERSECTION,STRAIGHT/LEVEL,ASPHALT,FAILURE TO YIELD RIGHT OF WAY,RIGHT ANGLE,500BLKOFSOUTHLIBERTYDRENTRANCETOJOANNEFABRICST,STOP SIGN,2019-10-24 09:45:00,,,
BLOOMINGTON PD,BLOOMINGTON,1,0.0,0.0,0.0,1.0,,,,S ROGERS,W HAYS CT,,100.0,N,39.12504,-86.5388,LOCAL/CITY RD,N,URBAN,N,N,N,,DARK (NOT LIGHTED),CLEAR,DRY,,NO JUNCTION INVOLVED,STRAIGHT/LEVEL,ASPHALT,ANIMAL/OBJECT IN RDWAY,COLLISION WITH DEER,SROGERSSTWHAYSCT,NONE,2019-10-24 07:35:00,,,
BLOOMINGTON PD,BLOOMINGTON,2,0.0,0.0,0.0,0.0,,,,E 3RD,S COLLEGE MALL RD,,,,39.16424,-86.4984,LOCAL/CITY RD,N,URBAN,N,N,N,,DARK (LIGHTED),CLEAR,DRY,,FOUR-WAY INTERSECTION,STRAIGHT/GRADE,ASPHALT,DRIVER DISTRACTED - EXPLAIN IN NARRATIVE,REAR END,E 3RDSTSCOLLEGEMALLRD,TRAFFIC CONTROL SIGNAL,2019-10-25 19:29:00,,,
MONROE SD,BLOOMINGTON,2,0.0,0.0,0.0,0.0,,,,ST RD 46,N SMITH PK,,50.0,W,39.21022649,-86.58334113,ST RD,N,URBAN,N,N,N,,DAYLIGHT,CLOUDY,DRY,,FOUR-WAY INTERSECTION,STRAIGHT/LEVEL,ASPHALT,FOLLOWING TOO CLOSELY,REAR END,NSMITHPKST RD 46 W,TRAFFIC CONTROL SIGNAL,2019-10-25 11:41:00,,,
MONROE SD,BLOOMINGTON,2,0.0,0.0,0.0,0.0,,,,ST RD 37,S VICTOR PK,,,,39.105552,-86.551104,ST RD,N,RURAL,N,N,Y,INTERMITTENT OR MOVING WORK,DAYLIGHT,CLOUDY,DRY,,FOUR-WAY INTERSECTION,STRAIGHT/GRADE,ASPHALT,FOLLOWING TOO CLOSELY,REAR END,S ST RD 37VICTORPK,TRAFFIC CONTROL SIGNAL,2019-10-25 16:56:00,,,
INDIANA UNIV BLOOMINGTON PD,BLOOMINGTON,2,0.0,0.0,0.0,0.0,,,,E 10TH,N FEE LN,,,,39.17161,-86.51902,LOCAL/CITY RD,Y,URBAN,N,N,N,,DAYLIGHT,CLEAR,DRY,,NO JUNCTION INVOLVED,STRAIGHT/LEVEL,ASPHALT,FOLLOWING TOO CLOSELY,REAR END,FEELNTENTHST,TRAFFIC CONTROL SIGNAL,2019-10-25 13:25:00,,,
BLOOMINGTON PD,BLOOMINGTON,2,0.0,0.0,0.0,0.0,,,,E 3RD,S ROOSEVELT ST,,,,39.16427,-86.50601,LOCAL/CITY RD,N,URBAN,N,N,N,,DAWN/DUSK,CLEAR,DRY,,NO JUNCTION INVOLVED,STRAIGHT/GRADE,ASPHALT,FOLLOWING TOO CLOSELY,REAR END,ROOSEVELTST3RDST,NONE,2019-10-25 18:18:00,,,
MONROE SD,BLOOMINGTON,1,0.0,0.0,0.0,0.0,,,,E CHAMBERS,E SPARKS LN,,630.0,W,39.30564,-86.48689551,LOCAL/CITY RD,N,URBAN,N,N,N,,DAYLIGHT,CLEAR,DRY,,NO JUNCTION INVOLVED,CURVE/LEVEL,ASPHALT,RAN OFF RD RIGHT,RAN OFF RD,ECHAMBERSPKSPARKSLN,NONE,2019-10-25 14:26:00,,,
BLOOMINGTON PD,BLOOMINGTON,2,0.0,0.0,0.0,0.0,,117,1,I-69 N,,,,,0.0,0.0,INTERSTATE,N,URBAN,N,N,N,,DAYLIGHT,CLOUDY,DRY,,RAMP,CURVE/GRADE,ASPHALT,IMPROPER LN USAGE,SAME DIRECTION SIDESWIPE,I-69 N,OTHER,2019-10-25 08:19:00,,,
MONROE SD,BLOOMINGTON,2,0.0,0.0,0.0,0.0,,,,I-69 S,W FULLERTON PK,Y,,,0.0,0.0,INTERSTATE,N,URBAN,N,N,N,,DAWN/DUSK,CLEAR,DRY,,RAMP,STRAIGHT/LEVEL,ASPHALT,FAILURE TO YIELD RIGHT OF WAY,RIGHT ANGLE,I-69SWFULLERTONPK,ROUNDABOUT INTERSECTION,2019-10-25 07:46:00,,,