Agency,City,Vehicles Involved,Trailers Involved,Number Injured,Number Dead,Number Deer,House Number,Roadway Interchange,Roadway Ramp,Roadway Id,Intersecting Road,Interchange,Feet From,Direction,Latitude,Longitude,Roadway Class,Hit and Run?,Locality,School Zone?,Rumble Strips?,Construction?,Construction Type,Light Condition,Weather Conditions,Surface Condition,Type of Median,Roadway Junction Type,Road Character,Roadway Surface,Primary Factor,Manner of Collision,Unique Location Id,Traffic Control,DateTime,Address Number,Cyclist Involved,Pedestrian Involved
BLOOMINGTON PD,BLOOMINGTON,2,0.0,0.0,0.0,0.0,,,,N GRANT,E 6TH ST,,80.0,S,39.167712,-86.529696,LOCAL/CITY RD,Y,URBAN,N,N,N,,DAYLIGHT,CLOUDY,DRY,,FOUR-WAY INTERSECTION,STRAIGHT/GRADE,ASPHALT,FAILURE TO YIELD RIGHT OF WAY,RIGHT ANGLE,E6THSTNGRANTST,NONE,2019-10-25 14:25:00,,,
BLOOMINGTON PD,BLOOMINGTON,2,0.0,0.0,0.0,0.0,,,,N PETE LLIS,E JOHN HINKLE PL,,,,39.17057,-86.4956,LOCAL/CITY RD,N,URBAN,N,N,N,,DAYLIGHT,CLEAR,DRY,,T-INTERSECTION,STRAIGHT/GRADE,ASPHALT,FAILURE TO YIELD RIGHT OF WAY,RIGHT ANGLE,EJOHNHINKLEPLNPETEELLISDR,STOP SIGN,2019-10-25 17:29:00,,,
BLOOMINGTON PD,BLOOMINGTON,2,0.0,0.0,0.0,0.0,,,,S CORY,W BLOOMFIELD RD,,,,39.1571,-86.55969,LOCAL/CITY RD,N,URBAN,N,N,N,,DAYLIGHT,CLEAR,DRY,,T-INTERSECTION,STRAIGHT/GRADE,ASPHALT,FOLLOWING TOO CLOSELY,REAR END,SCORYLNWBLOOMFIELDRD,NONE,2019-10-25 16:15:00,,,
INDIANA UNIV BLOOMINGTON PD,BLOOMINGTON,2,0.0,0.0,0.0,0.0,,,,S FACULTY,E ATWATER AVE,,146.0,N,39.17853809,-86.52106,LOCAL/CITY RD,N,URBAN,N,N,N,,DAYLIGHT,CLOUDY,DRY,,T-INTERSECTION,STRAIGHT/LEVEL,ASPHALT,FAILURE TO YIELD RIGHT OF WAY,RIGHT ANGLE,AWTWATERAVESOUTHFACULTYLN,NONE,2019-10-25 14:15:00,,,
MONROE SD,BLOOMINGTON,1,0.0,0.0,0.0,0.0,,,,S SMITH,E LARRY WAYNE DR,,,,39.14076,-86.48038,COUNTY RD,N,RURAL,N,N,N,,DARK (NOT LIGHTED),CLEAR,DRY,,T-INTERSECTION,STRAIGHT/GRADE,ASPHALT,RAN OFF RD RIGHT,RAN OFF RD,LARRYWAYNEDRSMITHRD,NONE,2019-10-25 02:27:00,,,
BLOOMINGTON PD,BLOOMINGTON,2,0.0,0.0,0.0,0.0,,,,S WILLIAMSBURG,E 3RD ST,,100.0,N,39.17479434,-86.49658,LOCAL/CITY RD,N,URBAN,N,N,N,,DAYLIGHT,CLOUDY,DRY,,NO JUNCTION INVOLVED,STRAIGHT/LEVEL,ASPHALT,FAILURE TO YIELD RIGHT OF WAY,RIGHT ANGLE,3RDSTWILLIAMSBURGDR,NONE,2019-10-25 12:50:00,,,
INDIANA UNIV BLOOMINGTON PD,BLOOMINGTON,2,0.0,0.0,0.0,0.0,,,,ST RD 45/46,N HEADLEY RD,,,,0.0,0.0,ST RD,N,URBAN,N,N,N,,DARK (NOT LIGHTED),CLEAR,DRY,,NO JUNCTION INVOLVED,CURVE/LEVEL,ASPHALT,UNSAFE LN MOVEMENT,SAME DIRECTION SIDESWIPE,EBALFOURSTST RD 46,LN CONTROL,2019-10-25 20:30:00,,,
MONROE SD,ELLETTSVILLE,1,1.0,1.0,0.0,0.0,,,,ST RD 46,N STINESVILLE RD,,750.0,E,39.25962,-86.65761499,ST RD,N,RURAL,N,N,N,,DAYLIGHT,CLEAR,DRY,,NO JUNCTION INVOLVED,CURVE/LEVEL,ASPHALT,RAN OFF RD RIGHT,RAN OFF RD,NSTINESVILLERDST RD 46 W,NO PASSING ZONE,2019-10-25 14:11:00,,,
ELLETTSVILLE PD,ELLETTSVILLE,3,0.0,0.0,0.0,0.0,,,,ST RD 46,,,500.0,E,39.215152,-86.5928,ST RD,Y,URBAN,N,N,N,,DAWN/DUSK,CLEAR,DRY,,NO JUNCTION INVOLVED,STRAIGHT/LEVEL,ASPHALT,FOLLOWING TOO CLOSELY,REAR END,NORTHUNIONVALLEYRDST RD 45 W,LN CONTROL,2019-10-25 07:47:00,,,
MONROE SD,BLOOMINGTON,1,0.0,0.0,0.0,1.0,,,,W COUNTRY CLUB,S ROCKPORT RD,,200.0,W,39.13635,-86.54873269,LOCAL/CITY RD,N,URBAN,N,N,N,,DARK (LIGHTED),CLEAR,DRY,,NO JUNCTION INVOLVED,STRAIGHT/LEVEL,ASPHALT,ANIMAL/OBJECT IN RDWAY,COLLISION WITH DEER,SROCKPORTRDWCOUNTRYCLUBRD,NONE,2019-10-25 19:56:00,,,
BLOOMINGTON PD,BLOOMINGTON,2,0.0,0.0,0.0,0.0,,,,ST RD 46,ST RD 46,,,,39.16424,-86.473296,ST RD,N,URBAN,N,N,N,,DAYLIGHT,RAIN,WET,,FOUR-WAY INTERSECTION,STRAIGHT/GRADE,ASPHALT,FAILURE TO YIELD RIGHT OF WAY,RIGHT ANGLE,E 3RDSTST RD 46N,TRAFFIC CONTROL SIGNAL,2019-10-26 18:09:00,,,
BLOOMINGTON PD,BLOOMINGTON,2,0.0,0.0,0.0,0.0,,,,ST RD 45,S CURRY PK,,,,39.14195,-86.58259,ST RD,N,URBAN,N,N,N,,DAYLIGHT,RAIN,WET,,FOUR-WAY INTERSECTION,STRAIGHT/LEVEL,ASPHALT,FAILURE TO YIELD RIGHT OF WAY,LEFT TURN,SOUTHCURRYPKST RD 45 W,TRAFFIC CONTROL SIGNAL,2019-10-26 14:38:00,,,
BLOOMINGTON PD,BLOOMINGTON,2,0.0,0.0,0.0,0.0,,,,E WINSLOW,S WALNUT ST PK,,,,39.136144,-86.528688,LOCAL/CITY RD,N,URBAN,N,Y,Y,WORK ON SHOULDER,DAYLIGHT,RAIN,WET,,FOUR-WAY INTERSECTION,STRAIGHT/LEVEL,ASPHALT,FAILURE TO YIELD RIGHT OF WAY,RIGHT ANGLE,WALNUTSTPKWINSLOWRD,STOP SIGN,2019-10-26 09:20:00,,,
ISP BLOOMINGTON 33,BLOOMINGTON,2,,0.0,0.0,0.0,,,,ST RD 48,S GATES DR,,317.0,E,39.16462024,-86.57443232,ST RD,,URBAN,N,N,N,,DAYLIGHT,RAIN,WET,,NO JUNCTION INVOLVED,,ASPHALT,DISREGARD SIGNAL/REG SIGN,REAR END,,,2019-10-26 11:14:00,,,
BLOOMINGTON PD,BLOOMINGTON,2,0.0,0.0,0.0,0.0,,,,W 17TH,N KINSER PK,,,,39.178992,-86.537792,LOCAL/CITY RD,N,URBAN,N,N,N,,DARK (LIGHTED),CLOUDY,WET,,FOUR-WAY INTERSECTION,STRAIGHT/LEVEL,ASPHALT,DISREGARD SIGNAL/REG SIGN,RIGHT ANGLE,NKINSERPKW17THST,TRAFFIC CONTROL SIGNAL,2019-10-26 23:36:00,,,
MONROE SD,ELLETTSVILLE,2,0.0,0.0,0.0,0.0,,,,ST RD 46,N UNION VALLEY RD,,,,39.215152,-86.5928,LOCAL/CITY RD,N,URBAN,Y,N,N,,DAYLIGHT,RAIN,WET,,FOUR-WAY INTERSECTION,STRAIGHT/LEVEL,ASPHALT,SPEED TOO FAST FOR WEATHER CONDITIONS,RIGHT ANGLE,NUNIONVALLEYRDWSTATERD46RD,TRAFFIC CONTROL SIGNAL,2019-10-26 14:38:00,,,
BLOOMINGTON PD,BLOOMINGTON,2,0.0,0.0,0.0,0.0,,,,S COLLEGE MALL,EASTLAND PLAZA DR,,,,0.0,0.0,LOCAL/CITY RD,N,URBAN,N,N,N,,DAYLIGHT,RAIN,WATER (STANDING OR MOVING),,FOUR-WAY INTERSECTION,STRAIGHT/LEVEL,ASPHALT,FOLLOWING TOO CLOSELY,REAR END,EASTLANDPLAZADRSCOLLEGEMALLRD,TRAFFIC CONTROL SIGNAL,2019-10-26 15:14:00,,,
BLOOMINGTON PD,BLOOMINGTON,2,0.0,1.0,0.0,0.0,,,,S WALNUT,E N DR,,1000.0,N,39.2497991,-86.53181,LOCAL/CITY RD,N,URBAN,N,N,N,,DAYLIGHT,RAIN,WET,,T-INTERSECTION,STRAIGHT/GRADE,ASPHALT,FAILURE TO YIELD RIGHT OF WAY,RIGHT ANGLE,ENORTHDRSWALNUTST,NONE,2019-10-26 14:31:00,,,
MONROE SD,BLOOMINGTON,1,0.0,0.0,0.0,0.0,,,,I-69 S,E SAMPLE RD,,1000.0,S,0.0,0.0,ST RD,N,RURAL,N,N,N,,DAYLIGHT,RAIN,WATER (STANDING OR MOVING),,RAMP,STRAIGHT/HILLCREST,ASPHALT,RDWAY SURFACE CONDITION,RAN OFF RD,ESAMPLERDSR69S,NONE,2019-10-26 12:25:00,,,
MONROE SD,BLOOMINGTON,1,0.0,3.0,0.0,0.0,,,,I-69 N,,,100.0,S,41.26694387,-85.08665186,INTERSTATE,Y,RURAL,N,N,N,,DARK (NOT LIGHTED),CLOUDY,DRY,,NO JUNCTION INVOLVED,CURVE/GRADE,ASPHALT,RAN OFF RD RIGHT,RAN OFF RD,I-69 N122.0,LN CONTROL,2019-10-26 03:57:00,,,
MONROE SD,BLOOMINGTON,1,0.0,0.0,0.0,0.0,,,,I-69 S,,,3000.0,S,38.94809125,-86.52746673,INTERSTATE,N,URBAN,N,Y,N,,DAYLIGHT,RAIN,WET,,NO JUNCTION INVOLVED,STRAIGHT/GRADE,CONCRETE,SPEED TOO FAST FOR WEATHER CONDITIONS,RAN OFF RD,I-69SSAMPLERD,NONE,2019-10-26 00:08:00,,,
MONROE SD,BLOOMINGTON,2,0.0,0.0,0.0,0.0,,,,N TUNNEL,,,,,39.230048,-86.4316,COUNTY RD,N,RURAL,N,N,N,,DAYLIGHT,RAIN,WET,,T-INTERSECTION,CURVE/GRADE,ASPHALT,FOLLOWING TOO CLOSELY,REAR END,NTUNNELRDST RD 45E,STOP SIGN,2019-10-26 11:16:00,,,
MONROE SD,ELLETTSVILLE,2,0.0,0.0,0.0,0.0,,,,N UNION VALLEY,W LYNW DR,,,,39.21584,-86.5928,LOCAL/CITY RD,N,URBAN,N,N,N,,DAYLIGHT,RAIN,WET,,NO JUNCTION INVOLVED,STRAIGHT/LEVEL,ASPHALT,FOLLOWING TOO CLOSELY,REAR END,NUNIONVALLEYRDWLYNWESTDR,NONE,2019-10-26 15:43:00,,,
BLOOMINGTON PD,BLOOMINGTON,2,0.0,1.0,0.0,0.0,255.0,,,N VINE,,,,,39.18368,-86.544016,UNKNOWN,N,URBAN,N,N,N,,DARK (NOT LIGHTED),CLEAR,DRY,,NO JUNCTION INVOLVED,STRAIGHT/GRADE,ASPHALT,DRIVER ASLEEP OR FATIGUED,SAME DIRECTION SIDESWIPE,NVINEST,NONE,2019-10-26 02:35:00,,,
MONROE SD,BLOOMINGTON,1,0.0,0.0,0.0,0.0,,,,S KENNEDY,E RHORER RD,,200.0,S,39.121488,-86.528304,LOCAL/CITY RD,N,URBAN,N,N,N,,DARK (NOT LIGHTED),RAIN,WET,,NO JUNCTION INVOLVED,STRAIGHT/LEVEL,ASPHALT,OTHER (DRIVER) - EXPLAIN IN NARRATIVE,RAN OFF RD,ERHORERRDSKENNEDYDR,NONE,2019-10-26 18:58:00,,,
MONROE SD,BLOOMINGTON,1,0.0,0.0,0.0,0.0,,,,ST RD 446,E SALT CREEK DR,,,,39.08781,-86.4224,ST RD,N,RURAL,N,N,N,,DAWN/DUSK,RAIN,WET,,NO JUNCTION INVOLVED,STRAIGHT/LEVEL,ASPHALT,ANIMAL/OBJECT IN RDWAY,COLLISION WITH OBJECT IN RD,SALTCREEKDRST RD 446S,NONE,2019-10-26 18:37:00,,,
MONROE SD,BLOOMINGTON,1,0.0,0.0,0.0,0.0,,,,ST RD 46,E ST RD 46,,,,39.186352,-86.534704,ST RD,N,RURAL,N,N,N,,DAYLIGHT,RAIN,WET,,NO JUNCTION INVOLVED,CURVE/GRADE,ASPHALT,SPEED TOO FAST FOR WEATHER CONDITIONS,RAN OFF RD,OLDSTATERD46RDST RD 46E,NONE,2019-10-26 08:55:00,,,
MONROE SD,ELLETTSVILLE,1,0.0,0.0,0.0,0.0,,,,ST RD 46,N COUNTY LINE RD,,,,39.281744,-86.6848,ST RD,N,RURAL,N,Y,N,,DAYLIGHT,RAIN,WET,,FOUR-WAY INTERSECTION,STRAIGHT/LEVEL,ASPHALT,RDWAY SURFACE CONDITION,RAN OFF RD,NCOUNTYLINERDST RD 46 W,STOP SIGN,2019-10-26 13:01:00,,,
BLOOMINGTON PD,BLOOMINGTON,3,0.0,2.0,0.0,0.0,,,,S LIBERTY,ST RD 48,,,,39.16461,-86.57913,LOCAL/CITY RD,N,URBAN,N,N,N,,DARK (LIGHTED),CLEAR,DRY,,FOUR-WAY INTERSECTION,STRAIGHT/GRADE,ASPHALT,DRIVER DISTRACTED - EXPLAIN IN NARRATIVE,REAR END,SLIBERTYDRW 3RDST,TRAFFIC CONTROL SIGNAL,2019-10-27 20:00:00,,,
BLOOMINGTON PD,BLOOMINGTON,3,0.0,0.0,0.0,0.0,,,,S WALNUT,W SMITH AVE,,50.0,N,39.16813698,-86.53363,LOCAL/CITY RD,Y,URBAN,N,N,N,,DARK (LIGHTED),CLEAR,DRY,,FOUR-WAY INTERSECTION,STRAIGHT/GRADE,ASPHALT,UNSAFE LN MOVEMENT,SAME DIRECTION SIDESWIPE,ESMITHAVESWALNUTST,NONE,2019-10-27 20:03:00,,,
ISP BLOOMINGTON 33,BLOOMINGTON,1,,1.0,0.0,0.0,,,,I-69 S,,,0.0,S,39.27181407,-86.52313306,INTERSTATE,,RURAL,N,Y,N,,DAYLIGHT,CLEAR,DRY,,NO JUNCTION INVOLVED,,ASPHALT,,RAN OFF RD,,,2019-10-27 15:49:00,,,
MONROE SD,BLOOMINGTON,1,0.0,0.0,0.0,1.0,,,,I-69 S,,,1000.0,N,41.15424437,-85.11144414,INTERSTATE,N,RURAL,N,N,N,,DARK (NOT LIGHTED),CLEAR,DRY,,NO JUNCTION INVOLVED,STRAIGHT/LEVEL,ASPHALT,ANIMAL/OBJECT IN RDWAY,COLLISION WITH DEER,I-69S114,NONE,2019-10-27 23:50:00,,,
MONROE SD,BLOOMINGTON,1,0.0,0.0,0.0,0.0,,,,N SHILO,N MILLER RD,,500.0,N,39.27129318,-86.460064,COUNTY RD,Y,RURAL,N,N,N,,DARK (NOT LIGHTED),CLEAR,WET,,NO JUNCTION INVOLVED,CURVE/GRADE,ASPHALT,SPEED TOO FAST FOR WEATHER CONDITIONS,RAN OFF RD,MILLERRDSHILORD,NONE,2019-10-27 07:14:00,,,
BLOOMINGTON PD,BLOOMINGTON,2,0.0,0.0,0.0,0.0,,,,N WASHINGTON,E 6TH ST,,,,39.167664,-86.5324,LOCAL/CITY RD,N,URBAN,N,N,N,,DAYLIGHT,CLEAR,DRY,,FOUR-WAY INTERSECTION,STRAIGHT/GRADE,ASPHALT,FAILURE TO YIELD RIGHT OF WAY,RIGHT ANGLE,E6THSTNWASHINGTONST,STOP SIGN,2019-10-27 17:37:00,,,
MONROE SD,BLOOMINGTON,2,0.0,0.0,0.0,0.0,,,,S GARRISON CHAPEL,W RICE RD,,,,39.151552,-86.643504,COUNTY RD,N,RURAL,N,N,N,,DAYLIGHT,CLEAR,DRY,,NO JUNCTION INVOLVED,STRAIGHT/HILLCREST,ASPHALT,OVERCORRECTING/OVERSTEERING,RIGHT TURN,GARRISONCHAPELRDRICERD,STOP SIGN,2019-10-27 16:31:00,,,
MONROE SD,BLOOMINGTON,1,0.0,1.0,0.0,0.0,,,,ST RD 48,,,4800.0,E,39.16899232,-86.66459059,ST RD,N,RURAL,N,N,N,,DAYLIGHT,CLEAR,DRY,,NO JUNCTION INVOLVED,CURVE/LEVEL,ASPHALT,RAN OFF RD RIGHT,NON-COLLISION,NSTRD43RDST RD 48W,NO PASSING ZONE,2019-10-27 17:04:00,,,
BLOOMINGTON PD,BLOOMINGTON,2,0.0,0.0,0.0,0.0,,,,S CURRY,ST RD 45,,,,39.142048,-86.582592,LOCAL/CITY RD,N,URBAN,N,Y,N,,DARK (LIGHTED),CLEAR,DRY,,FOUR-WAY INTERSECTION,STRAIGHT/GRADE,ASPHALT,FAILURE TO YIELD RIGHT OF WAY,RIGHT TURN,NCURRYPKST RD 45 W,YIELD SIGN,2019-10-28 20:15:00,,,
BLOOMINGTON PD,BLOOMINGTON,2,0.0,1.0,0.0,0.0,,,,S LIBERTY,ST RD 48,,750.0,S,39.08530166,-86.57913,LOCAL/CITY RD,N,URBAN,N,N,N,,DARK (NOT LIGHTED),CLEAR,DRY,,FOUR-WAY INTERSECTION,STRAIGHT/LEVEL,ASPHALT,FOLLOWING TOO CLOSELY,REAR END,SOUTHLIBERTYDRWEST3RDST,LN CONTROL,2019-10-28 19:35:00,,,
BLOOMINGTON PD,BLOOMINGTON,3,0.0,0.0,0.0,0.0,,,,S COLLEGE MALL,E BUICK CADILLAC BLVD,,,,39.15811,-86.49789,LOCAL/CITY RD,N,URBAN,N,N,N,,DAYLIGHT,CLOUDY,DRY,,FOUR-WAY INTERSECTION,STRAIGHT/LEVEL,ASPHALT,FOLLOWING TOO CLOSELY,REAR END,EASTBUICKCADILLACBLVDSOUTHCOLLEGEMALL,TRAFFIC CONTROL SIGNAL,2019-10-28 15:55:00,,,
INDIANA UNIV BLOOMINGTON PD,BLOOMINGTON,1,0.0,0.0,0.0,0.0,,,,E 12TH,N INDIANA AVE,,,,39.17435,-86.52699,LOCAL/CITY RD,N,URBAN,N,N,N,,DAYLIGHT,CLEAR,DRY,,NO JUNCTION INVOLVED,STRAIGHT/GRADE,ASPHALT,OTHER (DRIVER) - EXPLAIN IN NARRATIVE,OTHER - EXPLAIN IN NARRATIVE,INDIANAAVETWELVETHST,NONE,2019-10-28 15:00:00,,,
BLOOMINGTON PD,BLOOMINGTON,2,0.0,0.0,0.0,0.0,,,,E 7TH,N JEFFERSON ST,,,,39.168192,-86.507024,LOCAL/CITY RD,N,URBAN,N,N,N,,DARK (NOT LIGHTED),CLEAR,DRY,,FOUR-WAY INTERSECTION,STRAIGHT/GRADE,ASPHALT,FAILURE TO YIELD RIGHT OF WAY,RIGHT ANGLE,E7THSTNJEFFERSONST,STOP SIGN,2019-10-28 19:19:00,,,
BLOOMINGTON PD,BLOOMINGTON,2,0.0,0.0,0.0,0.0,,,,E 8TH,N LINCOLN ST,,,,39.169552,-86.530992,LOCAL/CITY RD,Y,URBAN,N,,N,,UNKNOWN,CLOUDY,DRY,,FOUR-WAY INTERSECTION,STRAIGHT/LEVEL,ASPHALT,IMPROPER LN USAGE,SAME DIRECTION SIDESWIPE,E8THSTNLINCOLNST,STOP SIGN,2019-10-28 20:03:00,,,
ISP BLOOMINGTON 33,BLOOMINGTON,1,,0.0,0.0,1.0,,,,I-69 N,,,317.0,N,39.26651342,-86.52284301,INTERSTATE,,RURAL,N,N,N,,DARK (LIGHTED),CLOUDY,DRY,,NO JUNCTION INVOLVED,,CONCRETE,ANIMAL/OBJECT IN RDWAY,COLLISION WITH DEER,,,2019-10-28 21:30:00,,,
BLOOMINGTON PD,BLOOMINGTON,1,0.0,0.0,0.0,1.0,,,,I-69 N,,,100.0,S,0.0,0.0,LOCAL/CITY RD,N,RURAL,N,N,N,,DARK (NOT LIGHTED),CLEAR,DRY,,NO JUNCTION INVOLVED,STRAIGHT/LEVEL,ASPHALT,ANIMAL/OBJECT IN RDWAY,COLLISION WITH DEER,NINTERSTATE69FWY120.5,NONE,2019-10-28 02:07:00,,,
MONROE SD,BLOOMINGTON,1,0.0,0.0,0.0,0.0,,,,N FRONTAGE W,W SIMPSON CHAPEL RD,,,,39.273255,-86.53008,LOCAL/CITY RD,N,RURAL,N,N,N,,DARK (NOT LIGHTED),CLEAR,DRY,,T-INTERSECTION,CURVE/LEVEL,ASPHALT,RAN OFF RD RIGHT,RAN OFF RD,NORTHBURMARDWESTSIMPSONCHAPELRD,NONE,2019-10-28 01:02:00,,,
BLOOMINGTON PD,BLOOMINGTON,1,0.0,0.0,0.0,0.0,,,,S ROGERS,W CHEROKEE DR,,,,39.146992,-86.5388,LOCAL/CITY RD,N,URBAN,N,N,N,,DARK (NOT LIGHTED),CLEAR,DRY,,T-INTERSECTION,STRAIGHT/GRADE,ASPHALT,OTHER LIGHTS DEFECTIVE,REAR END,CHEROKEEDRSROGERSST,NONE,2019-10-28 22:04:00,,True,
MONROE SD,BLOOMINGTON,1,0.0,0.0,0.0,0.0,,,,ST RD 446,S OLD RICHARDSON RD,,,,39.1122,-86.43134,ST RD,N,RURAL,N,N,N,,DAYLIGHT,CLEAR,DRY,,INTERCHANGE,CURVE/GRADE,ASPHALT,UNSAFE SPEED,RAN OFF RD,OLDRICHARDSONRDST RD 446S,LN CONTROL,2019-10-28 14:16:00,,,
BLOOMINGTON PD,BLOOMINGTON,2,0.0,1.0,0.0,0.0,,,,ST RD 45/46,ENTRANCE TO IU  11,,300.0,W,39.18635202,-86.52325076,ST RD,N,URBAN,N,N,N,,DAYLIGHT,CLOUDY,DRY,,NO JUNCTION INVOLVED,STRAIGHT/GRADE,ASPHALT,UNSAFE LN MOVEMENT,SAME DIRECTION SIDESWIPE,NMILOSAMPSONLNST RD 46E,NONE,2019-10-28 16:10:00,,,
BLOOMINGTON PD,BLOOMINGTON,2,0.0,0.0,0.0,0.0,,,,W 2ND,S WALNUT ST,,,,39.16144,-86.5336,LOCAL/CITY RD,N,URBAN,N,N,N,,DAYLIGHT,CLOUDY,DRY,,FOUR-WAY INTERSECTION,STRAIGHT/LEVEL,ASPHALT,LEFT OF CENTER,LEFT TURN,SWALNUTSTW 2NDST,TRAFFIC CONTROL SIGNAL,2019-10-28 12:35:00,,,
ISP BLOOMINGTON 33,BLOOMINGTON,2,,0.0,0.0,0.0,,100,A,I-69 N,W 3RD ST,Y,0.0,S,39.164566,-86.573008,UNKNOWN,,URBAN,N,N,N,,DAYLIGHT,CLOUDY,DRY,,RAMP,,ASPHALT,FOLLOWING TOO CLOSELY,REAR END,,,2019-10-29 08:50:00,,,
INDIANA UNIV BLOOMINGTON PD,BLOOMINGTON,2,0.0,1.0,0.0,0.0,,,,ST RD 45/46,E 17TH ST,,,,39.17984,-86.507088,ST RD,N,URBAN,N,N,N,,DAYLIGHT,CLEAR,DRY,,T-INTERSECTION,CURVE/LEVEL,ASPHALT,DRIVER DISTRACTED - EXPLAIN IN NARRATIVE,REAR END,EAST17THSTST RD 46,TRAFFIC CONTROL SIGNAL,2019-10-29 16:42:00,,,
INDIANA UNIV BLOOMINGTON PD,BLOOMINGTON,1,0.0,0.0,0.0,0.0,,,,ST RD 45/46,E 17TH ST,,,,39.17984,-86.507088,ST RD,N,URBAN,N,N,N,,DAYLIGHT,CLEAR,DRY,,NO JUNCTION INVOLVED,CURVE/LEVEL,ASPHALT,DRIVER ILLNESS,RAN OFF RD,EAST17THSTST RD 46,LN CONTROL,2019-10-29 16:37:00,,,
BLOOMINGTON PD,BLOOMINGTON,2,0.0,0.0,0.0,0.0,,,,E 3RD,S GRANT ST,,200.0,E,39.16464,-86.52902237,LOCAL/CITY RD,N,URBAN,N,N,N,,DAYLIGHT,CLOUDY,DRY,,NO JUNCTION INVOLVED,STRAIGHT/GRADE,ASPHALT,FAILURE TO YIELD RIGHT OF WAY,RIGHT ANGLE,3RDSTGRANTST,NONE,2019-10-29 09:08:00,,,
INDIANA UNIV BLOOMINGTON PD,BLOOMINGTON,2,0.0,0.0,0.0,0.0,,,,N EAGLESON AVE,E LAW LN,,,,39.17343,-86.51545,LOCAL/CITY RD,Y,URBAN,N,N,N,,UNKNOWN,CLOUDY,DRY,,NO JUNCTION INVOLVED,STRAIGHT/LEVEL,ASPHALT,UNSAFE BACKING,BACKING CRASH,ELAWLNEAGLESON AVEAVE,NONE,2019-10-29 16:00:00,,,
BLOOMINGTON PD,BLOOMINGTON,2,0.0,0.0,0.0,0.0,,,,N LINCOLN,E 7TH ST,,50.0,W,39.16864,-86.530992,LOCAL/CITY RD,N,URBAN,N,Y,N,,DARK (LIGHTED),CLEAR,DRY,,NO JUNCTION INVOLVED,STRAIGHT/LEVEL,ASPHALT,IMPROPER TURNING,LEFT TURN,E7THSTNLINCOLNST,NONE,2019-10-29 20:35:00,,,
MONROE SD,BLOOMINGTON,1,0.0,0.0,0.0,0.0,,,,S HARRELL,E SCHACHT RD,,,,39.107072,-86.498544,COUNTY RD,Y,RURAL,N,N,N,,DARK (NOT LIGHTED),CLEAR,DRY,,NO JUNCTION INVOLVED,STRAIGHT/LEVEL,ASPHALT,IMPROPER LN USAGE,OTHER - EXPLAIN IN NARRATIVE,HARRELLRDSCHACHTRD,NONE,2019-10-29 08:31:00,,,
BLOOMINGTON PD,BLOOMINGTON,2,0.0,0.0,0.0,0.0,500.0,,,S MULLER,,,,,39.16283167,-86.56673833,LOCAL/CITY RD,N,URBAN,N,N,N,,DAYLIGHT,CLOUDY,DRY,,NO JUNCTION INVOLVED,STRAIGHT/LEVEL,ASPHALT,IMPROPER TURNING,RIGHT TURN,SMULLERPKWY,STOP SIGN,2019-10-29 15:34:00,,,
BLOOMINGTON PD,BLOOMINGTON,1,0.0,0.0,0.0,0.0,1730.0,,,S WALNUT,,,,,39.13608,-86.529792,LOCAL/CITY RD,Y,RURAL,N,N,N,,DARK (LIGHTED),CLEAR,DRY,,INTERCHANGE,STRAIGHT/LEVEL,ASPHALT,OVERCORRECTING/OVERSTEERING,OTHER - EXPLAIN IN NARRATIVE,EWINSLOWRD,NONE,2019-10-29 00:44:00,,,
ELLETTSVILLE PD,ELLETTSVILLE,1,0.0,0.0,0.0,1.0,,,,ST RD 46,N DEER PARK DR,,,,39.212048,-86.5872,ST RD,N,URBAN,N,N,N,,DAYLIGHT,CLEAR,DRY,,T-INTERSECTION,STRAIGHT/LEVEL,ASPHALT,ANIMAL/OBJECT IN RDWAY,COLLISION WITH DEER,DEERPARKDRST RD 46 W,NONE,2019-10-29 15:34:00,,,
MONROE SD,BLOOMINGTON,1,0.0,3.0,0.0,0.0,,,,ST RD 46,,,750.0,E,39.19369,-86.57145492,ST RD,N,RURAL,N,Y,Y,X-OVER/LN SHIFT,DAYLIGHT,CLEAR,DRY,,NO JUNCTION INVOLVED,CURVE/GRADE,ASPHALT,RAN OFF RD RIGHT,RAN OFF RD,NCURRYPKST RD 46 W,NONE,2019-10-29 12:03:00,,,
MONROE SD,BLOOMINGTON,2,0.0,0.0,0.0,1.0,,,,W ARLINGTON,N SUGAR LN,,,,39.208048,-86.576496,LOCAL/CITY RD,N,RURAL,N,N,N,,DAWN/DUSK,CLEAR,DRY,,NO JUNCTION INVOLVED,STRAIGHT/LEVEL,ASPHALT,ANIMAL/OBJECT IN RDWAY,COLLISION WITH DEER,NSUGARLNWARLINGTONRD,LN CONTROL,2019-10-29 07:25:00,,,