Agency,City,Vehicles Involved,Trailers Involved,Number Injured,Number Dead,Number Deer,House Number,Roadway Interchange,Roadway Ramp,Roadway Id,Intersecting Road,Interchange,Feet From,Direction,Latitude,Longitude,Roadway Class,Hit and Run?,Locality,School Zone?,Rumble Strips?,Construction?,Construction Type,Light Condition,Weather Conditions,Surface Condition,Type of Median,Roadway Junction Type,Road Character,Roadway Surface,Primary Factor,Manner of Collision,Unique Location Id,Traffic Control,DateTime,Address Number,Cyclist Involved,Pedestrian Involved
MONROE SD,BLOOMINGTON,1,0.0,0.0,0.0,2.0,,,,E RHORER,S DERBY DR,,50.0,E,39.12145,-86.52073432,COUNTY RD,N,URBAN,N,N,N,,DARK (NOT LIGHTED),CLEAR,DRY,,NO JUNCTION INVOLVED,STRAIGHT/GRADE,ASPHALT,ANIMAL/OBJECT IN RDWAY,COLLISION WITH DEER,DERBYDRIVERHORERRD,NONE,2019-11-09 20:43:00,,,
MONROE SD,BLOOMINGTON,1,0.0,0.0,0.0,1.0,,,,ST RD 446,S KNIGHTRIDGE RD,,300.0,S,39.13558022,-86.46094559,ST RD,N,RURAL,N,N,N,,DARK (NOT LIGHTED),CLEAR,DRY,,NO JUNCTION INVOLVED,STRAIGHT/LEVEL,ASPHALT,ANIMAL/OBJECT IN RDWAY,COLLISION WITH DEER,KNIGHTRIDGERDST RD 446S,NONE,2019-11-09 19:41:00,,,
ELLETTSVILLE PD,ELLETTSVILLE,2,0.0,0.0,0.0,0.0,,,,W VINE,N 5TH ST,,,,39.23392,-86.62383,LOCAL/CITY RD,N,URBAN,N,N,N,,DARK (NOT LIGHTED),CLEAR,DRY,,T-INTERSECTION,STRAIGHT/LEVEL,ASPHALT,IMPROPER TURNING,RIGHT TURN,FIFTHSTVINEST,NONE,2019-11-09 06:07:00,,,
BLOOMINGTON PD,BLOOMINGTON,3,0.0,0.0,0.0,0.0,,,,ST RD 45/46,N COLLEGE AVE,,,,39.186544,-86.537888,ST RD,N,URBAN,N,N,N,,DAYLIGHT,CLEAR,DRY,,FOUR-WAY INTERSECTION,STRAIGHT/LEVEL,ASPHALT,DRIVER DISTRACTED - EXPLAIN IN NARRATIVE,REAR END,NKINSERPKST RD 45E,TRAFFIC CONTROL SIGNAL,2019-11-10 10:55:00,,,
MONROE SD,BLOOMINGTON,1,0.0,1.0,0.0,0.0,,,,ST RD 46,N LOWER BIRDIE GALYAN RD,,,,39.16269,-86.41335,ST RD,N,RURAL,N,N,N,,DAYLIGHT,CLEAR,DRY,,NO JUNCTION INVOLVED,CURVE/GRADE,ASPHALT,RAN OFF RD RIGHT,RAN OFF RD,SOUTHLOWERBIRDIEGALYANRDST RD 46E,NONE,2019-11-10 10:42:00,,,
BLOOMINGTON PD,BLOOMINGTON,2,0.0,0.0,0.0,0.0,,,,ST RD 46,ST RD 446,,,,39.164448,-86.471888,ST RD,N,URBAN,N,N,N,,DAYLIGHT,CLEAR,DRY,,T-INTERSECTION,CURVE/LEVEL,ASPHALT,FAILURE TO YIELD RIGHT OF WAY,LEFT TURN,SSTATE446RDST RD 46E,TRAFFIC CONTROL SIGNAL,2019-11-10 11:35:00,,,
MONROE SD,BLOOMINGTON,1,0.0,0.0,0.0,0.0,,I-69,S,I-69 S,W SAMPLE RD,Y,,,0.0,0.0,COUNTY RD,N,RURAL,N,N,N,,DARK (LIGHTED),CLEAR,DRY,,RAMP,CURVE/LEVEL,ASPHALT,RAN OFF RD RIGHT,RAN OFF RD,SAMPLERD,ROUNDABOUT INTERSECTION,2019-11-10 19:57:00,,,
BLOOMINGTON PD,BLOOMINGTON,2,0.0,0.0,0.0,0.0,,,,E 2ND,S WOODLAWN AVE,,,,39.16107,-86.52264,LOCAL/CITY RD,N,URBAN,N,N,N,,DAYLIGHT,CLEAR,DRY,,FOUR-WAY INTERSECTION,STRAIGHT/LEVEL,ASPHALT,DISREGARD SIGNAL/REG SIGN,RIGHT ANGLE,E 2NDSTSWOODLAWNAVE,STOP SIGN,2019-11-10 10:25:00,,,
ISP BLOOMINGTON 33,BLOOMINGTON,1,,0.0,0.0,1.0,,,,I-69 N,,,0.0,S,39.07385922,-86.65414451,INTERSTATE,,RURAL,N,N,N,,DARK (NOT LIGHTED),CLEAR,DRY,,NO JUNCTION INVOLVED,,ASPHALT,ANIMAL/OBJECT IN RDWAY,COLLISION WITH DEER,,,2019-11-10 21:10:00,,,
MONROE SD,BLOOMINGTON,1,0.0,0.0,0.0,0.0,,,,ST RD 446,E RUSH RIDGE RD,,2000.0,S,39.07978951,-86.41784109,ST RD,N,RURAL,N,N,N,,DAYLIGHT,CLEAR,DRY,,NO JUNCTION INVOLVED,CURVE/GRADE,ASPHALT,RAN OFF RD RIGHT,RAN OFF RD,ERUSHRIDGERDST RD 446S,NONE,2019-11-10 15:29:00,,,
INDIANA UNIV BLOOMINGTON PD,BLOOMINGTON,2,0.0,0.0,0.0,0.0,,,,N WOODLAWN,E 10TH ST,,,,39.17164,-86.52351,LOCAL/CITY RD,N,URBAN,N,N,N,,DAYLIGHT,RAIN,WET,,FOUR-WAY INTERSECTION,STRAIGHT/GRADE,ASPHALT,FOLLOWING TOO CLOSELY,REAR END,TENTHSTWOODLAWNAVE,TRAFFIC CONTROL SIGNAL,2019-11-11 12:10:00,,,
INDIANA UNIV BLOOMINGTON PD,BLOOMINGTON,2,0.0,0.0,0.0,0.0,,,,N WOODLAWN,E 10TH ST,,,,39.17164,-86.52351,LOCAL/CITY RD,N,URBAN,N,N,N,,DARK (LIGHTED),SNOW,SNOW/SLUSH,,NO JUNCTION INVOLVED,STRAIGHT/GRADE,ASPHALT,SPEED TOO FAST FOR WEATHER CONDITIONS,REAR END,TENTHSTWOODLAWNAVE,LN CONTROL,2019-11-11 19:25:00,,,
BLOOMINGTON PD,BLOOMINGTON,1,0.0,0.0,0.0,0.0,,,,N CURRY,W PROFILE PKWY,,100.0,N,39.18255643,-86.58299,LOCAL/CITY RD,N,URBAN,N,N,N,,DARK (NOT LIGHTED),SNOW,SNOW/SLUSH,,NO JUNCTION INVOLVED,STRAIGHT/LEVEL,ASPHALT,OTHER (VEHICLE) - EXPLAIN IN NARRATIVE,OTHER - EXPLAIN IN NARRATIVE,NCURRYPKWPROFILEPKWY,NONE,2019-11-11 19:40:00,,,
BLOOMINGTON PD,BLOOMINGTON,1,0.0,0.0,0.0,0.0,,,,ST RD 45,N SMITH RD,,2500.0,W,39.172752,-86.482288,LOCAL/CITY RD,N,URBAN,N,N,N,,DARK (NOT LIGHTED),SNOW,ICE,,NO JUNCTION INVOLVED,CURVE/GRADE,ASPHALT,RAN OFF RD RIGHT,RAN OFF RD,E 10THSTNSMITHRD,NONE,2019-11-11 20:19:00,,,
BLOOMINGTON PD,BLOOMINGTON,2,0.0,0.0,0.0,0.0,,,,W 2ND,S WALKER ST,,100.0,E,39.16143,-86.54614865,LOCAL/CITY RD,N,URBAN,N,N,N,,DAYLIGHT,RAIN,WET,,NO JUNCTION INVOLVED,STRAIGHT/GRADE,ASPHALT,FOLLOWING TOO CLOSELY,REAR END,SWALKERSTW 2NDST,NONE,2019-11-11 14:38:00,,,
INDIANA UNIV BLOOMINGTON PD,BLOOMINGTON,2,0.0,0.0,0.0,0.0,,,,E 10TH,N FESS AVE,,,,39.17166,-86.5258,LOCAL/CITY RD,N,URBAN,N,N,N,,DARK (LIGHTED),BLOWING SAND/SOIL/SNOW,SNOW/SLUSH,,FOUR-WAY INTERSECTION,STRAIGHT/LEVEL,ASPHALT,SPEED TOO FAST FOR WEATHER CONDITIONS,REAR END,FESSAVETENTHST,NONE,2019-11-11 20:45:00,,,
INDIANA UNIV BLOOMINGTON PD,BLOOMINGTON,2,0.0,0.0,0.0,0.0,1315.0,,,E 10TH,,,,,39.17165497,-86.5185969,UNKNOWN,N,URBAN,N,N,N,,DAYLIGHT,SNOW,WET,,NO JUNCTION INVOLVED,STRAIGHT/LEVEL,ASPHALT,UNSAFE LN MOVEMENT,SAME DIRECTION SIDESWIPE,TENTHST,NONE,2019-11-11 15:38:00,,,
INDIANA UNIV BLOOMINGTON PD,BLOOMINGTON,2,0.0,0.0,0.0,0.0,,,,E 3RD,N FESS AVE,,,,39.164448,-86.525792,LOCAL/CITY RD,N,URBAN,N,N,N,,DAYLIGHT,SLEET/HAIL/FREEZING RAIN,WET,,T-INTERSECTION,STRAIGHT/LEVEL,ASPHALT,FOLLOWING TOO CLOSELY,REAR END,3RDSTFESSAVE,NONE,2019-11-11 15:10:00,,,
ISP BLOOMINGTON 33,BLOOMINGTON,1,,0.0,0.0,0.0,,,,E ARL YOUNG,,,1000.0,N,39.22592843,-86.45463833,COUNTY RD,,RURAL,N,N,N,,DARK (NOT LIGHTED),SNOW,SNOW/SLUSH,,NO JUNCTION INVOLVED,,GRAVEL,,RAN OFF RD,,,2019-11-11 20:07:00,,,
ISP BLOOMINGTON 33,BLOOMINGTON,1,,0.0,0.0,0.0,,,,I-69 N,,,634.0,E,39.16823659,-86.57229728,INTERSTATE,,URBAN,N,N,N,,DARK (LIGHTED),SNOW,SNOW/SLUSH,,NO JUNCTION INVOLVED,,ASPHALT,SPEED TOO FAST FOR WEATHER CONDITIONS,RAN OFF RD,,,2019-11-11 18:49:00,,,
BLOOMINGTON PD,BLOOMINGTON,1,0.0,0.0,0.0,1.0,,,,I-69 S,,,300.0,N,0.0,0.0,INTERSTATE,N,RURAL,N,N,N,,DARK (LIGHTED),CLEAR,DRY,,NO JUNCTION INVOLVED,STRAIGHT/LEVEL,ASPHALT,ANIMAL/OBJECT IN RDWAY,COLLISION WITH DEER,I-69S116,NONE,2019-11-11 03:36:00,,,
INDIANA UNIV BLOOMINGTON PD,BLOOMINGTON,1,0.0,1.0,0.0,0.0,,,,N INDIANA,E KIRKWOOD AVE,,,,39.16653,-86.52693,LOCAL/CITY RD,N,URBAN,N,N,N,,DARK (LIGHTED),BLOWING SAND/SOIL/SNOW,SNOW/SLUSH,,T-INTERSECTION,STRAIGHT/LEVEL,ASPHALT,FAILURE TO YIELD RIGHT OF WAY,LEFT TURN,INDIANAAVEKIRKWOODAVE,STOP SIGN,2019-11-11 19:16:00,,,True
MONROE SD,ELLETTSVILLE,1,0.0,1.0,0.0,0.0,,,,N SMITH,W NORWAY CT,,,,0.0,0.0,LOCAL/CITY RD,N,RURAL,N,N,N,,DARK (LIGHTED),SNOW,WET,,T-INTERSECTION,STRAIGHT/LEVEL,ASPHALT,RAN OFF RD RIGHT,RAN OFF RD,NSMITHPKWNORWAYCT,STOP SIGN,2019-11-11 17:33:00,,,
MONROE SD,BLOOMINGTON,1,0.0,0.0,0.0,0.0,,,,N ST RD 37,E WHISNAND RD,,100.0,S,39.21406934,-86.53977,LOCAL/CITY RD,N,RURAL,N,N,N,,DARK (NOT LIGHTED),SNOW,SNOW/SLUSH,,NO JUNCTION INVOLVED,STRAIGHT/LEVEL,ASPHALT,RDWAY SURFACE CONDITION,RAN OFF RD,EWHISNANDRDNBUSINESS37RD,NONE,2019-11-11 20:52:00,,,
BLOOMINGTON PD,BLOOMINGTON,2,0.0,2.0,0.0,0.0,,,,S PATTERSON,W ALLEN ST,,300.0,S,39.12395391,-86.54332,LOCAL/CITY RD,N,URBAN,N,N,N,,DARK (LIGHTED),SNOW,SNOW/SLUSH,,NO JUNCTION INVOLVED,CURVE/LEVEL,ASPHALT,LEFT OF CENTER,HEAD ON BETWEEN TWO MOTOR VEHICLES,SPATTERSONDRWALLENST,NONE,2019-11-11 20:06:00,,,
ISP BLOOMINGTON 33,BLOOMINGTON,2,,0.0,0.0,0.0,,,,ST RD 48,,,,,39.16879181,-86.66287275,ST RD,,RURAL,N,N,N,,DAYLIGHT,SNOW,WET,,NO JUNCTION INVOLVED,,ASPHALT,LEFT OF CENTER,SAME DIRECTION SIDESWIPE,,,2019-11-11 14:55:00,,,
BLOOMINGTON PD,BLOOMINGTON,2,0.0,0.0,0.0,0.0,,,,W BLOOMFIELD,I-69,,,,0.0,0.0,LOCAL/CITY RD,N,URBAN,N,N,N,,DAYLIGHT,CLEAR,ICE,,T-INTERSECTION,STRAIGHT/GRADE,ASPHALT,FOLLOWING TOO CLOSELY,REAR END,ST RD 37RDWBLOOMFIELDRD,TRAFFIC CONTROL SIGNAL,2019-11-12 07:18:00,,,
BLOOMINGTON PD,BLOOMINGTON,2,0.0,0.0,0.0,0.0,,,,ST RD 45,S CURRY PK,,,,39.15519997,-86.56286496,LOCAL/CITY RD,N,URBAN,N,N,N,,DAYLIGHT,CLEAR,ICE,,FOUR-WAY INTERSECTION,STRAIGHT/GRADE,ASPHALT,FOLLOWING TOO CLOSELY,REAR END,SCURRYPKWBLOOMFIELDRD,TRAFFIC CONTROL SIGNAL,2019-11-12 09:27:00,,,
BLOOMINGTON PD,BLOOMINGTON,2,0.0,0.0,0.0,0.0,,,,S LIBERTY,ST RD 48,,500.0,S,39.11173778,-86.57913,LOCAL/CITY RD,N,URBAN,N,N,N,,DAYLIGHT,CLEAR,SNOW/SLUSH,,NO JUNCTION INVOLVED,STRAIGHT/GRADE,ASPHALT,FAILURE TO YIELD RIGHT OF WAY,LEFT TURN,LIBERTYDR3RDST,LN CONTROL,2019-11-12 09:10:00,,,
INDIANA UNIV BLOOMINGTON PD,BLOOMINGTON,2,0.0,0.0,0.0,0.0,,,,E 17TH,N FEE LN,,,,39.179,-86.51898,LOCAL/CITY RD,N,URBAN,N,N,N,,DAWN/DUSK,CLEAR,SNOW/SLUSH,,FOUR-WAY INTERSECTION,STRAIGHT/GRADE,ASPHALT,SPEED TOO FAST FOR WEATHER CONDITIONS,REAR END,EAST17THSTFEELN,TRAFFIC CONTROL SIGNAL,2019-11-12 17:24:00,,,
ELLETTSVILLE PD,ELLETTSVILLE,2,0.0,0.0,0.0,0.0,,,,ST RD 46,N CAPITOL AVE,,,,39.2232,-86.60912,ST RD,N,URBAN,N,N,N,,DAYLIGHT,CLEAR,DRY,,NO JUNCTION INVOLVED,STRAIGHT/LEVEL,ASPHALT,FOLLOWING TOO CLOSELY,REAR END,CAPITOLAVEST RD 46 W,NONE,2019-11-12 11:43:00,,,
BLOOMINGTON PD,BLOOMINGTON,2,0.0,0.0,0.0,0.0,,,,W BLOOMFIELD,S BASSWOOD DR,,100.0,W,39.14978,-86.56888134,LOCAL/CITY RD,N,URBAN,N,N,N,,DAYLIGHT,CLEAR,ICE,,NO JUNCTION INVOLVED,STRAIGHT/GRADE,ASPHALT,SPEED TOO FAST FOR WEATHER CONDITIONS,REAR END,SBASSWOODDRWBLOOMFIELDRD,NONE,2019-11-12 07:37:00,,,
BLOOMINGTON PD,BLOOMINGTON,2,0.0,0.0,0.0,0.0,,,,W BLOOMFIELD,S OAKDALE DR,,100.0,W,39.14977,-86.56889634,LOCAL/CITY RD,N,URBAN,N,N,N,,DAYLIGHT,SNOW,ICE,,FOUR-WAY INTERSECTION,STRAIGHT/LEVEL,ASPHALT,OTHER (DRIVER) - EXPLAIN IN NARRATIVE,REAR END,SOAKDALEDRWBLOOMFIELDRD,TRAFFIC CONTROL SIGNAL,2019-11-12 09:36:00,,,
BLOOMINGTON PD,BLOOMINGTON,2,0.0,0.0,0.0,0.0,,,,W KIRKWOOD,S ROGERS ST,,,,39.166672,-86.538608,LOCAL/CITY RD,N,URBAN,N,N,N,,DAYLIGHT,CLEAR,WET,,FOUR-WAY INTERSECTION,STRAIGHT/LEVEL,ASPHALT,FAILURE TO YIELD RIGHT OF WAY,HEAD ON BETWEEN TWO MOTOR VEHICLES,SOUTHROGERSSTWESTKIRKWOODAVE,NONE,2019-11-12 14:05:00,,,
ISP BLOOMINGTON 33,BLOOMINGTON,2,,0.0,0.0,0.0,,,,S VICTOR,ST RD 37,,0.0,S,39.105504,-86.551442,ST RD,,RURAL,N,Y,N,,DAYLIGHT,CLEAR,ICE,,FOUR-WAY INTERSECTION,,ASPHALT,DISREGARD SIGNAL/REG SIGN,REAR END,,,2019-11-12 08:15:00,,,
ISP BLOOMINGTON 33,BLOOMINGTON,2,,1.0,0.0,0.0,,,,ST RD 37,S VICTOR PK,,0.0,S,39.105504,-86.551442,ST RD,,RURAL,N,N,N,,DAYLIGHT,CLEAR,ICE,,FOUR-WAY INTERSECTION,,ASPHALT,DISREGARD SIGNAL/REG SIGN,RIGHT ANGLE,,,2019-11-12 12:07:00,,,
MONROE SD,BLOOMINGTON,3,0.0,0.0,0.0,0.0,,,,S ADAMS,W ALLEN ST,,,,39.15586,-86.55055,LOCAL/CITY RD,N,URBAN,N,N,N,,DAYLIGHT,CLEAR,ICE,,FOUR-WAY INTERSECTION,STRAIGHT/GRADE,ASPHALT,SPEED TOO FAST FOR WEATHER CONDITIONS,REAR END,SADAMSSTWALLENST,STOP SIGN,2019-11-12 08:08:00,,,
MONROE SD,BLOOMINGTON,2,0.0,0.0,0.0,0.0,,,,S ADAMS,W ALLEN ST,,,,39.15586,-86.55055,LOCAL/CITY RD,N,URBAN,N,N,N,,DAYLIGHT,CLEAR,ICE,,NO JUNCTION INVOLVED,STRAIGHT/GRADE,ASPHALT,SPEED TOO FAST FOR WEATHER CONDITIONS,REAR END,SADAMSSSTWALLENST,STOP SIGN,2019-11-12 08:10:00,,,
BLOOMINGTON PD,BLOOMINGTON,2,0.0,0.0,0.0,0.0,,,,E MORNINGSIDE,S SMITH RD,,,,39.166432,-86.4812,LOCAL/CITY RD,N,URBAN,N,N,N,,DAYLIGHT,CLEAR,ICE,,FOUR-WAY INTERSECTION,STRAIGHT/GRADE,ASPHALT,RDWAY SURFACE CONDITION,RIGHT ANGLE,EMORNINGSIDEDRSSMITHRD,STOP SIGN,2019-11-12 09:33:00,,,
MONROE SD,BLOOMINGTON,1,0.0,0.0,0.0,0.0,,114,1,I-69 S,,,,,0.0,0.0,INTERSTATE,N,URBAN,N,Y,N,,DAYLIGHT,CLEAR,ICE,,RAMP,CURVE/GRADE,ASPHALT,SPEED TOO FAST FOR WEATHER CONDITIONS,RAN OFF RD,I-69S,LN CONTROL,2019-11-12 09:00:00,,,
MONROE SD,ELLETTSVILLE,1,0.0,0.0,0.0,1.0,,,,N LAKEVIEW,,,1200.0,N,39.22443111,-86.60527032,LOCAL/CITY RD,N,URBAN,N,N,N,,DARK (NOT LIGHTED),CLEAR,DRY,,NO JUNCTION INVOLVED,STRAIGHT/HILLCREST,ASPHALT,ANIMAL/OBJECT IN RDWAY,COLLISION WITH DEER,LAKEVIEWDRST RD 46 W,NONE,2019-11-12 23:06:00,,,
MONROE SD,BLOOMINGTON,1,0.0,0.0,0.0,0.0,,,,N MT GILEAD,,,1900.0,N,39.19344,-86.436288,LOCAL/CITY RD,N,RURAL,N,N,N,,DARK (NOT LIGHTED),SNOW,ICE,,NO JUNCTION INVOLVED,CURVE/GRADE,ASPHALT,RDWAY SURFACE CONDITION,RAN OFF RD,GETTYSCREEKRDMTGILEADRD,NONE,2019-11-12 02:30:00,,,
BLOOMINGTON PD,BLOOMINGTON,2,0.0,1.0,0.0,0.0,,,,N ROGERS,W 8TH ST,,,,39.169584,-86.538576,LOCAL/CITY RD,N,URBAN,N,N,N,,DAYLIGHT,CLEAR,SNOW/SLUSH,,FOUR-WAY INTERSECTION,STRAIGHT/LEVEL,ASPHALT,FAILURE TO YIELD RIGHT OF WAY,RIGHT ANGLE,8THSTROGERSST,STOP SIGN,2019-11-12 09:06:00,,,
MONROE SD,BLOOMINGTON,1,0.0,0.0,0.0,0.0,,,,N UNION VALLEY,,,500.0,S,39.18452938,-86.59278,LOCAL/CITY RD,N,RURAL,N,N,N,,DARK (NOT LIGHTED),SLEET/HAIL/FREEZING RAIN,SNOW/SLUSH,,T-INTERSECTION,STRAIGHT/HILLCREST,ASPHALT,OTHER (DRIVER) - EXPLAIN IN NARRATIVE,COLLISION WITH OBJECT IN RD,MCNEELYSTNUNIONVALLEYRD,NONE,2019-11-12 04:19:00,,,
BLOOMINGTON PD,BLOOMINGTON,2,0.0,0.0,0.0,0.0,,,,N WALNUT,,,,,39.186368,-86.5344,LOCAL/CITY RD,N,URBAN,N,N,N,,DARK (LIGHTED),CLEAR,DRY,,FOUR-WAY INTERSECTION,STRAIGHT/LEVEL,ASPHALT,FAILURE TO YIELD RIGHT OF WAY,RIGHT ANGLE,NWALNUTSTST RD 45E,TRAFFIC CONTROL SIGNAL,2019-11-12 17:51:00,,,
INDIANA UNIV BLOOMINGTON PD,BLOOMINGTON,2,0.0,0.0,0.0,0.0,,,,N WOODLAWN,E 7TH ST,,,,39.16849,-86.52349,LOCAL/CITY RD,N,URBAN,N,N,N,,DARK (LIGHTED),CLEAR,WET,,T-INTERSECTION,STRAIGHT/LEVEL,ASPHALT,FAILURE TO YIELD RIGHT OF WAY,LEFT TURN,E7THSTWOODLAWNAVE,STOP SIGN,2019-11-12 18:20:00,,,
MONROE SD,BLOOMINGTON,1,0.0,1.0,0.0,0.0,,,,ST RD 45,N MT GILEAD RD,,3000.0,N,39.40341852,-86.67539503,LOCAL/CITY RD,N,RURAL,N,N,N,,DAYLIGHT,CLOUDY,SNOW/SLUSH,,T-INTERSECTION,CURVE/HILLCREST,ASPHALT,SPEED TOO FAST FOR WEATHER CONDITIONS,RAN OFF RD,NMTGILEADRDWSTATE45RD,NONE,2019-11-12 11:23:00,,,
BLOOMINGTON PD,BLOOMINGTON,3,0.0,1.0,0.0,0.0,,,,W COUNTRY CLUB,S BANTA AVE,,,,39.13625,-86.54483,LOCAL/CITY RD,N,URBAN,N,N,N,,DAYLIGHT,CLEAR,SNOW/SLUSH,,T-INTERSECTION,STRAIGHT/LEVEL,ASPHALT,FOLLOWING TOO CLOSELY,REAR END,SBANTAAVEWCOUNTRYCLUBDR,NONE,2019-11-12 10:58:00,,,
MONROE SD,BLOOMINGTON,2,0.0,0.0,0.0,0.0,,,,W DILLMAN,S WALNUT ST,,,,39.092944,-86.544,COUNTY RD,N,URBAN,N,N,N,,DAYLIGHT,CLEAR,ICE,,FOUR-WAY INTERSECTION,STRAIGHT/HILLCREST,ASPHALT,RDWAY SURFACE CONDITION,LEFT/RIGHT TURN,DILLMANRDOLDSTATERD37RD,FLASHING OVERHEAD BEACON,2019-11-12 08:03:00,,,
BLOOMINGTON PD,BLOOMINGTON,2,0.0,0.0,0.0,0.0,,,,W RAPPEL,,,,,0.0,0.0,LOCAL/CITY RD,N,URBAN,N,Y,N,,DAYLIGHT,CLEAR,DRY,,FOUR-WAY INTERSECTION,CURVE/LEVEL,ASPHALT,DRIVER DISTRACTED - EXPLAIN IN NARRATIVE,HEAD ON BETWEEN TWO MOTOR VEHICLES,ST RD 45EWRAPPELAVE,NONE,2019-11-12 13:25:00,,,
BLOOMINGTON PD,BLOOMINGTON,1,0.0,1.0,0.0,0.0,,,,E 3RD,S COLLEGE MALL RD,,,,39.16424,-86.4984,LOCAL/CITY RD,N,URBAN,N,N,N,,DAYLIGHT,CLEAR,DRY,,FOUR-WAY INTERSECTION,STRAIGHT/LEVEL,ASPHALT,FAILURE TO YIELD RIGHT OF WAY,LEFT TURN,E 3RDSTSCOLLEGEMALLRD,TRAFFIC CONTROL SIGNAL,2019-11-13 13:45:00,,,True
INDIANA UNIV BLOOMINGTON PD,BLOOMINGTON,2,0.0,0.0,0.0,0.0,,,,E 3RD,S INDIANA AVE,,157.0,E,39.164448,-86.52624609,LOCAL/CITY RD,N,URBAN,N,N,N,,DAYLIGHT,CLEAR,DRY,,NO JUNCTION INVOLVED,STRAIGHT/LEVEL,ASPHALT,UNSAFE LN MOVEMENT,SAME DIRECTION SIDESWIPE,3RDSTINDIANAAVE,LN CONTROL,2019-11-13 14:35:00,,,
MONROE SD,BLOOMINGTON,2,0.0,0.0,0.0,0.0,,,,I-69 N,,,50.0,S,0.0,0.0,INTERSTATE,N,RURAL,N,Y,N,,DAYLIGHT,CLEAR,DRY,,NO JUNCTION INVOLVED,STRAIGHT/LEVEL,ASPHALT,UNSAFE LN MOVEMENT,SAME DIRECTION SIDESWIPE,I-69 N130,LN CONTROL,2019-11-13 12:40:00,,,
MONROE SD,ELLETTSVILLE,1,0.0,0.0,0.0,0.0,,,,N BOTTOM,N DENNY RD,,1800.0,S,39.282496,-86.555552,LOCAL/CITY RD,Y,RURAL,N,N,N,,DAYLIGHT,CLEAR,SNOW/SLUSH,,Y-INTERSECTION,CURVE/LEVEL,ASPHALT,SPEED TOO FAST FOR WEATHER CONDITIONS,RAN OFF RD,DENNYRDNBOTTOMRD,NONE,2019-11-13 13:42:00,,,
BLOOMINGTON PD,BLOOMINGTON,2,0.0,0.0,0.0,0.0,,,,N MONROE,W 12TH ST,,100.0,S,39.174352,-86.547104,LOCAL/CITY RD,Y,URBAN,N,N,N,,DAYLIGHT,CLEAR,DRY,,FOUR-WAY INTERSECTION,STRAIGHT/LEVEL,ASPHALT,UNSAFE LN MOVEMENT,SAME DIRECTION SIDESWIPE,NMONROESTW12THST,NONE,2019-11-13 16:38:00,,,
BLOOMINGTON PD,BLOOMINGTON,2,0.0,0.0,0.0,0.0,,,,N MORTON,W 6TH ST,,,,39.167664,-86.536,LOCAL/CITY RD,N,URBAN,N,N,N,,DAYLIGHT,CLEAR,DRY,,FOUR-WAY INTERSECTION,STRAIGHT/GRADE,ASPHALT,UNSAFE BACKING,BACKING CRASH,NMORTONSTW6THST,STOP SIGN,2019-11-13 16:43:00,,,
INDIANA UNIV BLOOMINGTON PD,BLOOMINGTON,2,0.0,0.0,0.0,0.0,,,,N WALNUT GROVE,E COTTAGE GROVE AVE,,,,39.17264,-86.520928,LOCAL/CITY RD,N,URBAN,N,N,N,,DAYLIGHT,CLEAR,DRY,,NO JUNCTION INVOLVED,STRAIGHT/LEVEL,ASPHALT,IMPROPER TURNING,SAME DIRECTION SIDESWIPE,ECOTTAGEGROVEAVENWALNUTGROVEST,NONE,2019-11-13 14:45:00,,,
ISP BLOOMINGTON 33,BLOOMINGTON,2,,0.0,0.0,0.0,,,,W ALEXANDER,ENTRANCE TO WHITEHALL CROSSING,,375.0,W,39.16879805,-86.57440282,,,URBAN,N,N,N,,DAYLIGHT,CLEAR,DRY,,FOUR-WAY INTERSECTION,,ASPHALT,FAILURE TO YIELD RIGHT OF WAY,REAR END,,,2019-11-13 11:55:00,,,
BLOOMINGTON PD,BLOOMINGTON,2,0.0,0.0,0.0,0.0,,,,W TAPP,S DEBORAH DR,,,,39.13666,-86.56784,LOCAL/CITY RD,N,URBAN,N,N,N,,DAYLIGHT,CLEAR,DRY,,FOUR-WAY INTERSECTION,STRAIGHT/LEVEL,ASPHALT,FAILURE TO YIELD RIGHT OF WAY,LEFT TURN,SDEBORAHRDWTAPPRD,STOP SIGN,2019-11-13 18:00:00,,,
BLOOMINGTON PD,BLOOMINGTON,2,0.0,1.0,0.0,0.0,,,,S LIBERTY,ST RD 48,,,,39.16461,-86.57913,LOCAL/CITY RD,N,URBAN,N,N,N,,DAYLIGHT,CLEAR,DRY,,T-INTERSECTION,STRAIGHT/LEVEL,ASPHALT,FOLLOWING TOO CLOSELY,REAR END,SLIBERTYDRW 3RDST,TRAFFIC CONTROL SIGNAL,2019-11-14 08:05:00,,,