Agency,City,Vehicles Involved,Trailers Involved,Number Injured,Number Dead,Number Deer,House Number,Roadway Interchange,Roadway Ramp,Roadway Id,Intersecting Road,Interchange,Feet From,Direction,Latitude,Longitude,Roadway Class,Hit and Run?,Locality,School Zone?,Rumble Strips?,Construction?,Construction Type,Light Condition,Weather Conditions,Surface Condition,Type of Median,Roadway Junction Type,Road Character,Roadway Surface,Primary Factor,Manner of Collision,Unique Location Id,Traffic Control,DateTime,Address Number,Cyclist Involved,Pedestrian Involved
MONROE SD,BLOOMINGTON,1,0.0,0.0,0.0,1.0,,,,ST RD 45,W HINDS RD,,1000.0,E,39.10133773,-86.64986539,ST RD,N,RURAL,N,N,N,,DARK (NOT LIGHTED),CLEAR,DRY,,NO JUNCTION INVOLVED,CURVE/LEVEL,ASPHALT,ANIMAL/OBJECT IN RDWAY,COLLISION WITH DEER,ST RD 45 WWESTHINDSRD,NONE,2019-11-19 06:58:00,,,
BLOOMINGTON PD,BLOOMINGTON,2,0.0,0.0,0.0,0.0,,,,W BLOOMFIELD,S OAKDALE DR,,,,39.14977,-86.568905,LOCAL/CITY RD,N,URBAN,N,N,N,,DAYLIGHT,CLOUDY,DRY,,FOUR-WAY INTERSECTION,STRAIGHT/LEVEL,ASPHALT,FAILURE TO YIELD RIGHT OF WAY,SAME DIRECTION SIDESWIPE,SOAKDALEDRWBLOOMFIELDRD,LN CONTROL,2019-11-19 08:29:00,,,
MONROE SD,BLOOMINGTON,1,0.0,0.0,0.0,0.0,,,,E POINTE,S FAIRFAX RD,,,,39.03248,-86.49009,LOCAL/CITY RD,N,RURAL,N,N,N,,DAWN/DUSK,RAIN,WET,,T-INTERSECTION,STRAIGHT/LEVEL,ASPHALT,SPEED TOO FAST FOR WEATHER CONDITIONS,RAN OFF RD,EPOINTERDSFAIRFAXRD,NONE,2019-11-19 17:12:00,,,
INDIANA UNIV BLOOMINGTON PD,BLOOMINGTON,2,0.0,0.0,0.0,0.0,,,,S BALLANTINE,E 3RD ST,,,,39.16427,-86.51913,LOCAL/CITY RD,N,URBAN,N,N,N,,DAYLIGHT,RAIN,WET,,FOUR-WAY INTERSECTION,STRAIGHT/GRADE,ASPHALT,UNSAFE LN MOVEMENT,SAME DIRECTION SIDESWIPE,BALLANTINERD3RDST,NONE,2019-11-19 15:29:00,,,
ISP BLOOMINGTON 33,BLOOMINGTON,2,,0.0,0.0,0.0,,,,S ST RD 37,,,500.0,S,39.08445975,-86.54293246,COUNTY RD,,RURAL,N,N,N,,DAYLIGHT,RAIN,WET,,NO JUNCTION INVOLVED,,ASPHALT,LEFT OF CENTER,HEAD ON BETWEEN TWO MOTOR VEHICLES,,,2019-11-19 14:30:00,,,
BLOOMINGTON PD,BLOOMINGTON,2,0.0,0.0,0.0,0.0,,,,S WALNUT,E S DR,,300.0,S,39.142048,-86.531088,LOCAL/CITY RD,N,URBAN,N,N,N,,DAYLIGHT,RAIN,WET,,NO JUNCTION INVOLVED,STRAIGHT/LEVEL,ASPHALT,FAILURE TO YIELD RIGHT OF WAY,LEFT TURN,ESOUTHDRSWALNUTST,NONE,2019-11-19 15:10:00,,,
ISP BLOOMINGTON 33,HARRODSBURG,1,,0.0,0.0,1.0,,,,ST RD 37,,,2640.0,S,39.0164173,-86.53722191,ST RD,,RURAL,N,N,N,,DARK (NOT LIGHTED),RAIN,WET,,NO JUNCTION INVOLVED,,ASPHALT,ANIMAL/OBJECT IN RDWAY,COLLISION WITH DEER,,,2019-11-19 20:20:00,,,
DNR LAW ENFORCEMENT,BLOOMINGTON,1,0.0,0.0,0.0,1.0,,,,ST RD 46,N GETTYS CREEK RD,,90.0,E,39.16280741,-86.41412291,ST RD,N,RURAL,N,N,N,,DARK (NOT LIGHTED),RAIN,WET,,NO JUNCTION INVOLVED,STRAIGHT/LEVEL,ASPHALT,ANIMAL/OBJECT IN RDWAY,COLLISION WITH DEER,GETTYSCREEKRDST RD 46E,LN CONTROL,2019-11-19 18:02:00,,,
BLOOMINGTON PD,BLOOMINGTON,2,0.0,0.0,0.0,0.0,,,,W 2ND,S ADAMS ST,,,,39.16038,-86.55083,LOCAL/CITY RD,N,URBAN,N,N,N,,DAYLIGHT,RAIN,WET,,FOUR-WAY INTERSECTION,STRAIGHT/LEVEL,ASPHALT,FAILURE TO YIELD RIGHT OF WAY,RIGHT ANGLE,SADAMSSTW 2NDST,TRAFFIC CONTROL SIGNAL,2019-11-19 17:05:00,,,
ELLETTSVILLE PD,ELLETTSVILLE,2,0.0,0.0,0.0,0.0,,,,W TECUMSEH,W IROQUIOS DR,,500.0,W,39.22266,-86.62777668,LOCAL/CITY RD,N,URBAN,N,N,N,,DAYLIGHT,RAIN,WET,,NO JUNCTION INVOLVED,STRAIGHT/LEVEL,ASPHALT,UNSAFE BACKING,BACKING CRASH,WIROQUIOSDRWTECUMSEHDR,NONE,2019-11-19 14:40:00,,,
BLOOMINGTON PD,BLOOMINGTON,2,0.0,0.0,0.0,0.0,,,,ST RD 48,S LIBERTY DR,,,,39.16461,-86.57913,COUNTY RD,N,URBAN,N,N,N,,DAWN/DUSK,CLEAR,DRY,,FOUR-WAY INTERSECTION,STRAIGHT/LEVEL,ASPHALT,FOLLOWING TOO CLOSELY,REAR END,SLIBERTYDRW 3RDST,TRAFFIC CONTROL SIGNAL,2019-11-20 16:50:00,,,
MONROE SD,BLOOMINGTON,2,0.0,0.0,0.0,0.0,,,,S FAIRFAX,S WALNUT ST,,,,39.107248,-86.531392,LOCAL/CITY RD,N,RURAL,N,N,N,,DARK (LIGHTED),CLEAR,DRY,,FOUR-WAY INTERSECTION,STRAIGHT/GRADE,ASPHALT,FAILURE TO YIELD RIGHT OF WAY,RIGHT ANGLE,CHURCHLNSOLDST RD 37RD,TRAFFIC CONTROL SIGNAL,2019-11-20 19:48:00,,,
ISP BLOOMINGTON 33,BLOOMINGTON,2,,0.0,0.0,0.0,,103,A,I-69 N,ST RD 45/46,Y,422.0,E,39.18691628,-86.55044777,INTERSTATE,,URBAN,N,Y,Y,LN CLOSURE,DARK (LIGHTED),CLEAR,WET,,RAMP,,CONCRETE,UNSAFE SPEED,REAR END,,,2019-11-20 22:45:00,,,
MONROE SD,BLOOMINGTON,3,0.0,0.0,0.0,0.0,,ST RD 37,N,ST RD 46,I-69,Y,,,0.0,0.0,ST RD,N,RURAL,N,N,Y,WORK ON SHOULDER,DARK (LIGHTED),CLOUDY,DRY,,INTERCHANGE,STRAIGHT/GRADE,ASPHALT,FOLLOWING TOO CLOSELY,REAR END,ST RD 46 W,NONE,2019-11-20 17:28:00,,,
BLOOMINGTON PD,BLOOMINGTON,2,0.0,0.0,0.0,0.0,,,,E KIRKWOOD,S GRANT ST,,50.0,E,39.16664,-86.529696,LOCAL/CITY RD,Y,URBAN,N,Y,N,,DARK (LIGHTED),CLEAR,DRY,,NO JUNCTION INVOLVED,STRAIGHT/LEVEL,ASPHALT,UNSAFE BACKING,BACKING CRASH,EKIRKWOODAVESGRANTST,NONE,2019-11-20 17:40:00,,,
OWEN SD,STINESVILLE,2,0.0,0.0,0.0,0.0,,,,N COUNTY LINE ,N TEXAS RIDGE RD,,1500.0,S,0.0,0.0,COUNTY RD,N,RURAL,N,N,N,,DARK (NOT LIGHTED),CLEAR,WET,,NO JUNCTION INVOLVED,STRAIGHT/GRADE,ASPHALT,LEFT OF CENTER,OPPOSITE DIRECTION SIDESWIPE,NCOUNTYLINEWESTRDNTEXASRIDGERD,NONE,2019-11-20 21:30:00,,,
BLOOMINGTON PD,BLOOMINGTON,2,0.0,0.0,0.0,0.0,,,,N LINCOLN,E 20TH ST,,,,39.181744,-86.530192,LOCAL/CITY RD,Y,URBAN,N,N,N,,DARK (NOT LIGHTED),CLEAR,WET,,FOUR-WAY INTERSECTION,STRAIGHT/GRADE,ASPHALT,SPEED TOO FAST FOR WEATHER CONDITIONS,RIGHT ANGLE,E20THSTNLINCOLNST,STOP SIGN,2019-11-20 00:43:00,,,
MONROE SD,ELLETTSVILLE,2,0.0,0.0,0.0,0.0,,,,N STARNES,W RATLIFF RD,,,,39.21687,-86.65872,LOCAL/CITY RD,N,RURAL,N,N,N,,DAYLIGHT,FOG/SMOKE/SMOG,WET,,FOUR-WAY INTERSECTION,STRAIGHT/LEVEL,ASPHALT,DISREGARD SIGNAL/REG SIGN,RIGHT ANGLE,RATLIFFRDSTARNESRD,STOP SIGN,2019-11-20 08:37:00,,,
BLOOMINGTON PD,BLOOMINGTON,2,0.0,1.0,0.0,0.0,1606.0,,,S ROGERS,W HILLSIDE DR,,700.0,S,39.07649636,-86.51386695,LOCAL/CITY RD,N,URBAN,N,N,Y,LN CLOSURE,DARK (NOT LIGHTED),CLEAR,WET,,NO JUNCTION INVOLVED,STRAIGHT/LEVEL,ASPHALT,DISREGARD SIGNAL/REG SIGN,RIGHT ANGLE,1606SROGERSSTWHILLSIDEDR,OTHER REGULATORY SIGN/MARKING,2019-11-20 05:38:00,,,
ELLETTSVILLE PD,ELLETTSVILLE,1,0.0,0.0,0.0,0.0,,,,ST RD 46,N CONSTABLE DR,,,,39.237248,-86.62768,LOCAL/CITY RD,N,URBAN,N,N,N,,DARK (LIGHTED),CLOUDY,WET,,T-INTERSECTION,CURVE/LEVEL,ASPHALT,SPEED TOO FAST FOR WEATHER CONDITIONS,RAN OFF RD,NCONSTABLEDRW MAINST,NONE,2019-11-20 06:32:00,,,
MONROE SD,BLOOMINGTON,2,0.0,0.0,0.0,1.0,,,,ST RD 46,N GETTYS CREEK RD,,1000.0,E,39.16122107,-86.41182059,ST RD,N,RURAL,N,N,N,,DARK (NOT LIGHTED),CLOUDY,DRY,,NO JUNCTION INVOLVED,STRAIGHT/LEVEL,ASPHALT,ANIMAL/OBJECT IN RDWAY,COLLISION WITH DEER,NGETTYSCREEKRDST RD 46E,NONE,2019-11-20 18:06:00,,,
BLOOMINGTON PD,BLOOMINGTON,2,0.0,0.0,0.0,0.0,,,,ST RD 46,E 3RD ST,,,,39.16424,-86.4984,LOCAL/CITY RD,Y,,N,N,N,,DAWN/DUSK,RAIN,WET,,FOUR-WAY INTERSECTION,STRAIGHT/GRADE,ASPHALT,IMPROPER TURNING,SAME DIRECTION SIDESWIPE,E 3RDSTSCOLLEGEMALLRD,TRAFFIC CONTROL SIGNAL,2019-11-21 16:45:00,,,
INDIANA UNIV BLOOMINGTON PD,BLOOMINGTON,3,0.0,0.0,0.0,0.0,,,,E 3RD,S FESS AVE,,298.0,E,39.16429,-86.52589578,LOCAL/CITY RD,N,URBAN,N,N,N,,DAYLIGHT,RAIN,WET,,NO JUNCTION INVOLVED,STRAIGHT/LEVEL,ASPHALT,FOLLOWING TOO CLOSELY,REAR END,FESSAVE 3RDST,NONE,2019-11-21 15:50:00,,,
MONROE SD,ELLETTSVILLE,2,0.0,0.0,0.0,0.0,,,,ST RD 46,N CENTENNIAL DR,,,,39.210144,-86.5832,ST RD,Y,URBAN,N,N,N,,DAYLIGHT,RAIN,WET,,FOUR-WAY INTERSECTION,STRAIGHT/GRADE,ASPHALT,SPEED TOO FAST FOR WEATHER CONDITIONS,RIGHT ANGLE,SMITHPKST RD 46 W,TRAFFIC CONTROL SIGNAL,2019-11-21 14:40:00,,,
BLOOMINGTON PD,BLOOMINGTON,1,0.0,0.0,0.0,0.0,,,,E 3RD,S GRANT ST,,,,39.16464,-86.529728,LOCAL/CITY RD,N,URBAN,N,N,N,,DAYLIGHT,RAIN,WET,,FOUR-WAY INTERSECTION,STRAIGHT/GRADE,ASPHALT,RDWAY SURFACE CONDITION,RAN OFF RD,E 3RDSTSGRANTST,STOP SIGN,2019-11-21 11:10:00,,,
ISP BLOOMINGTON 33,BLOOMINGTON,1,,0.0,0.0,0.0,,123,C,I-69 S,N ST RD 37,Y,792.0,N,39.23416908,-86.54138937,INTERSTATE,,RURAL,N,N,N,,DARK (NOT LIGHTED),CLOUDY,WET,,RAMP,,ASPHALT,,RAN OFF RD,,,2019-11-21 18:25:00,,,
INDIANA UNIV BLOOMINGTON PD,BLOOMINGTON,2,0.0,0.0,0.0,0.0,,,,S EAGLESON AVE,E JONES AVE,,,,39.1654,-86.51637,LOCAL/CITY RD,N,URBAN,N,N,N,,DAYLIGHT,CLOUDY,WET,,T-INTERSECTION,STRAIGHT/LEVEL,ASPHALT,FOLLOWING TOO CLOSELY,REAR END,JONESAVEEAGLESON AVEAVE,NONE,2019-11-21 14:25:00,,,
BLOOMINGTON PD,BLOOMINGTON,2,0.0,0.0,0.0,0.0,,,,S COLLEGE MALL,EASTLAND PLAZA DR,,,,0.0,0.0,LOCAL/CITY RD,Y,URBAN,N,N,N,,DARK (LIGHTED),RAIN,WET,,FOUR-WAY INTERSECTION,STRAIGHT/LEVEL,ASPHALT,FAILURE TO YIELD RIGHT OF WAY,SAME DIRECTION SIDESWIPE,EASTLANDPLAZADRSCOLLEGEMALLRD,TRAFFIC CONTROL SIGNAL,2019-11-21 20:51:00,,,
INDIANA UNIV BLOOMINGTON PD,BLOOMINGTON,2,0.0,0.0,0.0,0.0,,,,E ATWATER,S BALLENTINE RD,,75.0,N,39.17100052,-86.51913,LOCAL/CITY RD,N,URBAN,N,N,N,,DAYLIGHT,RAIN,WET,,NO JUNCTION INVOLVED,STRAIGHT/LEVEL,ASPHALT,FOLLOWING TOO CLOSELY,RIGHT ANGLE,ATWATERAVEBALLENTINERD,NONE,2019-11-21 16:32:00,,,
BLOOMINGTON PD,BLOOMINGTON,2,0.0,0.0,0.0,0.0,,,,N MORTON,W 7TH ST,,,,39.168672,-86.536,LOCAL/CITY RD,N,URBAN,N,N,N,,DARK (LIGHTED),RAIN,WET,,FOUR-WAY INTERSECTION,STRAIGHT/LEVEL,ASPHALT,FAILURE TO YIELD RIGHT OF WAY,RIGHT ANGLE,NMORTONSTW7THST,STOP SIGN,2019-11-21 17:35:00,,,
ISP BLOOMINGTON 33,BLOOMINGTON,2,,0.0,0.0,0.0,,,,N WALNUT,N FRITZ DR,,100.0,S,39.19127162,-86.53311021,LOCAL/CITY RD,,URBAN,N,N,N,,DARK (NOT LIGHTED),CLOUDY,WET,,NO JUNCTION INVOLVED,,ASPHALT,FAILURE TO YIELD RIGHT OF WAY,REAR END,,,2019-11-21 17:20:00,,,
INDIANA UNIV BLOOMINGTON PD,BLOOMINGTON,2,0.0,0.0,0.0,0.0,,,,S HIGHLAND,E ATWATER AVE,,,,39.16306,-86.51773,LOCAL/CITY RD,N,URBAN,N,N,N,,DAYLIGHT,RAIN,WET,,FOUR-WAY INTERSECTION,STRAIGHT/GRADE,ASPHALT,FAILURE TO YIELD RIGHT OF WAY,RIGHT ANGLE,ATWATERAVEHIGHLANDAVE,STOP SIGN,2019-11-21 14:15:00,,,
BLOOMINGTON PD,BLOOMINGTON,2,0.0,0.0,0.0,0.0,,,,ST RD 45/46,N DUNN ST,,,,39.186352,-86.528496,ST RD,Y,URBAN,N,N,Y,LN CLOSURE,DAYLIGHT,CLEAR,DRY,,FOUR-WAY INTERSECTION,STRAIGHT/LEVEL,ASPHALT,UNSAFE LN MOVEMENT,SAME DIRECTION SIDESWIPE,DUNNSTST RD 46E,LN CONTROL,2019-11-22 11:42:00,,,
BLOOMINGTON PD,BLOOMINGTON,2,0.0,0.0,0.0,0.0,,,,S WALNUT,W COUNTRY CLUB DR,,,,39.13597,-86.53111,LOCAL/CITY RD,N,URBAN,N,N,N,,DAYLIGHT,CLOUDY,DRY,,FOUR-WAY INTERSECTION,STRAIGHT/GRADE,ASPHALT,OTHER (DRIVER) - EXPLAIN IN NARRATIVE,REAR END,SWALNUTSTWCOUNTRYCLUBDR,TRAFFIC CONTROL SIGNAL,2019-11-22 13:10:00,,,
MONROE SD,BLOOMINGTON,2,0.0,0.0,0.0,0.0,,,,N CURRY,W PROFILE PKWY,,1000.0,N,39.27768154,-86.59039117,COUNTY RD,N,RURAL,N,N,N,,DAYLIGHT,CLEAR,DRY,,NO JUNCTION INVOLVED,STRAIGHT/LEVEL,ASPHALT,FAILURE TO YIELD RIGHT OF WAY,SAME DIRECTION SIDESWIPE,CURRYPKPROFILEPKWY,NONE,2019-11-22 15:27:00,,,
BLOOMINGTON PD,BLOOMINGTON,2,0.0,2.0,0.0,0.0,,,,W BLOOMFIELD,S OAKDALE DR,,,,39.14977,-86.568905,LOCAL/CITY RD,N,URBAN,N,N,N,,DAYLIGHT,CLOUDY,DRY,,FOUR-WAY INTERSECTION,STRAIGHT/LEVEL,ASPHALT,BRAKE FAILURE OR DEFECTIVE,REAR END,SOAKDALEDRWBLOOMFIELDRD,TRAFFIC CONTROL SIGNAL,2019-11-22 06:55:00,,,
BLOOMINGTON PD,BLOOMINGTON,2,0.0,0.0,0.0,0.0,,,,E 17TH,N WALNUT ST,,50.0,E,39.178944,-86.533392,LOCAL/CITY RD,N,URBAN,N,N,N,,DAYLIGHT,CLEAR,DRY,,T-INTERSECTION,STRAIGHT/GRADE,ASPHALT,FAILURE TO YIELD RIGHT OF WAY,RIGHT ANGLE,E17THSTNWALNUTST,NONE,2019-11-22 15:00:00,,,
BLOOMINGTON PD,BLOOMINGTON,2,0.0,1.0,0.0,0.0,,,,E 3RD,ENTRANCE TO EASTLAND PLAZA,,800.0,W,39.16424,-86.4984,LOCAL/CITY RD,N,URBAN,N,N,N,,DAYLIGHT,CLEAR,DRY,,T-INTERSECTION,STRAIGHT/GRADE,ASPHALT,FAILURE TO YIELD RIGHT OF WAY,RIGHT ANGLE,E 3RDSTSCOLLEGEMALLRD,NONE,2019-11-22 15:21:00,,,
MONROE SD,BLOOMINGTON,1,0.0,0.0,0.0,0.0,,,,N ST RD 37,E WHISNAND RD,,500.0,N,0.0,0.0,LOCAL/CITY RD,N,RURAL,N,N,N,,DAYLIGHT,CLEAR,DRY,NONE,NO JUNCTION INVOLVED,STRAIGHT/LEVEL,ASPHALT,DRIVER ILLNESS,RAN OFF RD,STATERD37BUSINESSRDWHISNANDRD,LN CONTROL,2019-11-22 16:51:00,,,
MONROE SD,BLOOMINGTON,2,0.0,0.0,0.0,0.0,,,,S FAIRFAX,,,1200.0,S,39.08935192,-86.5164287,COUNTY RD,N,RURAL,N,N,N,,DARK (NOT LIGHTED),CLEAR,DRY,,NO JUNCTION INVOLVED,STRAIGHT/GRADE,ASPHALT,FOLLOWING TOO CLOSELY,REAR END,DILLMANRDFAIRFAXRD,NONE,2019-11-22 18:19:00,,,
MONROE SD,BLOOMINGTON,2,0.0,0.0,0.0,0.0,,,,S FAIRFAX,,,1000.0,N,39.19189317,-86.51704,LOCAL/CITY RD,N,RURAL,N,N,N,,DAYLIGHT,CLEAR,DRY,,NO JUNCTION INVOLVED,STRAIGHT/LEVEL,ASPHALT,LEFT OF CENTER,OPPOSITE DIRECTION SIDESWIPE,EALEXISWAYSFAIRFAXRD,NONE,2019-11-22 17:44:00,,,
BLOOMINGTON PD,BLOOMINGTON,2,0.0,0.0,0.0,0.0,,,,S HENDERSON,E N DR,,,,39.14455,-86.52697,LOCAL/CITY RD,N,URBAN,Y,N,N,,DAYLIGHT,CLEAR,DRY,,FOUR-WAY INTERSECTION,STRAIGHT/LEVEL,ASPHALT,FAILURE TO YIELD RIGHT OF WAY,LEFT TURN,ENORTHDRSHENDERSONST,STOP SIGN,2019-11-22 15:09:00,,,
BLOOMINGTON PD,BLOOMINGTON,2,0.0,1.0,0.0,0.0,,,,S LIBERTY,W CONSTITUTION AVE,,200.0,S,39.13005835,-86.57687,LOCAL/CITY RD,N,URBAN,N,N,N,,DAYLIGHT,CLEAR,DRY,,NO JUNCTION INVOLVED,STRAIGHT/LEVEL,ASPHALT,FAILURE TO YIELD RIGHT OF WAY,LEFT TURN,SLIBERTYDRWCONSTITUTIONDR,NONE,2019-11-22 16:55:00,,,
BLOOMINGTON PD,BLOOMINGTON,2,0.0,0.0,0.0,0.0,,,,S SARE,E RHORER RD,,,,39.12145,-86.51158,LOCAL/CITY RD,N,URBAN,Y,N,N,,DAYLIGHT,CLEAR,DRY,,T-INTERSECTION,STRAIGHT/LEVEL,ASPHALT,IMPROPER TURNING,LEFT TURN,ERHORERRDSSARERD,STOP SIGN,2019-11-22 10:03:00,,,
MONROE SD,BLOOMINGTON,2,0.0,1.0,0.0,0.0,,,,ST RD 45,S BUNGER RD,,200.0,E,39.12971239,-86.60379497,ST RD,N,RURAL,N,N,N,,DAYLIGHT,CLEAR,DRY,,NO JUNCTION INVOLVED,STRAIGHT/GRADE,ASPHALT,FOLLOWING TOO CLOSELY,REAR END,BUNGERRDST RD 45 W,NONE,2019-11-22 16:38:00,,,
ISP BLOOMINGTON 33,BLOOMINGTON,2,,0.0,0.0,0.0,,,,ST RD 45/46,E MATLOCK RD,,0.0,S,39.186292,-86.528396,ST RD,,URBAN,N,N,N,,DARK (LIGHTED),CLEAR,DRY,,NO JUNCTION INVOLVED,,CONCRETE,UNSAFE SPEED,REAR END,,,2019-11-22 22:48:00,,,
BLOOMINGTON PD,BLOOMINGTON,2,0.0,0.0,0.0,0.0,,,,W 3RD,W CORY RD,,,,0.0,0.0,LOCAL/CITY RD,N,URBAN,N,N,N,,DARK (LIGHTED),CLOUDY,DRY,,FOUR-WAY INTERSECTION,STRAIGHT/GRADE,ASPHALT,DISREGARD SIGNAL/REG SIGN,RIGHT ANGLE,3RDSTCORYRD,TRAFFIC CONTROL SIGNAL,2019-11-22 22:40:00,,,
BLOOMINGTON PD,BLOOMINGTON,2,0.0,0.0,0.0,0.0,,,,E 3RD,S WALNUT ST,,,,39.16464,-86.5336,LOCAL/CITY RD,N,URBAN,N,N,N,,DARK (LIGHTED),RAIN,WET,,FOUR-WAY INTERSECTION,STRAIGHT/LEVEL,ASPHALT,UNSAFE BACKING,BACKING CRASH,E 3RDSTSWALNUTST,TRAFFIC CONTROL SIGNAL,2019-11-23 18:19:00,,,
MONROE SD,BLOOMINGTON,2,0.0,0.0,0.0,0.0,,,,ST RD 46,W ARLINGTON RD,,,,39.209808,-86.582672,ST RD,N,URBAN,N,N,N,,DAYLIGHT,RAIN,WET,,FOUR-WAY INTERSECTION,STRAIGHT/GRADE,ASPHALT,FOLLOWING TOO CLOSELY,REAR END,ARLINGTONRDST RD 46 W,TRAFFIC CONTROL SIGNAL,2019-11-23 01:42:00,,,
BLOOMINGTON PD,BLOOMINGTON,2,0.0,0.0,0.0,0.0,,,,S ROGERS,W KIRKWOOD AVE,,,,39.166672,-86.538608,LOCAL/CITY RD,N,URBAN,N,N,N,,DAYLIGHT,RAIN,WET,,FOUR-WAY INTERSECTION,STRAIGHT/LEVEL,ASPHALT,IMPROPER LN USAGE,SAME DIRECTION SIDESWIPE,KIRKWOODAVEROGERSST,TRAFFIC CONTROL SIGNAL,2019-11-23 10:35:00,,,
INDIANA UNIV BLOOMINGTON PD,BLOOMINGTON,2,0.0,0.0,0.0,0.0,,,,E 3RD,E SWAIN AVE,,,,0.0,0.0,LOCAL/CITY RD,N,URBAN,N,N,N,,DAYLIGHT,RAIN,WET,,T-INTERSECTION,STRAIGHT/LEVEL,ASPHALT,UNSAFE LN MOVEMENT,SAME DIRECTION SIDESWIPE,3RDSTSWAINAVE,LN CONTROL,2019-11-23 13:16:00,,,
INDIANA UNIV BLOOMINGTON PD,BLOOMINGTON,2,0.0,0.0,0.0,0.0,,,,E 3RD,E SWAIN AVE,,,,0.0,0.0,LOCAL/CITY RD,N,URBAN,N,N,N,,DAYLIGHT,RAIN,WET,,T-INTERSECTION,STRAIGHT/LEVEL,ASPHALT,UNSAFE LN MOVEMENT,SAME DIRECTION SIDESWIPE,3RDSTSWAINAVE,LN CONTROL,2019-11-23 16:34:00,,,
ISP BLOOMINGTON 33,BLOOMINGTON,1,,0.0,0.0,0.0,,,,I-69 S,,,1003.0,W,39.06837672,-86.67500443,INTERSTATE,,RURAL,N,N,N,,DAYLIGHT,RAIN,WET,,NO JUNCTION INVOLVED,,CONCRETE,STEERING FAILURE,SAME DIRECTION SIDESWIPE,,,2019-11-23 13:33:00,,,
BLOOMINGTON PD,BLOOMINGTON,2,0.0,0.0,0.0,0.0,,,,N COLLEGE,W 8TH ST,,,,39.169552,-86.534784,LOCAL/CITY RD,N,URBAN,N,N,N,,DAYLIGHT,RAIN,WET,,FOUR-WAY INTERSECTION,STRAIGHT/LEVEL,ASPHALT,FAILURE TO YIELD RIGHT OF WAY,SAME DIRECTION SIDESWIPE,NCOLLEGEAVEW8THST,NONE,2019-11-23 12:30:00,,,
BLOOMINGTON PD,BLOOMINGTON,2,0.0,1.0,0.0,0.0,,,,N WALNUT,W 14TH ST,,,,39.175952,-86.53344,LOCAL/CITY RD,N,URBAN,N,N,N,,DAYLIGHT,RAIN,WET,,FOUR-WAY INTERSECTION,STRAIGHT/HILLCREST,ASPHALT,OTHER (DRIVER) - EXPLAIN IN NARRATIVE,RIGHT ANGLE,NWALNUTSTW14THST,NONE,2019-11-23 15:14:00,,,
BLOOMINGTON PD,BLOOMINGTON,2,0.0,0.0,0.0,0.0,,,,S ELM,W KIRKWOOD AVE,,,,39.166768,-86.5452,LOCAL/CITY RD,N,URBAN,N,N,N,,DAYLIGHT,RAIN,WET,,FOUR-WAY INTERSECTION,STRAIGHT/LEVEL,ASPHALT,FAILURE TO YIELD RIGHT OF WAY,LEFT TURN,SELMSTWKIRKWOODAVE,RR CROSSING GATES AND MEDIAN BARRIER,2019-11-23 14:22:00,,,
ELLETTSVILLE PD,ELLETTSVILLE,1,0.0,0.0,0.0,1.0,,,,W MCNEELY,N HOLLY DR,,100.0,E,0.0,0.0,LOCAL/CITY RD,N,URBAN,N,N,N,,DARK (NOT LIGHTED),CLEAR,DRY,,NO JUNCTION INVOLVED,STRAIGHT/LEVEL,ASPHALT,ANIMAL/OBJECT IN RDWAY,COLLISION WITH DEER,NHOLLYDRWMCNEELYST,NONE,2019-11-23 06:30:00,,,
BLOOMINGTON PD,BLOOMINGTON,1,0.0,1.0,0.0,0.0,,,,W WALNUT LEAF,S LEONARD SPRINGS RD,,,,0.0,0.0,LOCAL/CITY RD,N,URBAN,N,N,N,,DARK (NOT LIGHTED),RAIN,WET,,T-INTERSECTION,STRAIGHT/LEVEL,ASPHALT,CELL PHONE USAGE,RAN OFF RD,SLEONARDSPRINGSRDWWALNUTLEAFDR,NONE,2019-11-23 20:43:00,,,
MONROE SD,BLOOMINGTON,1,0.0,0.0,0.0,0.0,,,,ST RD 46,E BENDER RD,,4000.0,W,39.16484015,-86.45193233,ST RD,N,RURAL,N,N,N,,DARK (NOT LIGHTED),CLOUDY,WET,,NO JUNCTION INVOLVED,CURVE/GRADE,ASPHALT,ANIMAL/OBJECT IN RDWAY,RAN OFF RD,BENDERRDST RD 46E,NONE,2019-11-24 02:11:00,,,
MONROE SD,BLOOMINGTON,1,0.0,1.0,0.0,0.0,,,,I-69 S,,,0.0,S,41.28117292,-85.0869413,INTERSTATE,N,RURAL,N,N,N,,DAWN/DUSK,CLEAR,ICE,,NO JUNCTION INVOLVED,STRAIGHT/GRADE,ASPHALT,SPEED TOO FAST FOR WEATHER CONDITIONS,RAN OFF RD,I-69S123,LN CONTROL,2019-11-24 07:09:00,,,
ISP BLOOMINGTON 33,BLOOMINGTON,3,,0.0,0.0,0.0,,,,S FAIRFAX,E SCHACHT RD,,0.0,S,39.106877,-86.523725,COUNTY RD,,RURAL,N,N,N,,DAYLIGHT,CLEAR,DRY,,T-INTERSECTION,,ASPHALT,FAILURE TO YIELD RIGHT OF WAY,REAR END,,,2019-11-24 13:10:00,,,