Agency,City,Vehicles Involved,Trailers Involved,Number Injured,Number Dead,Number Deer,House Number,Roadway Interchange,Roadway Ramp,Roadway Id,Intersecting Road,Interchange,Feet From,Direction,Latitude,Longitude,Roadway Class,Hit and Run?,Locality,School Zone?,Rumble Strips?,Construction?,Construction Type,Light Condition,Weather Conditions,Surface Condition,Type of Median,Roadway Junction Type,Road Character,Roadway Surface,Primary Factor,Manner of Collision,Unique Location Id,Traffic Control,DateTime,Address Number,Cyclist Involved,Pedestrian Involved
BLOOMINGTON PD,BLOOMINGTON,2,0.0,0.0,0.0,0.0,,,,S MADISON,W PROSPECT ST,,,,39.163648,-86.537296,LOCAL/CITY RD,Y,URBAN,N,N,N,,DARK (LIGHTED),CLEAR,WET,,NO JUNCTION INVOLVED,STRAIGHT/GRADE,ASPHALT,OTHER (DRIVER) - EXPLAIN IN NARRATIVE,RIGHT ANGLE,SMADISONSTWPROSPECTST,STOP SIGN,2019-11-24 02:00:00,,,
MONROE SD,BLOOMINGTON,1,0.0,0.0,0.0,0.0,5996.0,,,ST RD 45,,,600.0,E,39.14279866,-86.58156186,ST RD,Y,RURAL,N,N,N,,DARK (NOT LIGHTED),CLOUDY,ICE,,NO JUNCTION INVOLVED,STRAIGHT/GRADE,ASPHALT,RAN OFF RD RIGHT,RAN OFF RD,LEONARDSPRINGSRDST RD 45 W,LN CONTROL,2019-11-24 04:17:00,,,
ELLETTSVILLE PD,ELLETTSVILLE,2,0.0,0.0,0.0,0.0,,,,ST RD 46,N JACCOB ST,,,,0.0,0.0,ST RD,N,URBAN,N,N,N,,DARK (LIGHTED),CLEAR,ICE,,T-INTERSECTION,STRAIGHT/LEVEL,ASPHALT,FOLLOWING TOO CLOSELY,REAR END,NJACOBSTST RD 46 W,NONE,2019-11-24 06:08:00,,,
BLOOMINGTON PD,BLOOMINGTON,1,0.0,0.0,0.0,0.0,,,,W 17TH,N MONROE ST,,,,39.179248,-86.547104,LOCAL/CITY RD,Y,URBAN,Y,N,N,,DARK (LIGHTED),CLEAR,DRY,,TRAFFIC CIRCLE/ROUNDABOUT,STRAIGHT/LEVEL,ASPHALT,,,NMONROESTW17THST,ROUNDABOUT INTERSECTION,2019-11-24 20:45:00,,,
ISP BLOOMINGTON 33,BLOOMINGTON,2,,0.0,0.0,0.0,,,,ST RD 48,I-69,Y,0.0,E,39.16454936,-86.57297045,ST RD,,URBAN,N,N,N,,DAYLIGHT,CLEAR,DRY,,FOUR-WAY INTERSECTION,,ASPHALT,DISREGARD SIGNAL/REG SIGN,RIGHT ANGLE,,,2019-11-25 10:53:00,,,
BLOOMINGTON PD,BLOOMINGTON,2,0.0,0.0,0.0,0.0,,,,W 2ND,S PATTERSON DR,,,,39.16076,-86.54849,LOCAL/CITY RD,N,URBAN,N,N,N,,DAYLIGHT,CLEAR,DRY,,FOUR-WAY INTERSECTION,STRAIGHT/LEVEL,ASPHALT,DISREGARD SIGNAL/REG SIGN,RIGHT ANGLE,2NDSTPATTERSONDR,TRAFFIC CONTROL SIGNAL,2019-11-25 08:55:00,,,
BLOOMINGTON PD,BLOOMINGTON,1,0.0,1.0,0.0,0.0,,,,S COLLEGE MALL,E BUICK CADILLAC BLVD,,,,39.15811,-86.49789,LOCAL/CITY RD,N,URBAN,N,N,N,,DAYLIGHT,CLEAR,DRY,,FOUR-WAY INTERSECTION,STRAIGHT/LEVEL,CONCRETE,FAILURE TO YIELD RIGHT OF WAY,LEFT TURN,EBUICKCADILLACBLVDSCOLLEGEMALLRD,TRAFFIC CONTROL SIGNAL,2019-11-25 14:05:00,,,True
ELLETTSVILLE PD,ELLETTSVILLE,2,0.0,0.0,0.0,0.0,,,,ST RD 46,N HARTSTRAIT RD,,,,39.22766,-86.61594,ST RD,N,URBAN,N,N,N,,DAYLIGHT,CLEAR,DRY,,FOUR-WAY INTERSECTION,STRAIGHT/LEVEL,ASPHALT,FOLLOWING TOO CLOSELY,REAR END,HARTSTRAITRDST RD 46 W,TRAFFIC CONTROL SIGNAL,2019-11-25 13:15:00,,,
BLOOMINGTON PD,BLOOMINGTON,1,0.0,0.0,0.0,0.0,,,,S WALNUT,E RHORER RD,,,,39.12144,-86.526496,,Y,URBAN,N,N,N,,DARK (LIGHTED),CLEAR,DRY,,FOUR-WAY INTERSECTION,STRAIGHT/LEVEL,ASPHALT,FAILURE TO YIELD RIGHT OF WAY,RIGHT TURN,EASTRHORERRDSOUTHWALNUTST,TRAFFIC CONTROL SIGNAL,2019-11-25 18:00:00,,,True
INDIANA UNIV BLOOMINGTON PD,BLOOMINGTON,2,0.0,0.0,0.0,0.0,,,,E 8TH,N WOODLAWN AVE,,,,39.169552,-86.52344,LOCAL/CITY RD,N,URBAN,N,N,N,,DAYLIGHT,CLEAR,DRY,,FOUR-WAY INTERSECTION,STRAIGHT/LEVEL,ASPHALT,FAILURE TO YIELD RIGHT OF WAY,RIGHT ANGLE,E8THSTWOODLAWNAVE,STOP SIGN,2019-11-25 08:50:00,,,
MONROE SD,BLOOMINGTON,1,1.0,0.0,0.0,0.0,,,,E MONROE DAM,S STRAIN RIDGE RD,,,,39.02120291,-86.53117543,COUNTY RD,N,RURAL,N,N,N,,DAYLIGHT,CLEAR,DRY,,T-INTERSECTION,STRAIGHT/LEVEL,ASPHALT,OTHER (DRIVER) - EXPLAIN IN NARRATIVE,OTHER - EXPLAIN IN NARRATIVE,MONROELAKERDSTRAINRIDGERD,STOP SIGN,2019-11-25 15:45:00,,,
MONROE SD,BLOOMINGTON,1,0.0,0.0,0.0,1.0,,,,I-69 S,,,10.0,N,41.07052771,-85.22896969,INTERSTATE,N,RURAL,N,N,N,,DARK (NOT LIGHTED),CLOUDY,DRY,,NO JUNCTION INVOLVED,STRAIGHT/GRADE,ASPHALT,ANIMAL/OBJECT IN RDWAY,COLLISION WITH DEER,I-69S105.0,NONE,2019-11-25 05:58:00,,,
MONROE SD,BLOOMINGTON,1,0.0,0.0,0.0,1.0,,,,S KIRBY,W FOSTER CURRY DR,,1000.0,S,39.03382335,-86.61025,COUNTY RD,N,RURAL,N,N,N,,DARK (NOT LIGHTED),CLEAR,DRY,,NO JUNCTION INVOLVED,STRAIGHT/LEVEL,ASPHALT,ANIMAL/OBJECT IN RDWAY,COLLISION WITH DEER,FOSTERCURRYRDKIRBYRD,NONE,2019-11-25 10:28:00,,,
BLOOMINGTON PD,BLOOMINGTON,2,0.0,0.0,0.0,0.0,,,,S PETE LLIS,,,190.0,N,39.16424,-86.495088,LOCAL/CITY RD,N,URBAN,N,N,N,,DARK (LIGHTED),CLEAR,DRY,,FOUR-WAY INTERSECTION,STRAIGHT/GRADE,ASPHALT,IMPROPER PASSING,RIGHT ANGLE,E 3RDSTSPETEELLISDR,NONE,2019-11-25 20:55:00,,,
BLOOMINGTON PD,BLOOMINGTON,1,0.0,1.0,0.0,0.0,,,,ST RD 45/46,N MONROE ST,,300.0,W,39.18699904,-86.54785641,ST RD,N,URBAN,N,N,Y,INTERMITTENT OR MOVING WORK,DARK (NOT LIGHTED),CLEAR,DRY,,NO JUNCTION INVOLVED,STRAIGHT/GRADE,ASPHALT,PEDESTRIAN ACTION,COLLISION WITH OBJECT IN RD,MONROESTST RD 46E,NONE,2019-11-26 00:30:00,,,True
MONROE SD,BLOOMINGTON,1,0.0,0.0,0.0,0.0,,,,N CURRY,ST RD 46,,260.0,W,0.0,0.0,LOCAL/CITY RD,Y,RURAL,N,N,N,,UNKNOWN,CLEAR,DRY,,NO JUNCTION INVOLVED,STRAIGHT/LEVEL,ASPHALT,RAN OFF RD RIGHT,RAN OFF RD,NCURRYPKWSTATERD46HWY,LN CONTROL,2019-11-26 09:31:00,,,
ELLETTSVILLE PD,ELLETTSVILLE,2,0.0,0.0,0.0,0.0,,,,ST RD 46,N MATTHEWS DR,,80.0,E,39.23461423,-86.62618218,ST RD,N,URBAN,N,N,N,,DAYLIGHT,CLEAR,DRY,,NO JUNCTION INVOLVED,STRAIGHT/LEVEL,ASPHALT,FOLLOWING TOO CLOSELY,REAR END,MATTHEWSDRST RD 46 W,TRAFFIC CONTROL SIGNAL,2019-11-26 15:47:00,,,
MONROE SD,BLOOMINGTON,2,0.0,0.0,0.0,0.0,,,,E LORELEI,,,300.0,W,0.0,0.0,LOCAL/CITY RD,N,URBAN,N,N,N,,DAYLIGHT,CLEAR,DRY,,NO JUNCTION INVOLVED,STRAIGHT/LEVEL,ASPHALT,UNSAFE BACKING,BACKING CRASH,ELORELEIWAYSSMITHRD,NONE,2019-11-26 12:21:00,,,
ISP BLOOMINGTON 33,BLOOMINGTON,1,0.0,0.0,0.0,0.0,,,,I-69 S,,,100.0,S,41.21110004,-85.1044954,INTERSTATE,N,URBAN,N,N,N,,DARK (LIGHTED),RAIN,LOOSE MATERIAL ON RD,,NO JUNCTION INVOLVED,STRAIGHT/LEVEL,ASPHALT,RDWAY SURFACE CONDITION,COLLISION WITH OBJECT IN RD,I-69S118.0,LN CONTROL,2019-11-26 18:26:00,,,
MONROE SD,BLOOMINGTON,1,0.0,0.0,0.0,0.0,,,,N THOMAS,W VERNAL PK,,2000.0,N,39.18904,-86.630096,LOCAL/CITY RD,N,RURAL,N,N,N,,DAYLIGHT,CLOUDY,DRY,,NO JUNCTION INVOLVED,STRAIGHT/GRADE,ASPHALT,UNSAFE SPEED,RAN OFF RD,NORTHTHOMASRDWESTVERNALPK,NONE,2019-11-26 15:08:00,,,
MONROE SD,BLOOMINGTON,2,0.0,0.0,0.0,0.0,,,,S CURRY,W BELLE AVE,,,,39.163552,-86.582896,LOCAL/CITY RD,N,RURAL,N,N,N,,DARK (LIGHTED),RAIN,WET,,T-INTERSECTION,STRAIGHT/LEVEL,ASPHALT,IMPROPER TURNING,RIGHT ANGLE,SCURRYPKWBELLEAVE,NONE,2019-11-26 19:10:00,,,
MONROE SD,BLOOMINGTON,1,0.0,1.0,0.0,0.0,,,,S LEONARD SPRINGS,W MAYBURY MALL,,,,39.131648,-86.582496,COUNTY RD,N,URBAN,N,N,N,,DARK (NOT LIGHTED),RAIN,WATER (STANDING OR MOVING),,NO JUNCTION INVOLVED,STRAIGHT/GRADE,ASPHALT,SPEED TOO FAST FOR WEATHER CONDITIONS,RAN OFF RD,SLEONARDSPRINGSRDWMAYBURYMALLRD,LN CONTROL,2019-11-26 23:46:00,,,
MONROE SD,BLOOMINGTON,1,0.0,0.0,0.0,0.0,,,,ST RD 46,W VERNAL PK,,1000.0,W,0.0,0.0,ST RD,Y,,N,N,N,,DAYLIGHT,CLOUDY,DRY,,NO JUNCTION INVOLVED,CURVE/GRADE,ASPHALT,ANIMAL/OBJECT IN RDWAY,COLLISION WITH OBJECT IN RD,ST RD 46 WWESTVERNALPK,NONE,2019-11-26 10:43:00,,,
BLOOMINGTON PD,BLOOMINGTON,2,0.0,1.0,0.0,0.0,,,,N WALNUT,E 7TH ST,,,,39.16864,-86.533568,LOCAL/CITY RD,N,URBAN,N,N,N,,DARK (LIGHTED),CLEAR,DRY,,NO JUNCTION INVOLVED,STRAIGHT/LEVEL,ASPHALT,DRIVER DISTRACTED - EXPLAIN IN NARRATIVE,RIGHT ANGLE,E7THSTNWALNUTST,TRAFFIC CONTROL SIGNAL,2019-11-27 17:17:00,,,
ELLETTSVILLE PD,ELLETTSVILLE,2,0.0,0.0,0.0,0.0,,,,ST RD 46,N OUTBACK RD,,,,39.21507,-86.592785,ST RD,N,URBAN,N,N,N,,DAYLIGHT,CLEAR,DRY,,NO JUNCTION INVOLVED,STRAIGHT/LEVEL,ASPHALT,DISREGARD SIGNAL/REG SIGN,RIGHT ANGLE,OUTBACKDRST RD 46 W,TRAFFIC CONTROL SIGNAL,2019-11-27 08:24:00,,,
BLOOMINGTON PD,BLOOMINGTON,1,0.0,0.0,0.0,1.0,,,,ST RD 45/46,I-69,,50.0,W,39.19428132,-86.55459346,LOCAL/CITY RD,N,URBAN,N,N,N,,DARK (LIGHTED),CLEAR,DRY,,NO JUNCTION INVOLVED,STRAIGHT/LEVEL,CONCRETE,ANIMAL/OBJECT IN RDWAY,COLLISION WITH DEER,NSTATERD37RDWSTATERD46RD,NONE,2019-11-27 19:17:00,,,
ISP BLOOMINGTON 33,BLOOMINGTON,2,,1.0,0.0,0.0,,,,ST RD 46,W ARLINGTON RD,,0.0,S,39.207772,-86.579931,ST RD,,URBAN,N,N,N,,DAYLIGHT,CLOUDY,DRY,,FOUR-WAY INTERSECTION,,ASPHALT,FAILURE TO YIELD RIGHT OF WAY,RIGHT ANGLE,,,2019-11-27 10:25:00,,,
MONROE SD,BLOOMINGTON,2,0.0,0.0,0.0,0.0,,,,N SMITH,W FORREST PARK DR,,50.0,N,0.0,0.0,LOCAL/CITY RD,N,URBAN,N,N,N,,DAWN/DUSK,CLEAR,DRY,,FOUR-WAY INTERSECTION,STRAIGHT/LEVEL,ASPHALT,FAILURE TO YIELD RIGHT OF WAY,RIGHT ANGLE,NSMITHPKWFORRESTPARKDR,NONE,2019-11-27 07:01:00,,,
BLOOMINGTON PD,BLOOMINGTON,2,0.0,0.0,0.0,0.0,,,,N WALNUT,E 9TH ST,,60.0,S,39.170544,-86.533536,LOCAL/CITY RD,Y,URBAN,N,N,N,,DAYLIGHT,CLOUDY,DRY,,NO JUNCTION INVOLVED,STRAIGHT/LEVEL,ASPHALT,UNSAFE LN MOVEMENT,SAME DIRECTION SIDESWIPE,9THSTNWALNUTST,NONE,2019-11-27 11:15:00,,,
ELLETTSVILLE PD,ELLETTSVILLE,2,0.0,0.0,0.0,0.0,,,,W VINE,S SALE ST,,100.0,E,39.234384,-86.624064,LOCAL/CITY RD,N,URBAN,N,N,N,,DAYLIGHT,CLEAR,DRY,,NO JUNCTION INVOLVED,STRAIGHT/LEVEL,ASPHALT,DRIVER DISTRACTED - EXPLAIN IN NARRATIVE,LEFT TURN,SSALESTWVINEST,NONE,2019-11-27 16:14:00,,,
INDIANA UNIV BLOOMINGTON PD,BLOOMINGTON,2,0.0,0.0,0.0,0.0,,,,S SWAIN,E 3RD ST,,,,,,LOCAL/CITY RD,N,URBAN,N,N,N,,DAYLIGHT,CLOUDY,DRY,,T-INTERSECTION,STRAIGHT/GRADE,ASPHALT,UNSAFE LN MOVEMENT,SAME DIRECTION SIDESWIPE,SWAINAVE 3RDST,NONE,2019-11-29 13:13:00,,,
BLOOMINGTON PD,BLOOMINGTON,2,0.0,0.0,0.0,0.0,,,,S COLLEGE,W 3RD ST,,,,39.16464,-86.534816,LOCAL/CITY RD,N,URBAN,N,N,N,,DAYLIGHT,CLEAR,DRY,,FOUR-WAY INTERSECTION,STRAIGHT/LEVEL,ASPHALT,DISREGARD SIGNAL/REG SIGN,RIGHT ANGLE,E 3RDSTSCOLLEGEAVE,TRAFFIC CONTROL SIGNAL,2019-11-29 11:35:00,,,
INDIANA UNIV BLOOMINGTON PD,BLOOMINGTON,1,0.0,0.0,0.0,1.0,,,,ST RD 45/46,E 17TH ST,,1337.0,N,39.18233137,-86.51055419,ST RD,N,URBAN,N,Y,N,,DARK (LIGHTED),CLEAR,DRY,,NO JUNCTION INVOLVED,STRAIGHT/LEVEL,ASPHALT,ANIMAL/OBJECT IN RDWAY,COLLISION WITH DEER,EAST17THSTST RD 46,NONE,2019-11-29 17:35:00,,,
MONROE SD,BLOOMINGTON,1,0.0,1.0,0.0,0.0,,,,E SAMPLE,N WAYPORT RD,,,,,,LOCAL/CITY RD,N,RURAL,N,N,N,,DARK (LIGHTED),CLEAR,DRY,,TRAFFIC CIRCLE/ROUNDABOUT,CURVE/GRADE,ASPHALT,UNSAFE SPEED,RAN OFF RD,SAMPLERDWAYPORTRD,NONE,2019-11-29 19:19:00,,,
BLOOMINGTON PD,BLOOMINGTON,1,0.0,0.0,0.0,1.0,,,,I-69 N,,,300.0,S,41.23174366,-85.09697022,INTERSTATE,N,URBAN,N,Y,N,,DARK (NOT LIGHTED),RAIN,WET,,NO JUNCTION INVOLVED,STRAIGHT/LEVEL,ASPHALT,ANIMAL/OBJECT IN RDWAY,COLLISION WITH DEER,I-69 N119.5,NONE,2019-11-29 04:03:00,,,
MONROE SD,BLOOMINGTON,1,0.0,0.0,0.0,0.0,,,,N RUSSELL,E COMMODORE TRAIL,,100.0,N,,,LOCAL/CITY RD,Y,,N,N,N,,DAYLIGHT,CLEAR,DRY,,T-INTERSECTION,CURVE/HILLCREST,ASPHALT,IMPROPER LN USAGE,OTHER - EXPLAIN IN NARRATIVE,COMMODORERDRUSSELLRD,NONE,2019-11-29 12:15:00,,,
MONROE SD,BLOOMINGTON,1,0.0,0.0,0.0,1.0,,,,ST RD 46,,,1200.0,E,,,ST RD,N,RURAL,N,N,N,,DARK (NOT LIGHTED),CLOUDY,DRY,,NO JUNCTION INVOLVED,STRAIGHT/GRADE,CONCRETE,ANIMAL/OBJECT IN RDWAY,COLLISION WITH DEER,LOWERBIRDIEGALYANRDST RD 46E,NONE,2019-11-29 18:52:00,,,
MONROE SD,BLOOMINGTON,1,0.0,0.0,0.0,0.0,,,,W FOUNTAIN,W 8TH ST,,500.0,W,,,LOCAL/CITY RD,N,URBAN,N,N,N,,DARK (NOT LIGHTED),CLOUDY,WET,,NO JUNCTION INVOLVED,STRAIGHT/HILLCREST,ASPHALT,OTHER (DRIVER) - EXPLAIN IN NARRATIVE,OTHER - EXPLAIN IN NARRATIVE,8THSTFOUNTAINDR,NONE,2019-11-29 19:11:00,,,
INDIANA UNIV BLOOMINGTON PD,BLOOMINGTON,2,0.0,0.0,0.0,0.0,,,,ST RD 45/46,E 17TH ST,,,,0.0,0.0,ST RD,N,URBAN,N,N,N,,DARK (NOT LIGHTED),RAIN,WET,,T-INTERSECTION,STRAIGHT/LEVEL,ASPHALT,SPEED TOO FAST FOR WEATHER CONDITIONS,REAR END,EAST17THSTST RD 46,TRAFFIC CONTROL SIGNAL,2019-11-30 22:43:00,,,
ISP BLOOMINGTON 33,BLOOMINGTON,1,,0.0,0.0,0.0,,,,ST RD 45,E MARTIN DR,,500.0,S,39.20390556,-86.46377511,ST RD,,RURAL,N,N,N,,DAYLIGHT,RAIN,WET,,NO JUNCTION INVOLVED,,ASPHALT,,RAN OFF RD,,,2019-11-30 10:38:00,,,
ELLETTSVILLE PD,ELLETTSVILLE,1,0.0,0.0,0.0,1.0,,,,ST RD 46,N HARTSTRAIT RD,,1000.0,W,0.0,0.0,ST RD,N,URBAN,N,N,N,,DARK (LIGHTED),RAIN,WET,,NO JUNCTION INVOLVED,STRAIGHT/LEVEL,ASPHALT,ANIMAL/OBJECT IN RDWAY,COLLISION WITH DEER,NORTHHARTSTRAIGHTRDST RD 46 W,LN CONTROL,2019-11-30 17:50:00,,,
BLOOMINGTON PD,BLOOMINGTON,2,0.0,0.0,0.0,0.0,,,,ST RD 46,S CLARIZZ BLVD,,,,39.16424,-86.4908,LOCAL/CITY RD,N,URBAN,N,N,N,,DAYLIGHT,RAIN,WET,,FOUR-WAY INTERSECTION,STRAIGHT/GRADE,ASPHALT,FOLLOWING TOO CLOSELY,REAR END,E 3RDSTSCLARIZZBLVD,NONE,2019-11-30 14:55:00,,,
MONROE SD,BLOOMINGTON,1,0.0,0.0,0.0,0.0,,,,E RHORER,S TWO CREEKS LN,,,,,,COUNTY RD,N,RURAL,N,N,N,,DARK (NOT LIGHTED),RAIN,WET,,T-INTERSECTION,STRAIGHT/HILLCREST,ASPHALT,RAN OFF RD RIGHT,RAN OFF RD,RHORERRDTWOCREEKSDR,NONE,2019-11-30 06:17:00,,,
ISP BLOOMINGTON 33,BLOOMINGTON,1,,1.0,0.0,0.0,4733.0,,,I-69 S,,,1056.0,N,39.10966383,-86.55919737,INTERSTATE,,RURAL,N,Y,N,,DARK (LIGHTED),FOG/SMOKE/SMOG,WET,,NO JUNCTION INVOLVED,,CONCRETE,UNSAFE SPEED,RAN OFF RD,,,2019-11-30 22:30:00,,,
ISP BLOOMINGTON 33,BLOOMINGTON,1,,0.0,0.0,0.0,,,,I-69 S,,,0.0,S,39.2570189,-86.52586288,INTERSTATE,,RURAL,N,N,N,,DARK (NOT LIGHTED),RAIN,WET,,NO JUNCTION INVOLVED,,ASPHALT,SPEED TOO FAST FOR WEATHER CONDITIONS,RAN OFF RD,,,2019-11-30 07:05:00,,,
BLOOMINGTON PD,BLOOMINGTON,1,0.0,0.0,0.0,0.0,,,,I-69 S,,,700.0,S,0.0,0.0,INTERSTATE,N,URBAN,N,N,N,,DAYLIGHT,RAIN,WATER (STANDING OR MOVING),,NO JUNCTION INVOLVED,STRAIGHT/LEVEL,ASPHALT,SPEED TOO FAST FOR WEATHER CONDITIONS,RAN OFF RD,I-69SWST RD 48RD,LN CONTROL,2019-11-30 12:45:00,,,
MONROE SD,BLOOMINGTON,1,0.0,1.0,0.0,0.0,,,,ST RD 45,W ELWREN RD,,100.0,S,0.0,0.0,ST RD,N,RURAL,N,N,N,,DAYLIGHT,RAIN,WATER (STANDING OR MOVING),,T-INTERSECTION,CURVE/LEVEL,ASPHALT,RAN OFF RD RIGHT,RAN OFF RD,ST RD 45 WWELWRENRD,NONE,2019-11-30 12:11:00,,,
MONROE SD,BLOOMINGTON,2,0.0,0.0,0.0,0.0,,,,N COLLEGE,ST RD 45/46,,,,39.186368,-86.5344,LOCAL/CITY RD,N,URBAN,N,N,N,,DAYLIGHT,CLEAR,DRY,,FOUR-WAY INTERSECTION,STRAIGHT/LEVEL,ASPHALT,FOLLOWING TOO CLOSELY,REAR END,EASTSTATERD4546BYPASSRDSWALNUTST,NONE,2019-12-01 09:32:00,,,
BLOOMINGTON PD,BLOOMINGTON,2,0.0,0.0,0.0,0.0,,,,ST RD 45/46,N KINSER PK,,,,39.186544,-86.537888,ST RD,N,URBAN,N,N,N,,DAYLIGHT,RAIN,WET,,FOUR-WAY INTERSECTION,STRAIGHT/LEVEL,ASPHALT,BRAKE FAILURE OR DEFECTIVE,REAR END,NKINSERPKST RD 46E,TRAFFIC CONTROL SIGNAL,2019-12-01 14:39:00,,,
BLOOMINGTON PD,BLOOMINGTON,2,0.0,0.0,0.0,0.0,,,,E 3RD,S DUNN ST,,,,39.164448,-86.528096,LOCAL/CITY RD,N,URBAN,N,N,N,,DAYLIGHT,RAIN,WET,,FOUR-WAY INTERSECTION,CURVE/GRADE,ASPHALT,FOLLOWING TOO CLOSELY,SAME DIRECTION SIDESWIPE,E 3RDSTSDUNNST,TRAFFIC CONTROL SIGNAL,2019-12-01 11:40:00,,,
MONROE SD,BLOOMINGTON,1,0.0,0.0,0.0,0.0,,,,ST RD 45,E MARTIN DR,,250.0,S,39.2041871,-86.46362007,ST RD,N,RURAL,N,N,N,,DARK (NOT LIGHTED),RAIN,WET,,NO JUNCTION INVOLVED,CURVE/GRADE,ASPHALT,SPEED TOO FAST FOR WEATHER CONDITIONS,RAN OFF RD,MARTINDRST RD 45E,NONE,2019-12-01 21:33:00,,,
MONROE SD,BLOOMINGTON,1,0.0,0.0,0.0,0.0,,,,ST RD 48,W VERNAL PK,,2900.0,W,39.16877893,-86.67114653,ST RD,N,RURAL,N,N,N,,DARK (NOT LIGHTED),RAIN,WET,,NO JUNCTION INVOLVED,CURVE/LEVEL,ASPHALT,RDWAY SURFACE CONDITION,RAN OFF RD,ST RD 48WVERNALPK,NONE,2019-12-01 05:51:00,,,
BLOOMINGTON PD,BLOOMINGTON,2,0.0,0.0,0.0,0.0,,,,S WALNUT,W SMITH AVE,,,,39.162848,-86.5336,LOCAL/CITY RD,Y,URBAN,Y,N,N,,DAYLIGHT,CLOUDY,WET,,FOUR-WAY INTERSECTION,STRAIGHT/LEVEL,ASPHALT,IMPROPER LN USAGE,SAME DIRECTION SIDESWIPE,SMITHAVEWALNUTST,TRAFFIC CONTROL SIGNAL,2019-12-01 11:54:00,,,
BLOOMINGTON PD,BLOOMINGTON,1,0.0,0.0,0.0,0.0,,,,E ATWATER,S SWAIN AVE,,,,39.163152,-86.515168,LOCAL/CITY RD,N,URBAN,N,N,N,,DARK (LIGHTED),RAIN,WET,,T-INTERSECTION,STRAIGHT/GRADE,ASPHALT,UNSAFE LN MOVEMENT,RAN OFF RD,EATWATERAVESSWAINAVE,STOP SIGN,2019-12-01 19:45:00,,,
ISP BLOOMINGTON 33,BLOOMINGTON,4,,0.0,0.0,0.0,,,,I-69 S,,,0.0,S,39.23850393,-86.53836803,INTERSTATE,,RURAL,N,N,N,,DARK (LIGHTED),RAIN,WET,,NO JUNCTION INVOLVED,,ASPHALT,UNSAFE LN MOVEMENT,RIGHT TURN,,,2019-12-01 19:10:00,,,
MONROE SD,BLOOMINGTON,1,0.0,0.0,0.0,1.0,,,,N BRUMMETTS CREEK,E MCCOY RD,,100.0,S,0.0,0.0,LOCAL/CITY RD,N,RURAL,N,N,N,,DARK (NOT LIGHTED),RAIN,WET,,NO JUNCTION INVOLVED,STRAIGHT/LEVEL,ASPHALT,ANIMAL/OBJECT IN RDWAY,COLLISION WITH DEER,EMCCOYRDNBRUMMETTSCREEKRD,NONE,2019-12-01 17:56:00,,,
MONROE SD,ELLETTSVILLE,2,0.0,0.0,0.0,0.0,,,,N LIBERTY HOLLOW,W WAMPLER RD,,,,39.335152,-86.607008,LOCAL/CITY RD,N,RURAL,N,N,N,,DAYLIGHT,RAIN,WET,,T-INTERSECTION,CURVE/LEVEL,ASPHALT,LEFT OF CENTER,LEFT/RIGHT TURN,NLIBERTYHOLLOWRDWWAMPLERRD,NONE,2019-12-01 10:14:00,,,
MONROE SD,BLOOMINGTON,1,0.0,0.0,0.0,0.0,,,,N LOW GAP,E TULIP TREE TRACE RD,,600.0,N,0.0,0.0,LOCAL/CITY RD,N,RURAL,N,N,N,,DAYLIGHT,RAIN,WET,,NO JUNCTION INVOLVED,STRAIGHT/GRADE,CONCRETE,SPEED TOO FAST FOR WEATHER CONDITIONS,RAN OFF RD,ETULIPTREETRNLOWGAPRD,NONE,2019-12-01 13:08:00,,,
MONROE SD,BLOOMINGTON,2,0.0,0.0,0.0,0.0,,,,ST RD 37,E WHISNAND RD,,2400.0,N,0.0,0.0,ST RD,N,RURAL,N,Y,N,,DARK (NOT LIGHTED),RAIN,WET,,NO JUNCTION INVOLVED,STRAIGHT/LEVEL,CONCRETE,CELL PHONE USAGE,REAR END,EWHISNANDRDN ST RD 37,NONE,2019-12-01 20:14:00,,,
BLOOMINGTON PD,BLOOMINGTON,3,0.0,0.0,0.0,0.0,,,,ST RD 45/46,N DUNN ST,,350.0,E,39.18635203,-86.52726078,ST RD,N,URBAN,N,N,N,,DAYLIGHT,CLOUDY,DRY,,NO JUNCTION INVOLVED,STRAIGHT/LEVEL,ASPHALT,FOLLOWING TOO CLOSELY,REAR END,NDUNNSTST RD 46E,NONE,2019-12-02 13:50:00,,,
MONROE SD,BLOOMINGTON,1,0.0,0.0,0.0,0.0,,,,ST RD 48,W VERNAL PK,,2640.0,W,39.16856993,-86.67030981,ST RD,N,RURAL,N,N,N,,DARK (NOT LIGHTED),RAIN,WET,,NO JUNCTION INVOLVED,CURVE/LEVEL,ASPHALT,RAN OFF RD RIGHT,RAN OFF RD,ST RD 48WWVERNALPK,LN CONTROL,2019-12-02 06:02:00,,,