Agency,City,Vehicles Involved,Trailers Involved,Number Injured,Number Dead,Number Deer,House Number,Roadway Interchange,Roadway Ramp,Roadway Id,Intersecting Road,Interchange,Feet From,Direction,Latitude,Longitude,Roadway Class,Hit and Run?,Locality,School Zone?,Rumble Strips?,Construction?,Construction Type,Light Condition,Weather Conditions,Surface Condition,Type of Median,Roadway Junction Type,Road Character,Roadway Surface,Primary Factor,Manner of Collision,Unique Location Id,Traffic Control,DateTime,Address Number,Cyclist Involved,Pedestrian Involved
MONROE SD,BLOOMINGTON,1,0.0,0.0,0.0,0.0,,,,S STRAIN RIDGE,E SMITHVILLE RD,,1000.0,N,39.07372842,-86.50590445,LOCAL/CITY RD,Y,RURAL,N,N,N,,DARK (NOT LIGHTED),RAIN,WET,,NO JUNCTION INVOLVED,STRAIGHT/GRADE,ASPHALT,LEFT OF CENTER,OTHER - EXPLAIN IN NARRATIVE,SMITHVILLERDSTRAINRIDGERD,NONE,2019-12-09 18:26:00,,,
MONROE SD,BLOOMINGTON,1,0.0,0.0,0.0,1.0,,,,ST RD 446,S SWARTZ RIDGE RD,,1000.0,S,39.13073858,-86.44481028,ST RD,N,RURAL,N,N,N,,DARK (NOT LIGHTED),RAIN,WET,,NO JUNCTION INVOLVED,STRAIGHT/LEVEL,ASPHALT,ANIMAL/OBJECT IN RDWAY,COLLISION WITH DEER,ESWARTZRIDGERDST RD 446S,NONE,2019-12-09 06:51:00,,,
BLOOMINGTON PD,BLOOMINGTON,2,0.0,1.0,0.0,0.0,,,,ST RD 46,S JEFFERSON ST,,,,39.164304,-86.506992,LOCAL/CITY RD,N,URBAN,N,N,N,,DAYLIGHT,RAIN,WET,,NO JUNCTION INVOLVED,STRAIGHT/LEVEL,ASPHALT,FOLLOWING TOO CLOSELY,REAR END,E 3RDSTJEFFERSONST,NONE,2019-12-09 13:23:00,,,
MONROE SD,BLOOMINGTON,1,0.0,1.0,0.0,0.0,,,,ST RD 48,,,1500.0,W,,,ST RD,N,RURAL,N,N,N,,DARK (NOT LIGHTED),CLOUDY,WET,,NO JUNCTION INVOLVED,CURVE/GRADE,ASPHALT,RAN OFF RD RIGHT,RAN OFF RD,ST RD 48VERNALPK,NONE,2019-12-09 22:25:00,,,
ELLETTSVILLE PD,ELLETTSVILLE,2,0.0,1.0,0.0,0.0,,,,W ASSOCIATION,MUSTANG DR,,,,,,LOCAL/CITY RD,N,URBAN,N,N,N,,DAYLIGHT,RAIN,WET,,NO JUNCTION INVOLVED,STRAIGHT/GRADE,ASPHALT,FOLLOWING TOO CLOSELY,REAR END,ASSOCIATIONSTMUSTANGDR,NONE,2019-12-09 14:48:00,,,
BLOOMINGTON PD,BLOOMINGTON,2,0.0,1.0,0.0,0.0,,,,ST RD 46,S COLLEGE MALL RD,,150.0,E,39.16423501,-86.49787082,ST RD,N,URBAN,N,N,N,,DAYLIGHT,CLEAR,DRY,,NO JUNCTION INVOLVED,STRAIGHT/LEVEL,ASPHALT,FOLLOWING TOO CLOSELY,REAR END,COLLEGEMALLRDST RD 46E,NONE,2019-12-10 09:40:00,,,
ELLETTSVILLE PD,ELLETTSVILLE,2,0.0,0.0,0.0,0.0,,,,N HARTSTRAIT,W RATLIFF RD,,,,,,COUNTY RD,N,RURAL,N,N,N,,DAYLIGHT,CLEAR,DRY,,NO JUNCTION INVOLVED,STRAIGHT/HILLCREST,ASPHALT,DRIVER DISTRACTED - EXPLAIN IN NARRATIVE,REAR END,HARTSTRAITRDRATLIFFRDG,LN CONTROL,2019-12-10 08:10:00,,,
MONROE SD,BLOOMINGTON,1,0.0,0.0,0.0,1.0,,,,N WOODALL,N BOTTOM RD,,,,39.290288,-86.576992,COUNTY RD,N,RURAL,N,N,N,,DARK (NOT LIGHTED),CLEAR,DRY,,T-INTERSECTION,CURVE/LEVEL,ASPHALT,ANIMAL/OBJECT IN RDWAY,COLLISION WITH DEER,BOTTOMRDWOODALLRD,NONE,2019-12-10 18:04:00,,,
MONROE SD,BLOOMINGTON,1,0.0,0.0,0.0,1.0,,,,ST RD 45,W JOHN WILLIAMS LN,,100.0,E,,,ST RD,N,RURAL,N,N,N,,DARK (NOT LIGHTED),CLEAR,DRY,,NO JUNCTION INVOLVED,CURVE/HILLCREST,ASPHALT,ANIMAL/OBJECT IN RDWAY,COLLISION WITH DEER,JOHNWILLIAMSLNST RD 45E,NONE,2019-12-10 05:28:00,,,
MONROE SD,BLOOMINGTON,2,0.0,0.0,0.0,0.0,3585.0,,,ST RD 45,,,,,0.0,0.0,UNKNOWN,N,URBAN,N,N,N,,DAYLIGHT,CLEAR,DRY,,NO JUNCTION INVOLVED,STRAIGHT/LEVEL,ASPHALT,IMPROPER TURNING,RIGHT ANGLE,WIN45HWY,NONE,2019-12-10 18:23:00,,,
BLOOMINGTON PD,BLOOMINGTON,2,0.0,0.0,0.0,0.0,718.0,,,W DODDS,,,,,0.0,0.0,LOCAL/CITY RD,N,URBAN,N,N,N,,DAYLIGHT,CLEAR,DRY,,NO JUNCTION INVOLVED,STRAIGHT/LEVEL,ASPHALT,UNSAFE BACKING,BACKING CRASH,WDODDSST,NONE,2019-12-10 16:16:00,,,
INDIANA UNIV BLOOMINGTON PD,BLOOMINGTON,2,0.0,0.0,0.0,0.0,,,,N EAGLESON AVE,E LAW LN,,,,39.173552,-86.515488,LOCAL/CITY RD,N,URBAN,N,N,N,,DAYLIGHT,CLOUDY,DRY,,FOUR-WAY INTERSECTION,CURVE/LEVEL,ASPHALT,DISREGARD SIGNAL/REG SIGN,RIGHT ANGLE,EAGLESON AVEAVELAWLN,TRAFFIC CONTROL SIGNAL,2019-12-11 11:15:00,,,
MONROE SD,BLOOMINGTON,2,0.0,0.0,0.0,0.0,,,,N SMITH,W WOODYARD,,,,0.0,0.0,COUNTY RD,N,RURAL,N,N,N,,DAYLIGHT,CLEAR,DRY,,T-INTERSECTION,STRAIGHT/LEVEL,ASPHALT,FAILURE TO YIELD RIGHT OF WAY,RIGHT ANGLE,NSMITHPKWWOODYARDRD,STOP SIGN,2019-12-11 11:31:00,,,
MONROE SD,BLOOMINGTON,2,0.0,0.0,0.0,0.0,,,,N SMITH,W WOODYARD,,,,0.0,0.0,LOCAL/CITY RD,N,RURAL,N,N,N,,DAYLIGHT,CLEAR,DRY,,T-INTERSECTION,STRAIGHT/LEVEL,ASPHALT,FAILURE TO YIELD RIGHT OF WAY,OPPOSITE DIRECTION SIDESWIPE,NSMITHPKWWOODYARDRD,STOP SIGN,2019-12-11 15:20:00,,,
BLOOMINGTON PD,BLOOMINGTON,2,0.0,0.0,0.0,0.0,,,,ST RD 45,INDUSTRIAL BLVD,,,,,,LOCAL/CITY RD,N,URBAN,N,N,N,,DAWN/DUSK,CLEAR,DRY,,FOUR-WAY INTERSECTION,STRAIGHT/LEVEL,ASPHALT,DISREGARD SIGNAL/REG SIGN,RIGHT ANGLE,INDUSTRIALBLVDST RD 45 W,TRAFFIC CONTROL SIGNAL,2019-12-11 16:34:00,,,
ISP BLOOMINGTON 33,BLOOMINGTON,1,,0.0,0.0,0.0,,,,I-69 N,,,0.0,S,39.07807195,-86.58349282,INTERSTATE,,RURAL,N,N,N,,DARK (NOT LIGHTED),CLEAR,DRY,,NO JUNCTION INVOLVED,,CONCRETE,TOW HITCH FAILURE,RAN OFF RD,,,2019-12-11 18:05:00,,,
ISP BLOOMINGTON 33,BLOOMINGTON,1,,0.0,0.0,0.0,,,,I-69 N,,,0.0,S,39.07812192,-86.58347673,INTERSTATE,,RURAL,N,N,N,,DARK (NOT LIGHTED),CLEAR,DRY,,NO JUNCTION INVOLVED,,CONCRETE,ANIMAL/OBJECT IN RDWAY,COLLISION WITH OBJECT IN RD,,,2019-12-11 18:10:00,,,
ISP BLOOMINGTON 33,BLOOMINGTON,2,,0.0,0.0,0.0,,,,S WELMIR,RUNKLE LN,,0.0,S,39.164652,-86.582927,LOCAL/CITY RD,,URBAN,N,N,N,,DAYLIGHT,CLOUDY,DRY,,T-INTERSECTION,,ASPHALT,LEFT OF CENTER,LEFT TURN,,,2019-12-11 16:45:00,,,
BLOOMINGTON PD,BLOOMINGTON,2,0.0,2.0,0.0,0.0,,,,W COUNTRY CLUB,ENTRANCE TO CVS,,,,,,LOCAL/CITY RD,N,URBAN,N,N,N,,DAYLIGHT,CLOUDY,DRY,,FOUR-WAY INTERSECTION,STRAIGHT/GRADE,ASPHALT,FAILURE TO YIELD RIGHT OF WAY,RIGHT ANGLE,COUNTRYCLUBDRDRTOCVSDR,TRAFFIC CONTROL SIGNAL,2019-12-11 10:57:00,,,
MONROE SD,BLOOMINGTON,2,0.0,0.0,0.0,0.0,,,,W WOODYARD,W WALCOTT LN,,2300.0,W,39.201488,-86.601968,LOCAL/CITY RD,N,RURAL,N,N,N,,DAYLIGHT,CLEAR,DRY,,NO JUNCTION INVOLVED,STRAIGHT/LEVEL,ASPHALT,IMPROPER PASSING,RAN OFF RD,WWALCOTTLNWWOODYARDRD,NONE,2019-12-11 09:46:00,,,
ELLETTSVILLE PD,ELLETTSVILLE,2,0.0,0.0,0.0,0.0,,,,ST RD 46,N CENTENNIAL DR,,,,39.210144,-86.5832,ST RD,N,URBAN,N,N,N,,DAYLIGHT,CLEAR,DRY,,FOUR-WAY INTERSECTION,STRAIGHT/GRADE,ASPHALT,BRAKE FAILURE OR DEFECTIVE,REAR END,SMITHPKST RD 46 W,TRAFFIC CONTROL SIGNAL,2019-12-12 00:43:00,,,
BLOOMINGTON PD,BLOOMINGTON,2,0.0,0.0,0.0,0.0,,,,S WALNUT,W COUNTRY CLUB DR,,,,0.0,0.0,LOCAL/CITY RD,Y,URBAN,N,N,N,,DAYLIGHT,CLEAR,DRY,,FOUR-WAY INTERSECTION,STRAIGHT/GRADE,ASPHALT,DRIVER DISTRACTED - EXPLAIN IN NARRATIVE,REAR END,SWALNUTSTWCOUNTRYCLUBDR,TRAFFIC CONTROL SIGNAL,2019-12-12 15:24:00,,,
INDIANA UNIV BLOOMINGTON PD,BLOOMINGTON,2,0.0,0.0,0.0,0.0,,,,ST RD 45/46,N RANGE RD,,,,39.171504,-86.495312,ST RD,N,URBAN,N,N,N,,DARK (LIGHTED),CLEAR,DRY,,T-INTERSECTION,STRAIGHT/LEVEL,ASPHALT,FOLLOWING TOO CLOSELY,REAR END,RANGERDST RD 46E,NONE,2019-12-12 17:49:00,,,
INDIANA UNIV BLOOMINGTON PD,BLOOMINGTON,2,0.0,0.0,0.0,0.0,,,,E 3RD,N EAGLESON AVE,,,,,,LOCAL/CITY RD,N,URBAN,N,N,N,,DAYLIGHT,CLOUDY,DRY,,FOUR-WAY INTERSECTION,STRAIGHT/LEVEL,ASPHALT,IMPROPER TURNING,SAME DIRECTION SIDESWIPE,3RDSTEAGLESON AVEAVE,TRAFFIC CONTROL SIGNAL,2019-12-12 10:18:00,,,
MONROE SD,BLOOMINGTON,2,0.0,0.0,0.0,1.0,,,,I-69 S,,,200.0,S,,,INTERSTATE,N,RURAL,N,Y,N,,DARK (NOT LIGHTED),CLOUDY,DRY,,NO JUNCTION INVOLVED,STRAIGHT/LEVEL,ASPHALT,ANIMAL/OBJECT IN RDWAY,COLLISION WITH DEER,I121SI-69S,NONE,2019-12-12 05:42:00,,,
MONROE SD,BLOOMINGTON,1,0.0,0.0,0.0,0.0,,,,S KETCHAM,S ST RD 37,,,,0.0,0.0,LOCAL/CITY RD,N,RURAL,N,N,N,,DARK (NOT LIGHTED),CLEAR,DRY,,NO JUNCTION INVOLVED,CURVE/GRADE,ASPHALT,OTHER (DRIVER) - EXPLAIN IN NARRATIVE,NON-COLLISION,SOLDSTATERD37RDWKETCHAMRD,NONE,2019-12-12 18:25:00,,,
ISP BLOOMINGTON 33,BLOOMINGTON,2,,0.0,0.0,0.0,,,,ST RD 46,E 3RD ST,,100.0,N,39.16430414,-86.49831391,ST RD,,URBAN,N,N,N,,DAYLIGHT,CLOUDY,DRY,,NO JUNCTION INVOLVED,,ASPHALT,DRIVER DISTRACTED - EXPLAIN IN NARRATIVE,REAR END,,,2019-12-13 13:00:00,,,
INDIANA UNIV BLOOMINGTON PD,BLOOMINGTON,2,0.0,2.0,0.0,0.0,,,,E 3RD,S UNION ST,,,,,,LOCAL/CITY RD,N,URBAN,N,N,N,,DARK (LIGHTED),RAIN,WET,,T-INTERSECTION,STRAIGHT/LEVEL,ASPHALT,FAILURE TO YIELD RIGHT OF WAY,RIGHT ANGLE,3RDSTUNIONST,STOP SIGN,2019-12-13 21:34:00,,,
INDIANA UNIV BLOOMINGTON PD,BLOOMINGTON,1,0.0,1.0,0.0,0.0,,,,E ATWATER,N FESS AVE,,,,0.0,0.0,LOCAL/CITY RD,N,URBAN,N,N,N,,DAYLIGHT,CLOUDY,DRY,,FOUR-WAY INTERSECTION,STRAIGHT/LEVEL,ASPHALT,VIEW OBSTRUCTED,LEFT TURN,EATWATERAVESFESSAVE,STOP SIGN,2019-12-13 08:05:00,,,True
ISP BLOOMINGTON 33,BLOOMINGTON,1,,0.0,0.0,0.0,,,,I-69 S,,,1003.0,W,39.14978647,-86.57324585,INTERSTATE,,URBAN,N,N,N,,DAYLIGHT,CLOUDY,DRY,,NO JUNCTION INVOLVED,,CONCRETE,OTHER (ENVIRONMENTAL) - EXPLAIN IN NARR,NON-COLLISION,,,2019-12-13 15:56:00,,,
ELLETTSVILLE PD,ELLETTSVILLE,2,0.0,0.0,0.0,0.0,,,,ST RD 46,S RIDGE SPRINGS LN,,,,,,LOCAL/CITY RD,N,URBAN,N,N,N,,DAYLIGHT,CLOUDY,DRY,,NO JUNCTION INVOLVED,STRAIGHT/GRADE,ASPHALT,DRIVER ILLNESS,REAR END,RIDGESPRINGLNTEMPERTANCEST,LN CONTROL,2019-12-13 08:39:00,,,
MONROE SD,BLOOMINGTON,2,0.0,0.0,0.0,0.0,,,,W TAPP,S KEGG RD,,,,0.0,0.0,LOCAL/CITY RD,N,URBAN,N,N,N,,DARK (NOT LIGHTED),CLEAR,DRY,,T-INTERSECTION,STRAIGHT/LEVEL,ASPHALT,FOLLOWING TOO CLOSELY,REAR END,SOUTHKEGGRDWESTTAPPRD,NONE,2019-12-13 17:46:00,,,
BLOOMINGTON PD,BLOOMINGTON,2,0.0,1.0,0.0,0.0,,,,W 3RD,I-69,,,,39.164752,-86.573104,LOCAL/CITY RD,N,URBAN,N,N,N,,DAYLIGHT,CLOUDY,DRY,,FOUR-WAY INTERSECTION,STRAIGHT/LEVEL,ASPHALT,FOLLOWING TOO CLOSELY,REAR END,N ST RD 37W 3RDST,TRAFFIC CONTROL SIGNAL,2019-12-14 14:01:00,,,
INDIANA UNIV BLOOMINGTON PD,BLOOMINGTON,2,0.0,0.0,0.0,0.0,,,,ST RD 45/46,E 10TH ST,,100.0,N,39.17189797,-86.5022422,ST RD,Y,URBAN,N,N,N,,DARK (NOT LIGHTED),CLEAR,DRY,,FOUR-WAY INTERSECTION,STRAIGHT/LEVEL,ASPHALT,UNSAFE LN MOVEMENT,REAR END,ST RD 4610THST,TRAFFIC CONTROL SIGNAL,2019-12-14 19:10:00,,,
MONROE SD,BLOOMINGTON,1,0.0,0.0,0.0,0.0,,,,W TAPP,I-69,,,,,,COUNTY RD,Y,URBAN,N,N,N,,DARK (LIGHTED),CLEAR,DRY,,RAMP,STRAIGHT/LEVEL,ASPHALT,IMPROPER LN USAGE,OTHER - EXPLAIN IN NARRATIVE,I-69 NTAPPRD,NONE,2019-12-14 08:53:00,,,
BLOOMINGTON PD,BLOOMINGTON,1,0.0,0.0,0.0,0.0,,,,S WALNUT ST PK,E WINSLOW RD,,,,39.136144,-86.528688,LOCAL/CITY RD,N,URBAN,N,N,Y,WORK ON SHOULDER,DARK (NOT LIGHTED),CLOUDY,DRY,,FOUR-WAY INTERSECTION,STRAIGHT/GRADE,ASPHALT,UNSAFE LN MOVEMENT,OTHER - EXPLAIN IN NARRATIVE,EWINSLOWRDSWALNUTSTPK,YIELD SIGN,2019-12-14 19:10:00,,,
BLOOMINGTON PD,BLOOMINGTON,3,0.0,1.0,0.0,0.0,,,,W COUNTRY CLUB,S WALNUT ST,,,,0.0,0.0,LOCAL/CITY RD,N,URBAN,N,N,N,,DARK (LIGHTED),CLOUDY,DRY,,FOUR-WAY INTERSECTION,STRAIGHT/LEVEL,ASPHALT,FOLLOWING TOO CLOSELY,REAR END,SOUTHWALNUTSTWCOUNTRYCLUBRD,TRAFFIC CONTROL SIGNAL,2019-12-14 18:30:00,,,
BLOOMINGTON PD,BLOOMINGTON,2,0.0,0.0,0.0,0.0,,,,N WALNUT,E 10TH ST,,,,39.171744,-86.53352,LOCAL/CITY RD,Y,URBAN,N,N,N,,DAYLIGHT,CLOUDY,DRY,,FOUR-WAY INTERSECTION,STRAIGHT/GRADE,ASPHALT,,SAME DIRECTION SIDESWIPE,E 10THSTNWALNUTST,TRAFFIC CONTROL SIGNAL,2019-12-14 17:15:00,,,
BLOOMINGTON PD,BLOOMINGTON,2,0.0,0.0,0.0,0.0,,,,E ATWATER,S WOODLAWN AVE,,,,39.16328,-86.522592,LOCAL/CITY RD,N,URBAN,N,N,N,,DARK (LIGHTED),RAIN,WET,,FOUR-WAY INTERSECTION,STRAIGHT/GRADE,ASPHALT,DRIVER DISTRACTED - EXPLAIN IN NARRATIVE,REAR END,ATWATERAVEWOODLAWNAVE,TRAFFIC CONTROL SIGNAL,2019-12-14 02:09:00,,,
INDIANA UNIV BLOOMINGTON PD,BLOOMINGTON,3,0.0,1.0,0.0,0.0,,,,N EAGLESON AVE,E LINGELBACH LN,,100.0,N,0.0,0.0,LOCAL/CITY RD,N,URBAN,N,N,N,,DAWN/DUSK,CLEAR,DRY,,NO JUNCTION INVOLVED,CURVE/GRADE,ASPHALT,FOLLOWING TOO CLOSELY,REAR END,ELINGELBACHLNEAGLESON AVEAVE,NONE,2019-12-14 17:14:00,,,
BLOOMINGTON PD,BLOOMINGTON,3,0.0,0.0,0.0,0.0,,,,S HENDERSON,E N DR,,,,39.144848,-86.526848,LOCAL/CITY RD,N,URBAN,N,N,N,,DAYLIGHT,CLOUDY,WET,,FOUR-WAY INTERSECTION,STRAIGHT/LEVEL,ASPHALT,FAILURE TO YIELD RIGHT OF WAY,RIGHT ANGLE,NORTHDRSHENDERSONST,STOP SIGN,2019-12-14 08:20:00,,,
BLOOMINGTON PD,BLOOMINGTON,2,0.0,0.0,0.0,0.0,,,,S LIBERTY,ST RD 48,,,,0.0,0.0,LOCAL/CITY RD,Y,URBAN,N,N,N,,DARK (LIGHTED),SNOW,SNOW/SLUSH,,NO JUNCTION INVOLVED,STRAIGHT/LEVEL,ASPHALT,FOLLOWING TOO CLOSELY,REAR END,LIBERTYDRW 3RDST,TRAFFIC CONTROL SIGNAL,2019-12-15 17:28:00,,,
INDIANA UNIV BLOOMINGTON PD,BLOOMINGTON,2,0.0,0.0,0.0,0.0,,,,ST RD 45/46,E 17TH ST,,,,39.17984,-86.507088,ST RD,N,URBAN,N,N,N,,DARK (NOT LIGHTED),SNOW,SNOW/SLUSH,,T-INTERSECTION,CURVE/LEVEL,ASPHALT,SPEED TOO FAST FOR WEATHER CONDITIONS,REAR END,EAST17THSTST RD 46,TRAFFIC CONTROL SIGNAL,2019-12-15 17:38:00,,,
INDIANA UNIV BLOOMINGTON PD,BLOOMINGTON,2,0.0,0.0,0.0,0.0,,,,E 10TH,N EAGLESON AVE,,,,,,LOCAL/CITY RD,N,URBAN,N,N,N,,DARK (LIGHTED),SNOW,SNOW/SLUSH,,NO JUNCTION INVOLVED,STRAIGHT/GRADE,ASPHALT,SPEED TOO FAST FOR WEATHER CONDITIONS,REAR END,10THSTEAGLESON AVEAVE,LN CONTROL,2019-12-15 20:20:00,,,
ISP BLOOMINGTON 33,BLOOMINGTON,2,,0.0,0.0,0.0,,,,S ST RD 37,ST RD 37,,10.0,N,39.08559502,-86.54250842,ST RD,,RURAL,N,N,N,,DARK (NOT LIGHTED),SNOW,SNOW/SLUSH,,FOUR-WAY INTERSECTION,,ASPHALT,,RAN OFF RD,,,2019-12-15 18:16:00,,,
ELLETTSVILLE PD,ELLETTSVILLE,4,0.0,1.0,0.0,0.0,,,,ST RD 46,N CAPITOL AVE,,300.0,E,0.0,0.0,ST RD,N,URBAN,N,N,N,,DARK (LIGHTED),SNOW,SNOW/SLUSH,,NO JUNCTION INVOLVED,STRAIGHT/LEVEL,ASPHALT,RDWAY SURFACE CONDITION,OTHER - EXPLAIN IN NARRATIVE,NCAPITALAVEST RD 46 W,LN CONTROL,2019-12-15 17:43:00,,,
BLOOMINGTON PD,BLOOMINGTON,2,0.0,0.0,0.0,0.0,,,,W BLOOMFIELD,S BASSWOOD DR,,300.0,E,0.0,0.0,LOCAL/CITY RD,N,URBAN,N,N,N,,DARK (NOT LIGHTED),SNOW,SNOW/SLUSH,,NO JUNCTION INVOLVED,CURVE/GRADE,ASPHALT,RDWAY SURFACE CONDITION,SAME DIRECTION SIDESWIPE,SBASSWOODDRWBLOOMFIELDRD,NONE,2019-12-15 17:30:00,,,
INDIANA UNIV BLOOMINGTON PD,BLOOMINGTON,2,0.0,0.0,0.0,0.0,,,,E 17TH,N WALNUT GROVE ST,,,,39.17896,-86.521088,UNKNOWN,Y,URBAN,N,N,N,,DARK (LIGHTED),CLEAR,DRY,,NO JUNCTION INVOLVED,STRAIGHT/LEVEL,ASPHALT,OTHER (DRIVER) - EXPLAIN IN NARRATIVE,OTHER - EXPLAIN IN NARRATIVE,EAST17THSTWALNUTGROVEST,NONE,2019-12-15 06:00:00,,,
INDIANA UNIV BLOOMINGTON PD,BLOOMINGTON,2,0.0,0.0,0.0,0.0,,,,E 7TH,N EAGLESON AVE,,,,39.168944,-86.516016,LOCAL/CITY RD,N,URBAN,N,N,N,,DARK (NOT LIGHTED),SNOW,SNOW/SLUSH,,FOUR-WAY INTERSECTION,STRAIGHT/GRADE,ASPHALT,SPEED TOO FAST FOR WEATHER CONDITIONS,REAR END,E7THSTEAGLESON AVEAVE,STOP SIGN,2019-12-15 19:45:00,,,
MONROE SD,BLOOMINGTON,3,0.0,0.0,0.0,0.0,,,,E MOORES,S OLCOTT BLVD,,,,,,LOCAL/CITY RD,N,URBAN,N,N,N,,DARK (NOT LIGHTED),SNOW,SNOW/SLUSH,,T-INTERSECTION,STRAIGHT/GRADE,ASPHALT,FAILURE TO YIELD RIGHT OF WAY,OTHER - EXPLAIN IN NARRATIVE,MOORESPKOLCOTTBLVD,NONE,2019-12-15 18:00:00,,,
MONROE SD,BLOOMINGTON,2,0.0,0.0,0.0,0.0,,,,I-69 N,,,0.0,N,41.25258514,-85.0895301,INTERSTATE,Y,RURAL,N,N,N,,DARK (LIGHTED),SNOW,SNOW/SLUSH,,NO JUNCTION INVOLVED,STRAIGHT/LEVEL,ASPHALT,SPEED TOO FAST FOR WEATHER CONDITIONS,RAN OFF RD,I-69 N121.0,NONE,2019-12-15 19:05:00,,,
ISP BLOOMINGTON 33,BLOOMINGTON,10,,2.0,0.0,0.0,,,,I-69 S,,,739.0,N,39.2992861,-86.51849061,INTERSTATE,,RURAL,N,N,N,,DARK (NOT LIGHTED),SNOW,ICE,,NO JUNCTION INVOLVED,,ASPHALT,SPEED TOO FAST FOR WEATHER CONDITIONS,SAME DIRECTION SIDESWIPE,,,2019-12-15 18:10:00,,,
BLOOMINGTON PD,BLOOMINGTON,2,0.0,1.0,0.0,0.0,,,,I-69 S,,,500.0,S,0.0,0.0,INTERSTATE,N,URBAN,N,N,N,,DARK (LIGHTED),BLOWING SAND/SOIL/SNOW,SNOW/SLUSH,,NO JUNCTION INVOLVED,CURVE/GRADE,ASPHALT,SPEED TOO FAST FOR WEATHER CONDITIONS,REAR END,I-69SWSTATERD4546BYP,NONE,2019-12-15 17:30:00,,,
INDIANA UNIV BLOOMINGTON PD,BLOOMINGTON,2,0.0,0.0,0.0,0.0,,,,N INDIANA,E 4TH ST,,,,,,LOCAL/CITY RD,N,URBAN,N,N,N,,DAYLIGHT,CLEAR,DRY,,T-INTERSECTION,STRAIGHT/LEVEL,ASPHALT,IMPROPER TURNING,LEFT TURN,FOURTHSTINDIANAAVE,NONE,2019-12-15 12:14:00,,,
ELLETTSVILLE PD,ELLETTSVILLE,2,0.0,0.0,0.0,0.0,,,,N UNION VALLEY,N WILLOW BEND,,,,,,COUNTY RD,N,RURAL,N,N,N,,DARK (LIGHTED),SNOW,SNOW/SLUSH,,NO JUNCTION INVOLVED,STRAIGHT/GRADE,ASPHALT,RDWAY SURFACE CONDITION,OPPOSITE DIRECTION SIDESWIPE,UNIONVALLERDWILLOWBND,NONE,2019-12-15 17:32:00,,,
MONROE SD,BLOOMINGTON,1,0.0,0.0,0.0,0.0,,,,S BURCH,W EVANS RD,,,,39.079552,-86.666592,LOCAL/CITY RD,N,RURAL,N,N,N,,DARK (NOT LIGHTED),SNOW,SNOW/SLUSH,,NO JUNCTION INVOLVED,CURVE/GRADE,ASPHALT,RAN OFF RD RIGHT,RAN OFF RD,SBURCHRDWEVANSRD,NONE,2019-12-15 18:26:00,,,
BLOOMINGTON PD,BLOOMINGTON,1,0.0,0.0,0.0,0.0,,,,S CURRY,INDUSTRIAL BLVD,,,,0.0,0.0,LOCAL/CITY RD,N,URBAN,N,N,N,,DAWN/DUSK,SNOW,ICE,,T-INTERSECTION,STRAIGHT/LEVEL,ASPHALT,RDWAY SURFACE CONDITION,RAN OFF RD,SCURRYPKWINDUSTRIALBLVD,NONE,2019-12-15 17:15:00,,,
MONROE SD,BLOOMINGTON,2,0.0,0.0,0.0,0.0,,,,S FAIRFAX,E MOFFETT LN,,,,,,LOCAL/CITY RD,N,RURAL,N,N,N,,DARK (NOT LIGHTED),SNOW,SNOW/SLUSH,,T-INTERSECTION,STRAIGHT/GRADE,ASPHALT,SPEED TOO FAST FOR WEATHER CONDITIONS,OTHER - EXPLAIN IN NARRATIVE,FAIRFAXRDMOFFETTRD,STOP SIGN,2019-12-15 17:55:00,,,
MONROE SD,BLOOMINGTON,1,0.0,0.0,0.0,0.0,,,,S HARMONY,,,900.0,S,39.086544,-86.6384,LOCAL/CITY RD,N,RURAL,N,N,N,,DARK (NOT LIGHTED),SNOW,SNOW/SLUSH,,NO JUNCTION INVOLVED,STRAIGHT/GRADE,ASPHALT,RAN OFF RD RIGHT,RAN OFF RD,SHARMONYRDWKIRKSVILLERD,NO PASSING ZONE,2019-12-15 17:54:00,,,
MONROE SD,BLOOMINGTON,1,0.0,0.0,0.0,0.0,4585.0,,,S ST RD 37,,,,,39.064288,-86.541328,LOCAL/CITY RD,N,RURAL,N,N,N,,DARK (NOT LIGHTED),SLEET/HAIL/FREEZING RAIN,SNOW/SLUSH,,NO JUNCTION INVOLVED,STRAIGHT/GRADE,ASPHALT,RDWAY SURFACE CONDITION,RAN OFF RD,SOLDSTATE37RD,NONE,2019-12-15 20:28:00,,,
INDIANA UNIV BLOOMINGTON PD,BLOOMINGTON,2,0.0,0.0,0.0,0.0,,,,S UNION,E 3RD ST,,,,,,LOCAL/CITY RD,N,URBAN,N,N,N,,DARK (LIGHTED),SNOW,SNOW/SLUSH,,T-INTERSECTION,STRAIGHT/LEVEL,ASPHALT,SPEED TOO FAST FOR WEATHER CONDITIONS,REAR END,3RDSTUNIONST,STOP SIGN,2019-12-15 17:40:00,,,